fecha,cve_delegacion,delegacion,cve_subdelegacion,subdelegacion,asegurados,puestos,hombres,mujeres,no_binario,permanentes,eventuales,uma_hasta_2,uma_de_2_a_5,uma_mas_de_5,uma_sin_dato,salario_promedio
01/01/2016,39,Ciudad de México Norte ,11,Magdalena de las Salinas,601613,328058,199404,128654,0.0,287862,40196,114886,113670,99249,253,349.18
01/01/2016,39,Ciudad de México Norte ,16,Polanco,615145,592340,349173,243167,0.0,520566,71774,165408,168035,258164,733,538.73
01/01/2016,39,Ciudad de México Norte ,54,Santa MarÍa la Ribera,339600,237477,141331,96146,0.0,206736,30741,67763,87755,81852,107,416.39
01/01/2016,39,Ciudad de México Norte ,56,Guerrero,235839,191029,114351,76678,0.0,164703,26326,76559,62617,51650,203,317.6
01/01/2016,39,Ciudad de México Norte ,57,Centro,193175,175655,98841,76814,0.0,155956,19699,56035,47139,71652,829,476.97
01/01/2016,40,Ciudad de México Sur ,1,San Ángel,693659,321378,189638,131740,0.0,272208,49170,113718,104585,103010,65,406.09
01/01/2016,40,Ciudad de México Sur ,11,Santa Anita,238865,201630,123110,78520,0.0,182243,19387,77707,75866,47964,93,309.0
01/01/2016,40,Ciudad de México Sur ,54,Churubusco,615045,287768,175446,112322,0.0,248805,38963,132088,95492,59985,203,282.13
01/01/2016,40,Ciudad de México Sur ,58,Piedad Narvarte,524702,507237,302939,204298,0.0,431127,76110,155222,163744,188150,121,452.63
01/01/2016,40,Ciudad de México Sur ,6,Del Valle,336903,296940,177093,119847,0.0,258241,38699,96239,110533,89430,738,361.18
01/02/2016,39,Ciudad de México Norte ,11,Magdalena de las Salinas,601817,329595,200579,129016,0.0,288104,41491,116966,113382,98985,262,347.31
01/02/2016,39,Ciudad de México Norte ,16,Polanco,619021,596362,352481,243881,0.0,522601,73761,168887,167958,258706,811,538.05
01/02/2016,39,Ciudad de México Norte ,54,Santa MarÍa la Ribera,337570,235400,140154,95246,0.0,204982,30418,68678,87196,79420,106,409.95
01/02/2016,39,Ciudad de México Norte ,56,Guerrero,239234,197744,118807,78937,0.0,169154,28590,77768,63992,55761,223,327.32
01/02/2016,39,Ciudad de México Norte ,57,Centro,194422,176901,99663,77238,0.0,156794,20107,58134,46467,71471,829,472.67
01/02/2016,40,Ciudad de México Sur ,1,San Ángel,681614,324345,190693,133652,0.0,272290,52055,115830,105372,103079,64,403.59
01/02/2016,40,Ciudad de México Sur ,11,Santa Anita,238597,202812,124202,78610,0.0,183217,19595,78789,75749,48182,92,308.56
01/02/2016,40,Ciudad de México Sur ,54,Churubusco,616007,288493,175625,112868,0.0,248768,39725,132198,95844,60246,205,282.73
01/02/2016,40,Ciudad de México Sur ,58,Piedad Narvarte,529874,512423,305857,206566,0.0,434551,77872,160342,163437,188522,122,449.58
01/02/2016,40,Ciudad de México Sur ,6,Del Valle,346397,297886,177684,120202,0.0,258716,39170,97249,110319,89622,696,361.49
01/03/2016,39,Ciudad de México Norte ,11,Magdalena de las Salinas,610337,331730,203184,128546,0.0,289835,41895,118404,114844,98226,256,348.31
01/03/2016,39,Ciudad de México Norte ,16,Polanco,620682,597887,353493,244394,0.0,524382,73505,166543,170465,260069,810,534.73
01/03/2016,39,Ciudad de México Norte ,54,Santa MarÍa la Ribera,339351,237076,140997,96079,0.0,206419,30657,66553,91365,79051,107,399.18
01/03/2016,39,Ciudad de México Norte ,56,Guerrero,236568,195517,118001,77516,0.0,167174,28343,76474,63477,55357,209,324.83
01/03/2016,39,Ciudad de México Norte ,57,Centro,194111,176587,99857,76730,0.0,156891,19696,58049,47383,70337,818,482.19
01/03/2016,40,Ciudad de México Sur ,1,San Ángel,682149,324212,190988,133224,0.0,275545,48667,112212,109408,102527,65,406.0
01/03/2016,40,Ciudad de México Sur ,11,Santa Anita,236637,200766,122488,78278,0.0,181742,19024,77403,77081,46192,90,296.42
01/03/2016,40,Ciudad de México Sur ,54,Churubusco,566177,285662,172887,112775,0.0,244060,41602,130182,96747,58535,198,280.53
01/03/2016,40,Ciudad de México Sur ,58,Piedad Narvarte,534305,516845,308402,208443,0.0,437385,79460,161245,167887,187591,122,445.8
01/03/2016,40,Ciudad de México Sur ,6,Del Valle,348708,300573,179589,120984,0.0,260021,40552,96935,111872,91036,730,363.83
01/04/2016,39,Ciudad de México Norte ,11,Magdalena de las Salinas,586173,335613,205387,130226,0.0,293051,42562,120045,117274,98035,259,345.9
01/04/2016,39,Ciudad de México Norte ,16,Polanco,622460,599987,354705,245282,0.0,523873,76114,165668,172295,261207,817,536.5
01/04/2016,39,Ciudad de México Norte ,54,Santa MarÍa la Ribera,343116,240220,143051,97169,0.0,209232,30988,69441,91612,79058,109,395.52
01/04/2016,39,Ciudad de México Norte ,56,Guerrero,241457,195734,118053,77681,0.0,167416,28318,76471,63340,55716,207,326.17
01/04/2016,39,Ciudad de México Norte ,57,Centro,195198,177835,100292,77543,0.0,157048,20787,59048,47821,70145,821,478.12
01/04/2016,40,Ciudad de México Sur ,1,San Ángel,687850,325453,191332,134121,0.0,276054,49399,113960,108708,102719,66,406.11
01/04/2016,40,Ciudad de México Sur ,11,Santa Anita,238602,200244,122291,77953,0.0,181003,19241,77940,76029,46181,94,296.39
01/04/2016,40,Ciudad de México Sur ,54,Churubusco,557393,284878,171676,113202,0.0,242899,41979,129903,96847,57936,192,279.06
01/04/2016,40,Ciudad de México Sur ,58,Piedad Narvarte,536555,519267,309907,209360,0.0,438288,80979,164059,167359,187728,121,444.45
01/04/2016,40,Ciudad de México Sur ,6,Del Valle,353851,306293,182386,123907,0.0,265014,41279,101923,113455,90230,685,358.54
01/05/2016,39,Ciudad de México Norte ,11,Magdalena de las Salinas,583789,337372,206040,131332,0.0,295955,41417,120841,115779,100498,254,355.6
01/05/2016,39,Ciudad de México Norte ,16,Polanco,625359,603067,356622,246445,0.0,525996,77071,164898,176483,260858,828,550.73
01/05/2016,39,Ciudad de México Norte ,54,Santa MarÍa la Ribera,342889,238635,142653,95982,0.0,207517,31118,69184,90470,78870,111,404.55
01/05/2016,39,Ciudad de México Norte ,56,Guerrero,248173,196632,118008,78624,0.0,167571,29061,75653,64575,56185,219,328.42
01/05/2016,39,Ciudad de México Norte ,57,Centro,195482,178739,100839,77900,0.0,157057,21682,59630,47325,70964,820,484.63
01/05/2016,40,Ciudad de México Sur ,1,San Ángel,686656,328278,192822,135456,0.0,278277,50001,113984,110224,103997,73,407.11
01/05/2016,40,Ciudad de México Sur ,11,Santa Anita,237604,199199,121575,77624,0.0,179516,19683,76880,75587,46639,93,296.74
01/05/2016,40,Ciudad de México Sur ,54,Churubusco,539201,282158,170550,111608,0.0,242464,39694,127911,96755,57308,184,282.44
01/05/2016,40,Ciudad de México Sur ,58,Piedad Narvarte,541492,525028,313887,211141,0.0,443319,81709,166188,168824,189899,117,441.52
01/05/2016,40,Ciudad de México Sur ,6,Del Valle,352850,306372,182794,123578,0.0,264215,42157,98835,115455,91409,673,364.78
01/06/2016,39,Ciudad de México Norte ,11,Magdalena de las Salinas,562573,335453,203764,131689,0.0,293208,42245,123472,115571,96149,261,350.55
01/06/2016,39,Ciudad de México Norte ,16,Polanco,636370,614002,364787,249215,0.0,535942,78060,170489,175852,266829,832,547.25
01/06/2016,39,Ciudad de México Norte ,54,Santa MarÍa la Ribera,344614,242194,144663,97531,0.0,211014,31180,70800,91284,79997,113,404.85
01/06/2016,39,Ciudad de México Norte ,56,Guerrero,221565,197251,118191,79060,0.0,167647,29604,76337,64367,56315,232,326.92
01/06/2016,39,Ciudad de México Norte ,57,Centro,193196,177391,99982,77409,0.0,156461,20930,58810,46980,70771,830,488.42
01/06/2016,40,Ciudad de México Sur ,1,San Ángel,656374,328572,192990,135582,0.0,278597,49975,113823,111214,103458,77,406.03
01/06/2016,40,Ciudad de México Sur ,11,Santa Anita,240135,200883,122506,78377,0.0,180641,20242,78084,76010,46695,94,294.49
01/06/2016,40,Ciudad de México Sur ,54,Churubusco,531131,283393,171678,111715,0.0,244304,39089,129038,96849,57322,184,281.74
01/06/2016,40,Ciudad de México Sur ,58,Piedad Narvarte,541954,525654,313019,212635,0.0,444327,81327,168011,167885,189644,114,439.79
01/06/2016,40,Ciudad de México Sur ,6,Del Valle,353773,306467,182890,123577,0.0,263867,42600,100243,114769,90781,674,363.12
01/07/2016,39,Ciudad de México Norte ,11,Magdalena de las Salinas,558911,335070,204056,131014,0.0,293910,41160,120849,116501,97462,258,344.81
01/07/2016,39,Ciudad de México Norte ,16,Polanco,642234,619895,368495,251400,0.0,540015,79880,169330,177358,272411,796,540.48
01/07/2016,39,Ciudad de México Norte ,54,Santa MarÍa la Ribera,345209,243767,145360,98407,0.0,212912,30855,71285,93182,79212,88,399.8
01/07/2016,39,Ciudad de México Norte ,56,Guerrero,226221,197504,118302,79202,0.0,166979,30525,75598,64294,57377,235,328.27
01/07/2016,39,Ciudad de México Norte ,57,Centro,197179,179607,101748,77859,0.0,157558,22049,59593,47011,72174,829,476.84
01/07/2016,40,Ciudad de México Sur ,1,San Ángel,667433,332012,196238,135774,0.0,281250,50762,114261,113137,104539,75,403.14
01/07/2016,40,Ciudad de México Sur ,11,Santa Anita,229708,199904,121393,78511,0.0,179796,20108,75807,77814,46190,93,298.21
01/07/2016,40,Ciudad de México Sur ,54,Churubusco,489651,281167,171169,109998,0.0,242038,39129,125498,97753,57736,180,281.57
01/07/2016,40,Ciudad de México Sur ,58,Piedad Narvarte,550019,535675,317565,218110,0.0,452878,82797,171620,170364,193579,112,440.14
01/07/2016,40,Ciudad de México Sur ,6,Del Valle,351403,305118,180852,124266,0.0,262883,42235,96327,115611,92512,668,366.16
01/08/2016,39,Ciudad de México Norte ,11,Magdalena de las Salinas,572485,328771,197602,131169,0.0,291842,36929,118507,112589,97423,252,348.83
01/08/2016,39,Ciudad de México Norte ,16,Polanco,644176,621984,369930,252054,0.0,541798,80186,170572,176583,273800,1029,540.7
01/08/2016,39,Ciudad de México Norte ,54,Santa MarÍa la Ribera,349970,248236,149449,98787,0.0,217285,30951,74137,92803,81209,87,398.71
01/08/2016,39,Ciudad de México Norte ,56,Guerrero,229392,197564,118277,79287,0.0,167456,30108,75321,64575,57442,226,328.89
01/08/2016,39,Ciudad de México Norte ,57,Centro,197933,179390,101315,78075,0.0,157593,21797,59776,47030,71735,849,475.88
01/08/2016,40,Ciudad de México Sur ,1,San Ángel,720393,330713,194838,135875,0.0,279269,51444,114289,111683,104656,85,404.16
01/08/2016,40,Ciudad de México Sur ,11,Santa Anita,234148,199944,121553,78391,0.0,179721,20223,76100,77566,46183,95,297.96
01/08/2016,40,Ciudad de México Sur ,54,Churubusco,559265,291591,179420,112171,0.0,246380,45211,131272,102030,58106,183,277.44
01/08/2016,40,Ciudad de México Sur ,58,Piedad Narvarte,551757,536650,318761,217889,0.0,453580,83070,173782,170229,192535,104,437.98
01/08/2016,40,Ciudad de México Sur ,6,Del Valle,357270,308780,183379,125401,0.0,266265,42515,101140,114911,92061,668,361.78
01/09/2016,39,Ciudad de México Norte ,11,Magdalena de las Salinas,561995,327354,195808,131546,0.0,290054,37300,115512,113809,97796,237,348.88
01/09/2016,39,Ciudad de México Norte ,16,Polanco,649473,627147,372972,254175,0.0,547312,79835,175613,179696,270860,978,531.88
01/09/2016,39,Ciudad de México Norte ,54,Santa MarÍa la Ribera,354276,252977,151890,101087,0.0,219239,33738,76542,95408,80939,88,391.69
01/09/2016,39,Ciudad de México Norte ,56,Guerrero,225249,199075,119290,79785,0.0,168528,30547,74959,67447,56437,232,326.66
01/09/2016,39,Ciudad de México Norte ,57,Centro,193519,177837,99906,77931,0.0,155793,22044,58484,47432,71071,850,476.09
01/09/2016,40,Ciudad de México Sur ,1,San Ángel,731416,332751,195520,137231,0.0,282346,50405,115086,112743,104840,82,405.98
01/09/2016,40,Ciudad de México Sur ,11,Santa Anita,238975,201531,122475,79056,0.0,180606,20925,77615,77724,46102,90,296.26
01/09/2016,40,Ciudad de México Sur ,54,Churubusco,572515,298437,182794,115643,0.0,253740,44697,137005,103260,57993,179,275.17
01/09/2016,40,Ciudad de México Sur ,58,Piedad Narvarte,557230,542001,321431,220570,0.0,456900,85101,176826,174238,190837,100,434.68
01/09/2016,40,Ciudad de México Sur ,6,Del Valle,358257,310570,185145,125425,0.0,267759,42811,98477,118756,92671,666,360.78
01/10/2016,39,Ciudad de México Norte ,11,Magdalena de las Salinas,559351,325365,194713,130652,0.0,287318,38047,116141,111225,97757,242,349.76
01/10/2016,39,Ciudad de México Norte ,16,Polanco,659476,637030,378895,258135,0.0,555242,81788,181338,182221,272489,982,528.03
01/10/2016,39,Ciudad de México Norte ,54,Santa MarÍa la Ribera,356661,254675,152318,102357,0.0,220894,33781,78350,95248,80988,89,390.12
01/10/2016,39,Ciudad de México Norte ,56,Guerrero,228117,200806,120344,80462,0.0,168611,32195,76073,67826,56671,236,325.73
01/10/2016,39,Ciudad de México Norte ,57,Centro,196752,180170,101603,78567,0.0,157451,22719,60363,47605,71352,850,471.7
01/10/2016,40,Ciudad de México Sur ,1,San Ángel,735042,333415,196160,137255,0.0,283449,49966,115730,112992,104606,87,404.6
01/10/2016,40,Ciudad de México Sur ,11,Santa Anita,237676,199703,122097,77606,0.0,178867,20836,76077,77470,46068,88,298.67
01/10/2016,40,Ciudad de México Sur ,54,Churubusco,588266,308020,187438,120582,0.0,263799,44221,140184,109185,58472,179,272.22
01/10/2016,40,Ciudad de México Sur ,58,Piedad Narvarte,562499,547073,324231,222842,0.0,462382,84691,180805,174707,191466,95,432.56
01/10/2016,40,Ciudad de México Sur ,6,Del Valle,365568,317135,188053,129082,0.0,271748,45387,104001,119814,92652,668,356.55
01/11/2016,39,Ciudad de México Norte ,11,Magdalena de las Salinas,561072,326730,195236,131494,0.0,288860,37870,115215,112978,98301,236,350.12
01/11/2016,39,Ciudad de México Norte ,16,Polanco,668116,645727,384020,261707,0.0,560490,85237,179365,189139,276246,977,527.59
01/11/2016,39,Ciudad de México Norte ,54,Santa MarÍa la Ribera,361136,258927,155145,103782,0.0,224165,34762,78143,97648,83049,87,390.82
01/11/2016,39,Ciudad de México Norte ,56,Guerrero,230730,202836,121818,81018,0.0,170365,32471,76542,68003,58040,251,329.11
01/11/2016,39,Ciudad de México Norte ,57,Centro,198982,182203,102793,79410,0.0,159257,22946,61104,49463,70797,839,459.72
01/11/2016,40,Ciudad de México Sur ,1,San Ángel,764186,334764,197017,137747,0.0,283723,51041,114758,114137,105791,78,404.13
01/11/2016,40,Ciudad de México Sur ,11,Santa Anita,240072,201810,123269,78541,0.0,180350,21460,76961,77717,47047,85,298.2
01/11/2016,40,Ciudad de México Sur ,54,Churubusco,584799,303363,184346,119017,0.0,260412,42951,136404,108288,58495,176,273.3
01/11/2016,40,Ciudad de México Sur ,58,Piedad Narvarte,556540,541035,320326,220709,0.0,458851,82184,176622,177645,186673,95,425.42
01/11/2016,40,Ciudad de México Sur ,6,Del Valle,366710,318286,188762,129524,0.0,273468,44818,101490,122029,94108,659,358.95
01/12/2016,39,Ciudad de México Norte ,11,Magdalena de las Salinas,560630,323309,193163,130146,0.0,286895,36414,110160,113750,99162,237,354.67
01/12/2016,39,Ciudad de México Norte ,16,Polanco,656014,633575,374883,258692,0.0,555832,77743,176594,182498,273503,980,531.56
01/12/2016,39,Ciudad de México Norte ,54,Santa MarÍa la Ribera,276886,265710,160153,105557,0.0,235654,30056,78445,94911,81821,10533,391.86
01/12/2016,39,Ciudad de México Norte ,56,Guerrero,228892,201208,120743,80465,0.0,169588,31620,75831,67161,57981,235,329.46
01/12/2016,39,Ciudad de México Norte ,57,Centro,196103,179118,100407,78711,0.0,157522,21596,59472,48709,70100,837,463.32
01/12/2016,40,Ciudad de México Sur ,1,San Ángel,760822,331013,193781,137232,0.0,281076,49937,115395,109701,105829,88,406.67
01/12/2016,40,Ciudad de México Sur ,11,Santa Anita,237565,199148,122040,77108,0.0,180123,19025,76352,76062,46648,86,297.77
01/12/2016,40,Ciudad de México Sur ,54,Churubusco,534222,293258,176450,116808,0.0,252974,40284,131570,104118,57391,179,275.62
01/12/2016,40,Ciudad de México Sur ,58,Piedad Narvarte,608181,530903,313841,217062,0.0,452277,78626,173177,173134,184498,94,427.05
01/12/2016,40,Ciudad de México Sur ,6,Del Valle,360698,312458,185563,126895,0.0,270992,41466,98969,119558,93270,661,360.93
01/01/2017,39,Ciudad de México Norte ,11,Magdalena de las Salinas,560379,322865,193866,128999,0.0,285746,37119,116571,111654,94403,237,369.47
01/01/2017,39,Ciudad de México Norte ,16,Polanco,650019,627635,371633,256002,0.0,553014,74621,187755,173584,265321,975,550.11
01/01/2017,39,Ciudad de México Norte ,54,Santa MarÍa la Ribera,278871,267568,161927,105641,0.0,236103,31465,87129,88914,80988,10537,412.09
01/01/2017,39,Ciudad de México Norte ,56,Guerrero,230240,202666,121712,80954,0.0,170005,32661,82649,65379,54389,249,341.05
01/01/2017,39,Ciudad de México Norte ,57,Centro,195345,178206,99933,78273,0.0,156571,21635,62146,46404,68849,807,483.03
01/01/2017,40,Ciudad de México Sur ,1,San Ángel,765029,331515,194510,137005,0.0,282479,49036,123964,103554,103911,86,422.43
01/01/2017,40,Ciudad de México Sur ,11,Santa Anita,237327,198777,122122,76655,0.0,179453,19324,82292,70992,45409,84,325.45
01/01/2017,40,Ciudad de México Sur ,54,Churubusco,539940,297788,180259,117529,0.0,257987,39801,145295,96857,55458,178,285.68
01/01/2017,40,Ciudad de México Sur ,58,Piedad Narvarte,608145,530782,315591,215191,0.0,453123,77659,189929,163211,177545,97,440.6
01/01/2017,40,Ciudad de México Sur ,6,Del Valle,357506,310386,185008,125378,0.0,269989,40397,110481,112853,86394,658,371.69
01/02/2017,39,Ciudad de México Norte ,11,Magdalena de las Salinas,572625,324329,194497,129832,0.0,286733,37596,110576,112412,101100,241,370.17
01/02/2017,39,Ciudad de México Norte ,16,Polanco,646357,624076,370045,254031,0.0,549281,74795,174236,174521,274367,952,555.21
01/02/2017,39,Ciudad de México Norte ,54,Santa MarÍa la Ribera,282348,271020,164218,106802,0.0,237054,33966,80929,93145,85503,11443,411.98
01/02/2017,39,Ciudad de México Norte ,56,Guerrero,231703,203620,122372,81248,0.0,170895,32725,78207,66676,58488,249,342.41
01/02/2017,39,Ciudad de México Norte ,57,Centro,194961,177818,99918,77900,0.0,155850,21968,58294,47557,71156,811,485.42
01/02/2017,40,Ciudad de México Sur ,1,San Ángel,766655,331751,194127,137624,0.0,282625,49126,115987,106015,109655,94,425.39
01/02/2017,40,Ciudad de México Sur ,11,Santa Anita,242617,203795,124289,79506,0.0,184056,19739,80999,73303,49407,86,322.6
01/02/2017,40,Ciudad de México Sur ,54,Churubusco,542131,299678,181360,118318,0.0,259280,40398,137544,102347,59606,181,285.53
01/02/2017,40,Ciudad de México Sur ,58,Piedad Narvarte,611939,534483,318363,216120,0.0,457980,76503,179743,167974,186665,101,441.07
01/02/2017,40,Ciudad de México Sur ,6,Del Valle,368594,319417,190108,129309,0.0,276446,42971,104542,120742,93477,656,369.29
01/03/2017,39,Ciudad de México Norte ,11,Magdalena de las Salinas,579110,329427,196532,132895,0.0,291294,38133,114405,113623,101164,235,374.23
01/03/2017,39,Ciudad de México Norte ,16,Polanco,647925,625560,371040,254520,0.0,550799,74761,173580,175392,275658,930,554.48
01/03/2017,39,Ciudad de México Norte ,54,Santa MarÍa la Ribera,282968,271547,164686,106861,0.0,237765,33782,79364,96449,84316,11418,406.03
01/03/2017,39,Ciudad de México Norte ,56,Guerrero,231959,203797,123087,80710,0.0,170857,32940,77247,68819,57475,256,337.9
01/03/2017,39,Ciudad de México Norte ,57,Centro,195462,178269,100180,78089,0.0,156260,22009,58050,48715,70680,824,494.32
01/03/2017,40,Ciudad de México Sur ,1,San Ángel,784338,334943,196061,138882,0.0,285175,49768,118503,108621,107727,92,424.32
01/03/2017,40,Ciudad de México Sur ,11,Santa Anita,240523,201804,123616,78188,0.0,182190,19614,79877,73723,48120,84,309.81
01/03/2017,40,Ciudad de México Sur ,54,Churubusco,540796,298239,180290,117949,0.0,257672,40567,136054,103420,58590,175,285.55
01/03/2017,40,Ciudad de México Sur ,58,Piedad Narvarte,613905,537139,319904,217235,0.0,459722,77417,178224,174245,184576,94,437.96
01/03/2017,40,Ciudad de México Sur ,6,Del Valle,373627,324443,193223,131220,0.0,280589,43854,103175,125113,95535,620,371.47
01/04/2017,39,Ciudad de México Norte ,11,Magdalena de las Salinas,571854,326607,195744,130863,0.0,287829,38778,111784,111687,102902,234,378.88
01/04/2017,39,Ciudad de México Norte ,16,Polanco,648181,625711,370753,254958,0.0,549864,75847,173386,176001,275395,929,554.31
01/04/2017,39,Ciudad de México Norte ,54,Santa MarÍa la Ribera,279726,268326,163389,104937,0.0,234592,33734,79701,94920,83815,9890,406.63
01/04/2017,39,Ciudad de México Norte ,56,Guerrero,230468,202164,121954,80210,0.0,169156,33008,74252,69608,58036,268,343.73
01/04/2017,39,Ciudad de México Norte ,57,Centro,195503,178257,100214,78043,0.0,155891,22366,58167,48783,70473,834,493.4
01/04/2017,40,Ciudad de México Sur ,1,San Ángel,779038,329698,191521,138177,0.0,280562,49136,121412,104186,104000,100,419.54
01/04/2017,40,Ciudad de México Sur ,11,Santa Anita,241310,202618,124201,78417,0.0,182578,20040,81021,73573,47942,82,308.45
01/04/2017,40,Ciudad de México Sur ,54,Churubusco,542561,299467,179985,119482,0.0,259335,40132,136562,102768,59961,176,289.76
01/04/2017,40,Ciudad de México Sur ,58,Piedad Narvarte,615668,538694,319962,218732,0.0,460932,77762,180392,171752,186436,114,440.88
01/04/2017,40,Ciudad de México Sur ,6,Del Valle,379863,330893,197109,133784,0.0,287345,43548,109848,125032,95372,641,366.72
01/05/2017,39,Ciudad de México Norte ,11,Magdalena de las Salinas,576205,331034,198206,132828,0.0,291344,39690,113775,113089,103942,228,384.5
01/05/2017,39,Ciudad de México Norte ,16,Polanco,648944,626846,371360,255486,0.0,549167,77679,168622,181111,276188,925,572.56
01/05/2017,39,Ciudad de México Norte ,54,Santa MarÍa la Ribera,282194,270783,165344,105439,0.0,237044,33739,79539,96852,84502,9890,412.55
01/05/2017,39,Ciudad de México Norte ,56,Guerrero,230928,202662,122002,80660,0.0,169491,33171,76694,67798,57919,251,342.15
01/05/2017,39,Ciudad de México Norte ,57,Centro,196380,179143,100689,78454,0.0,156528,22615,58143,48733,71435,832,506.37
01/05/2017,40,Ciudad de México Sur ,1,San Ángel,777708,328333,191029,137304,0.0,279297,49036,117427,105432,105377,97,422.01
01/05/2017,40,Ciudad de México Sur ,11,Santa Anita,243699,205029,125561,79468,0.0,184979,20050,81557,75023,48373,76,307.28
01/05/2017,40,Ciudad de México Sur ,54,Churubusco,545237,300160,180379,119781,0.0,260795,39365,134839,104801,60348,172,293.23
01/05/2017,40,Ciudad de México Sur ,58,Piedad Narvarte,619055,542024,322712,219312,0.0,463976,78048,180171,175147,186598,108,440.48
01/05/2017,40,Ciudad de México Sur ,6,Del Valle,377875,328976,196241,132735,0.0,284042,44934,103121,129204,96012,639,374.54
01/06/2017,39,Ciudad de México Norte ,11,Magdalena de las Salinas,578055,333973,199498,134475,0.0,293541,40432,116327,113399,104016,231,382.08
01/06/2017,39,Ciudad de México Norte ,16,Polanco,655897,633701,375665,258036,0.0,554452,79249,174498,182229,276045,929,567.15
01/06/2017,39,Ciudad de México Norte ,54,Santa MarÍa la Ribera,279133,267691,163170,104521,0.0,233889,33802,76842,96660,84551,9638,416.32
01/06/2017,39,Ciudad de México Norte ,56,Guerrero,229281,201027,120933,80094,0.0,168122,32905,75037,67828,57906,256,343.34
01/06/2017,39,Ciudad de México Norte ,57,Centro,197212,179967,100400,79567,0.0,158469,21498,58819,48982,71342,824,504.4
01/06/2017,40,Ciudad de México Sur ,1,San Ángel,780784,330918,192961,137957,0.0,281252,49666,119078,105240,106500,100,423.55
01/06/2017,40,Ciudad de México Sur ,11,Santa Anita,244704,206073,126079,79994,0.0,185367,20706,84184,74325,47489,75,301.53
01/06/2017,40,Ciudad de México Sur ,54,Churubusco,544751,299192,180143,119049,0.0,258401,40791,134763,104156,60102,171,293.21
01/06/2017,40,Ciudad de México Sur ,58,Piedad Narvarte,619198,542029,321614,220415,0.0,463525,78504,182458,172561,186895,115,441.01
01/06/2017,40,Ciudad de México Sur ,6,Del Valle,381680,332825,198034,134791,0.0,286944,45881,106841,129579,95768,637,371.42
01/07/2017,39,Ciudad de México Norte ,11,Magdalena de las Salinas,578996,335401,200425,134976,0.0,294822,40579,114019,116177,104979,226,375.18
01/07/2017,39,Ciudad de México Norte ,16,Polanco,652045,629655,372902,256753,0.0,548799,80856,167582,178708,282474,891,565.65
01/07/2017,39,Ciudad de México Norte ,54,Santa MarÍa la Ribera,276403,265363,161403,103960,0.0,231815,33548,75335,97259,83151,9618,413.85
01/07/2017,39,Ciudad de México Norte ,56,Guerrero,229547,201652,121614,80038,0.0,167968,33684,73842,67955,59598,257,346.95
01/07/2017,39,Ciudad de México Norte ,57,Centro,200298,183147,102767,80380,0.0,161516,21631,60293,50768,71255,831,481.57
01/07/2017,40,Ciudad de México Sur ,1,San Ángel,794919,336155,194881,141274,0.0,285777,50378,120158,107868,108029,100,421.35
01/07/2017,40,Ciudad de México Sur ,11,Santa Anita,245348,206790,126489,80301,0.0,185628,21162,83811,74795,48102,82,305.44
01/07/2017,40,Ciudad de México Sur ,54,Churubusco,543167,298152,182862,115290,0.0,257156,40996,132947,105043,59998,164,290.51
01/07/2017,40,Ciudad de México Sur ,58,Piedad Narvarte,627521,551137,326387,224750,0.0,469376,81761,182539,175714,192766,118,443.61
01/07/2017,40,Ciudad de México Sur ,6,Del Valle,384359,330063,195436,134627,0.0,286066,43997,103497,128790,97136,640,371.14
01/08/2017,39,Ciudad de México Norte ,11,Magdalena de las Salinas,577139,335483,200151,135332,0.0,293770,41713,114104,115949,105206,224,375.42
01/08/2017,39,Ciudad de México Norte ,16,Polanco,637393,614918,365574,249344,0.0,532045,82873,157573,172857,283799,689,578.43
01/08/2017,39,Ciudad de México Norte ,54,Santa MarÍa la Ribera,276174,265124,160962,104162,0.0,231885,33239,76436,95874,83007,9807,413.43
01/08/2017,39,Ciudad de México Norte ,56,Guerrero,229850,201711,121929,79782,0.0,167326,34385,73633,67740,60092,246,348.65
01/08/2017,39,Ciudad de México Norte ,57,Centro,200938,183866,103242,80624,0.0,162053,21813,60457,51494,71070,845,479.93
01/08/2017,40,Ciudad de México Sur ,1,San Ángel,848794,350378,203377,147001,0.0,300135,50243,130348,111324,108603,103,409.27
01/08/2017,40,Ciudad de México Sur ,11,Santa Anita,245977,207503,126563,80940,0.0,186886,20617,84639,74855,47928,81,304.54
01/08/2017,40,Ciudad de México Sur ,54,Churubusco,596594,311559,191719,119840,0.0,268816,42743,141129,108537,61727,166,286.83
01/08/2017,40,Ciudad de México Sur ,58,Piedad Narvarte,623653,547050,323328,223722,0.0,464826,82224,182533,172316,192091,110,445.05
01/08/2017,40,Ciudad de México Sur ,6,Del Valle,386995,332819,197522,135297,0.0,288031,44788,108156,127351,96672,640,367.62
01/09/2017,39,Ciudad de México Norte ,11,Magdalena de las Salinas,582665,337828,201327,136501,0.0,296152,41676,113041,117996,106570,221,373.92
01/09/2017,39,Ciudad de México Norte ,16,Polanco,637998,615502,365195,250307,0.0,532722,82780,158377,173697,282810,618,574.48
01/09/2017,39,Ciudad de México Norte ,54,Santa MarÍa la Ribera,275081,264190,159013,105177,0.0,228683,35507,76086,96568,81737,9799,410.47
01/09/2017,39,Ciudad de México Norte ,56,Guerrero,231341,201892,122029,79863,0.0,167385,34507,73693,69175,58760,264,345.85
01/09/2017,39,Ciudad de México Norte ,57,Centro,207586,190330,108181,82149,0.0,168064,22266,62914,53549,73049,818,477.01
01/09/2017,40,Ciudad de México Sur ,1,San Ángel,852907,350104,202702,147402,0.0,299603,50501,130040,114210,105754,100,405.28
01/09/2017,40,Ciudad de México Sur ,11,Santa Anita,247187,206499,126059,80440,0.0,186311,20188,83344,75395,47677,83,304.7
01/09/2017,40,Ciudad de México Sur ,54,Churubusco,583463,311622,191108,120514,0.0,269635,41987,139105,109673,62673,171,292.13
01/09/2017,40,Ciudad de México Sur ,58,Piedad Narvarte,623954,548434,323594,224840,0.0,468026,80408,181929,173310,193081,114,446.28
01/09/2017,40,Ciudad de México Sur ,6,Del Valle,389868,335046,197843,137203,0.0,290938,44108,107817,128834,97755,640,367.06
01/10/2017,39,Ciudad de México Norte ,11,Magdalena de las Salinas,589145,340337,202863,137474,0.0,298573,41764,115793,117348,106977,219,372.72
01/10/2017,39,Ciudad de México Norte ,16,Polanco,644877,622509,369007,253502,0.0,536227,86282,160836,175565,285487,621,573.59
01/10/2017,39,Ciudad de México Norte ,54,Santa MarÍa la Ribera,277610,266984,160898,106086,0.0,230307,36677,77796,97203,81465,10520,407.14
01/10/2017,39,Ciudad de México Norte ,56,Guerrero,235598,205210,123990,81220,0.0,169309,35901,75630,69578,59760,242,345.75
01/10/2017,39,Ciudad de México Norte ,57,Centro,209991,192155,109427,82728,0.0,168684,23471,63782,54354,73176,843,475.21
01/10/2017,40,Ciudad de México Sur ,1,San Ángel,854826,351417,204710,146707,0.0,300373,51044,131576,113725,106016,100,405.0
01/10/2017,40,Ciudad de México Sur ,11,Santa Anita,233194,209864,128073,81791,0.0,188866,20998,84917,76565,48297,85,304.34
01/10/2017,40,Ciudad de México Sur ,54,Churubusco,516903,309806,189706,120100,0.0,266653,43153,137168,108983,63483,172,294.95
01/10/2017,40,Ciudad de México Sur ,58,Piedad Narvarte,619579,547979,324197,223782,0.0,468797,79182,185724,170382,191757,116,443.97
01/10/2017,40,Ciudad de México Sur ,6,Del Valle,393588,337573,199315,138258,0.0,291594,45979,110703,128410,97818,642,365.07
01/11/2017,39,Ciudad de México Norte ,11,Magdalena de las Salinas,586228,337104,200101,137003,0.0,295869,41235,114030,117155,105709,210,374.08
01/11/2017,39,Ciudad de México Norte ,16,Polanco,644867,622432,368383,254049,0.0,537508,84924,158361,178782,284669,620,573.03
01/11/2017,39,Ciudad de México Norte ,54,Santa MarÍa la Ribera,280516,269703,162537,107166,0.0,233694,36009,75585,100143,83453,10522,409.53
01/11/2017,39,Ciudad de México Norte ,56,Guerrero,237631,205708,124260,81448,0.0,169148,36560,74874,70693,59887,254,346.37
01/11/2017,39,Ciudad de México Norte ,57,Centro,210135,192003,109490,82513,0.0,168632,23371,63328,54607,73199,869,469.93
01/11/2017,40,Ciudad de México Sur ,1,San Ángel,862093,356105,206656,149449,0.0,304499,51606,129355,117472,109178,100,408.24
01/11/2017,40,Ciudad de México Sur ,11,Santa Anita,230285,206300,125626,80674,0.0,185973,20327,81543,76279,48392,86,306.01
01/11/2017,40,Ciudad de México Sur ,54,Churubusco,524240,314001,192038,121963,0.0,268230,45771,137923,111675,64233,170,292.97
01/11/2017,40,Ciudad de México Sur ,58,Piedad Narvarte,632048,560438,331048,229390,0.0,476798,83640,189071,176167,195087,113,440.92
01/11/2017,40,Ciudad de México Sur ,6,Del Valle,393192,336928,198825,138103,0.0,290493,46435,107111,130431,98745,641,367.72
01/12/2017,39,Ciudad de México Norte ,11,Magdalena de las Salinas,600033,335943,199304,136639,0.0,296372,39571,113515,115952,106262,214,378.03
01/12/2017,39,Ciudad de México Norte ,16,Polanco,643227,620973,366539,254434,0.0,539656,81317,157190,177395,285768,620,576.87
01/12/2017,39,Ciudad de México Norte ,54,Santa MarÍa la Ribera,271346,260679,156859,103820,0.0,228250,32429,72098,95393,82310,10878,416.12
01/12/2017,39,Ciudad de México Norte ,56,Guerrero,237960,206260,124128,82132,0.0,170852,35408,76073,69435,60499,253,348.03
01/12/2017,39,Ciudad de México Norte ,57,Centro,206894,188591,107627,80964,0.0,168480,20111,61703,53008,73014,866,476.43
01/12/2017,40,Ciudad de México Sur ,1,San Ángel,860203,351414,203099,148315,0.0,299921,51493,127046,116570,107697,101,409.59
01/12/2017,40,Ciudad de México Sur ,11,Santa Anita,227652,203545,123714,79831,0.0,184581,18964,80184,74946,48329,86,309.25
01/12/2017,40,Ciudad de México Sur ,54,Churubusco,514367,303927,185070,118857,0.0,260847,43080,132059,108421,63271,176,297.63
01/12/2017,40,Ciudad de México Sur ,58,Piedad Narvarte,616595,544888,321407,223481,0.0,466433,78455,181749,170584,192441,114,447.58
01/12/2017,40,Ciudad de México Sur ,6,Del Valle,386456,328239,193098,135141,0.0,283784,44455,104462,125787,97349,641,371.93
01/01/2018,39,Ciudad de México Norte ,11,Magdalena de las Salinas,603857,340117,202208,137909,0.0,299803,40314,112344,115203,112358,212,391.1
01/01/2018,39,Ciudad de México Norte ,16,Polanco,636984,614808,365291,249517,0.0,534410,80398,151618,171357,291218,615,596.18
01/01/2018,39,Ciudad de México Norte ,54,Santa MarÍa la Ribera,271099,260240,157342,102898,0.0,226872,33368,71915,93240,84205,10880,432.74
01/01/2018,39,Ciudad de México Norte ,56,Guerrero,238302,206567,124235,82332,0.0,170927,35640,75648,68301,62377,241,359.77
01/01/2018,39,Ciudad de México Norte ,57,Centro,210098,191822,109684,82138,0.0,171294,20528,59954,51659,78688,1521,500.05
01/01/2018,40,Ciudad de México Sur ,1,San Ángel,861703,352499,204578,147921,0.0,300827,51672,125128,114720,112554,97,422.5
01/01/2018,40,Ciudad de México Sur ,11,Santa Anita,223158,199166,121478,77688,0.0,180488,18678,76625,71593,50863,85,337.61
01/01/2018,40,Ciudad de México Sur ,54,Churubusco,516947,305702,186314,119388,0.0,262894,42808,130985,106392,68150,175,308.62
01/01/2018,40,Ciudad de México Sur ,58,Piedad Narvarte,612243,540642,319785,220857,0.0,463049,77593,173369,168032,199130,111,466.13
01/01/2018,40,Ciudad de México Sur ,6,Del Valle,387096,328877,193910,134967,0.0,284167,44710,100781,126547,100906,643,382.95
01/02/2018,39,Ciudad de México Norte ,11,Magdalena de las Salinas,609105,344776,204271,140505,0.0,303672,41104,124974,114469,105121,212,391.01
01/02/2018,39,Ciudad de México Norte ,16,Polanco,643912,621930,370850,251080,0.0,539373,82557,167093,171929,282313,595,604.19
01/02/2018,39,Ciudad de México Norte ,54,Santa MarÍa la Ribera,272767,261936,158331,103605,0.0,226866,35070,80732,90523,80234,10447,435.81
01/02/2018,39,Ciudad de México Norte ,56,Guerrero,237520,205762,124319,81443,0.0,169844,35918,78535,68943,58051,233,363.2
01/02/2018,39,Ciudad de México Norte ,57,Centro,213418,195180,111850,83330,0.0,174835,20345,65708,51067,76847,1558,504.64
01/02/2018,40,Ciudad de México Sur ,1,San Ángel,756152,355200,206900,148300,0.0,302480,52720,138332,110294,106469,105,424.19
01/02/2018,40,Ciudad de México Sur ,11,Santa Anita,225125,200670,122265,78405,0.0,181746,18924,83250,70233,47103,84,337.49
01/02/2018,40,Ciudad de México Sur ,54,Churubusco,517996,305437,186246,119191,0.0,262015,43422,139988,101902,63365,182,311.18
01/02/2018,40,Ciudad de México Sur ,58,Piedad Narvarte,613542,542294,320049,222245,0.0,464517,77777,190390,161980,189810,114,471.06
01/02/2018,40,Ciudad de México Sur ,6,Del Valle,390567,332283,195551,136732,0.0,286627,45656,111957,124762,94938,626,382.37
01/03/2018,39,Ciudad de México Norte ,11,Magdalena de las Salinas,616441,350672,207160,143512,0.0,309156,41516,126983,117106,106372,211,394.28
01/03/2018,39,Ciudad de México Norte ,16,Polanco,645985,623865,371962,251903,0.0,538756,85109,164353,175461,283474,577,611.05
01/03/2018,39,Ciudad de México Norte ,54,Santa MarÍa la Ribera,271944,261092,157455,103637,0.0,226996,34096,78966,92100,79584,10442,432.51
01/03/2018,39,Ciudad de México Norte ,56,Guerrero,237004,204968,123636,81332,0.0,168585,36383,76407,70682,57658,221,361.32
01/03/2018,39,Ciudad de México Norte ,57,Centro,214147,195750,111198,84552,0.0,175076,20674,65811,53654,74703,1582,509.8
01/03/2018,40,Ciudad de México Sur ,1,San Ángel,763386,358342,208215,150127,0.0,305996,52346,135958,114277,107999,108,430.22
01/03/2018,40,Ciudad de México Sur ,11,Santa Anita,225839,200909,122415,78494,0.0,182149,18760,82500,72308,46017,84,322.5
01/03/2018,40,Ciudad de México Sur ,54,Churubusco,515609,303289,184858,118431,0.0,259434,43855,137203,104580,61319,187,309.25
01/03/2018,40,Ciudad de México Sur ,58,Piedad Narvarte,614109,542949,320071,222878,0.0,464526,78423,187486,165366,189997,100,471.55
01/03/2018,40,Ciudad de México Sur ,6,Del Valle,391956,333428,195410,138018,0.0,289192,44236,113034,123485,96271,638,383.7
01/04/2018,39,Ciudad de México Norte ,11,Magdalena de las Salinas,620365,352691,208882,143809,0.0,310894,41797,128096,117761,106618,216,393.54
01/04/2018,39,Ciudad de México Norte ,16,Polanco,657653,635640,379997,255643,0.0,548348,87292,170953,178244,285855,588,608.09
01/04/2018,39,Ciudad de México Norte ,54,Santa MarÍa la Ribera,270800,260087,156218,103869,0.0,225313,34774,79412,91037,79711,9927,431.76
01/04/2018,39,Ciudad de México Norte ,56,Guerrero,240036,208027,125101,82926,0.0,170665,37362,78465,71022,58320,220,359.79
01/04/2018,39,Ciudad de México Norte ,57,Centro,213203,194746,111330,83416,0.0,173688,21058,65100,53603,74440,1603,510.71
01/04/2018,40,Ciudad de México Sur ,1,San Ángel,761376,356828,206587,150241,0.0,303213,53615,136653,112811,107252,112,428.86
01/04/2018,40,Ciudad de México Sur ,11,Santa Anita,228156,203029,123310,79719,0.0,183987,19042,83612,72912,46418,87,322.23
01/04/2018,40,Ciudad de México Sur ,54,Churubusco,520775,308404,187024,121380,0.0,263257,45147,143554,103813,60848,189,305.33
01/04/2018,40,Ciudad de México Sur ,58,Piedad Narvarte,619591,548580,324544,224036,0.0,468630,79950,190226,166747,191507,100,471.4
01/04/2018,40,Ciudad de México Sur ,6,Del Valle,399457,337712,198452,139260,0.0,293289,44423,115714,125225,96146,627,381.17
01/05/2018,39,Ciudad de México Norte ,11,Magdalena de las Salinas,616211,349072,206753,142319,0.0,307471,41601,123555,116269,109038,210,407.0
01/05/2018,39,Ciudad de México Norte ,16,Polanco,657836,635777,380456,255321,0.0,546432,89345,169667,181170,284351,589,608.29
01/05/2018,39,Ciudad de México Norte ,54,Santa MarÍa la Ribera,279158,268828,161043,107785,0.0,233555,35273,82081,95495,81326,9926,432.02
01/05/2018,39,Ciudad de México Norte ,56,Guerrero,241135,209215,126148,83067,0.0,170904,38311,79399,70275,59335,206,361.13
01/05/2018,39,Ciudad de México Norte ,57,Centro,212266,193711,110421,83290,0.0,171849,21862,64434,53147,74506,1624,512.97
01/05/2018,40,Ciudad de México Sur ,1,San Ángel,758739,353686,205705,147981,0.0,301403,52283,133956,111843,107783,104,434.51
01/05/2018,40,Ciudad de México Sur ,11,Santa Anita,224287,199005,120668,78337,0.0,180431,18574,80577,72061,46278,89,324.47
01/05/2018,40,Ciudad de México Sur ,54,Churubusco,529478,314819,191533,123286,0.0,269146,45673,147981,105323,61323,192,306.21
01/05/2018,40,Ciudad de México Sur ,58,Piedad Narvarte,623796,552816,327165,225651,0.0,474414,78402,189752,168165,194788,111,477.38
01/05/2018,40,Ciudad de México Sur ,6,Del Valle,395909,333624,195280,138344,0.0,289733,43891,109630,126774,96590,630,389.92
01/06/2018,39,Ciudad de México Norte ,11,Magdalena de las Salinas,616328,349088,205943,143145,0.0,308462,40626,126762,113795,108326,205,404.72
01/06/2018,39,Ciudad de México Norte ,16,Polanco,667845,645732,385831,259901,0.0,555431,90301,173773,184636,286734,589,603.5
01/06/2018,39,Ciudad de México Norte ,54,Santa MarÍa la Ribera,277679,267347,160414,106933,0.0,233117,34230,82418,94274,80828,9827,433.23
01/06/2018,39,Ciudad de México Norte ,56,Guerrero,242120,210095,127190,82905,0.0,172424,37671,80911,70119,58853,212,357.69
01/06/2018,39,Ciudad de México Norte ,57,Centro,211629,193050,109663,83387,0.0,171470,21580,66158,52491,72792,1609,509.62
01/06/2018,40,Ciudad de México Sur ,1,San Ángel,757369,351975,204655,147320,0.0,298161,53814,135788,107688,108394,105,435.57
01/06/2018,40,Ciudad de México Sur ,11,Santa Anita,223419,198076,120293,77783,0.0,179615,18461,79621,72076,46291,88,325.36
01/06/2018,40,Ciudad de México Sur ,54,Churubusco,526799,312203,190415,121788,0.0,264889,47314,146237,104482,61286,198,307.4
01/06/2018,40,Ciudad de México Sur ,58,Piedad Narvarte,621869,550960,324689,226271,0.0,472104,78856,189379,167297,194169,115,476.93
01/06/2018,40,Ciudad de México Sur ,6,Del Valle,394285,332035,193873,138162,0.0,288374,43661,110098,126620,94685,632,387.47
01/07/2018,39,Ciudad de México Norte ,11,Magdalena de las Salinas,619189,351772,208425,143347,0.0,310946,40826,124740,118193,108643,196,396.86
01/07/2018,39,Ciudad de México Norte ,16,Polanco,664785,642790,383363,259427,0.0,553046,89744,169255,182258,290571,706,605.61
01/07/2018,39,Ciudad de México Norte ,54,Santa MarÍa la Ribera,282570,272294,163885,108409,0.0,237032,35262,83880,96376,82215,9823,430.95
01/07/2018,39,Ciudad de México Norte ,56,Guerrero,240751,209926,127277,82649,0.0,171219,38707,80065,69442,60211,208,361.34
01/07/2018,39,Ciudad de México Norte ,57,Centro,212153,193573,110391,83182,0.0,170837,22736,64626,55434,71993,1520,499.4
01/07/2018,40,Ciudad de México Sur ,1,San Ángel,799694,353928,205588,148340,0.0,300613,53315,133810,108228,111796,94,439.11
01/07/2018,40,Ciudad de México Sur ,11,Santa Anita,226278,201138,121514,79624,0.0,182589,18549,79216,74682,47153,87,326.45
01/07/2018,40,Ciudad de México Sur ,54,Churubusco,572709,321854,196598,125256,0.0,272404,49450,153186,105747,62728,193,301.62
01/07/2018,40,Ciudad de México Sur ,58,Piedad Narvarte,621857,550838,324658,226180,0.0,471524,79314,185239,167703,197783,113,481.12
01/07/2018,40,Ciudad de México Sur ,6,Del Valle,392655,331334,194125,137209,0.0,287501,43833,107792,127082,95852,608,388.44
01/08/2018,39,Ciudad de México Norte ,11,Magdalena de las Salinas,625850,356329,210675,145654,0.0,315087,41242,128603,118669,108865,192,394.03
01/08/2018,39,Ciudad de México Norte ,16,Polanco,670652,648788,387154,261634,0.0,559684,89104,172690,181689,293759,650,604.96
01/08/2018,39,Ciudad de México Norte ,54,Santa MarÍa la Ribera,267316,257032,151750,105282,0.0,222860,34172,82049,92859,82032,92,436.56
01/08/2018,39,Ciudad de México Norte ,56,Guerrero,241181,210244,127483,82761,0.0,172151,38093,80611,69465,59968,200,360.32
01/08/2018,39,Ciudad de México Norte ,57,Centro,210470,191372,109088,82284,0.0,168505,22867,63223,55150,71528,1471,501.84
01/08/2018,40,Ciudad de México Sur ,1,San Ángel,815160,359400,208824,150576,0.0,302500,56900,138681,108927,111698,94,432.98
01/08/2018,40,Ciudad de México Sur ,11,Santa Anita,231346,205416,123183,82233,0.0,186710,18706,80208,76699,48423,86,328.01
01/08/2018,40,Ciudad de México Sur ,54,Churubusco,575290,322812,196732,126080,0.0,273301,49511,152598,106529,63499,186,302.92
01/08/2018,40,Ciudad de México Sur ,58,Piedad Narvarte,623036,551630,324055,227575,0.0,473598,78032,188799,165704,197010,117,479.92
01/08/2018,40,Ciudad de México Sur ,6,Del Valle,392141,330809,194420,136389,0.0,288891,41918,111608,124566,94022,613,384.89
01/09/2018,39,Ciudad de México Norte ,11,Magdalena de las Salinas,630962,358498,210758,147740,0.0,316680,41818,128277,120973,109063,185,392.74
01/09/2018,39,Ciudad de México Norte ,16,Polanco,671296,649491,386215,263276,0.0,562559,86932,174843,182204,291812,632,597.52
01/09/2018,39,Ciudad de México Norte ,54,Santa MarÍa la Ribera,274027,263787,156041,107746,0.0,226807,36980,84596,96540,82555,96,430.39
01/09/2018,39,Ciudad de México Norte ,56,Guerrero,239361,205778,124412,81366,0.0,168985,36793,76858,70614,58109,197,361.09
01/09/2018,39,Ciudad de México Norte ,57,Centro,212042,192596,109555,83041,0.0,169483,23113,64523,54875,71727,1471,496.76
01/09/2018,40,Ciudad de México Sur ,1,San Ángel,823790,361393,209791,151602,0.0,304009,57384,136696,112848,111760,89,435.71
01/09/2018,40,Ciudad de México Sur ,11,Santa Anita,235064,206492,123532,82960,0.0,187639,18853,79530,78390,48485,87,329.84
01/09/2018,40,Ciudad de México Sur ,54,Churubusco,561325,322777,196918,125859,0.0,273908,48869,152744,107286,62563,184,302.6
01/09/2018,40,Ciudad de México Sur ,58,Piedad Narvarte,606365,549547,322749,226798,0.0,471643,77904,184375,169236,195808,128,481.18
01/09/2018,40,Ciudad de México Sur ,6,Del Valle,398953,337987,198669,139318,0.0,296138,41849,115487,126522,95363,615,381.79
01/10/2018,39,Ciudad de México Norte ,11,Magdalena de las Salinas,636501,360505,212895,147610,0.0,318257,42248,129128,122004,109187,186,392.83
01/10/2018,39,Ciudad de México Norte ,16,Polanco,675450,653929,386956,266973,0.0,569325,84604,177174,183844,292281,630,596.1
01/10/2018,39,Ciudad de México Norte ,54,Santa MarÍa la Ribera,282294,271745,163592,108153,0.0,234261,37484,84305,94713,82756,9971,433.3
01/10/2018,39,Ciudad de México Norte ,56,Guerrero,242195,206866,124753,82113,0.0,169877,36989,78344,69799,58522,201,361.86
01/10/2018,39,Ciudad de México Norte ,57,Centro,214343,194662,110655,84007,0.0,171674,22988,66684,55373,71140,1465,490.0
01/10/2018,40,Ciudad de México Sur ,1,San Ángel,830627,363191,210637,152554,0.0,307535,55656,140906,111853,110341,91,431.37
01/10/2018,40,Ciudad de México Sur ,11,Santa Anita,240802,211273,125291,85982,0.0,191729,19544,82672,79394,49125,82,327.93
01/10/2018,40,Ciudad de México Sur ,54,Churubusco,567432,327216,199270,127946,0.0,277505,49711,156120,108349,62557,190,300.12
01/10/2018,40,Ciudad de México Sur ,58,Piedad Narvarte,611375,553607,325214,228393,0.0,475034,78573,188671,168573,196235,128,479.13
01/10/2018,40,Ciudad de México Sur ,6,Del Valle,405622,338960,197877,141083,0.0,293767,45193,114690,127126,96537,607,383.49
01/11/2018,39,Ciudad de México Norte ,11,Magdalena de las Salinas,562877,365476,215605,149871,0.0,323400,42076,130930,123259,111097,190,394.0
01/11/2018,39,Ciudad de México Norte ,16,Polanco,676976,655496,385508,269988,0.0,572981,82515,178458,183944,292466,628,596.47
01/11/2018,39,Ciudad de México Norte ,54,Santa MarÍa la Ribera,284505,273978,165054,108924,0.0,235823,38155,82396,97524,84090,9968,435.03
01/11/2018,39,Ciudad de México Norte ,56,Guerrero,240117,204671,123387,81284,0.0,168991,35680,75825,70423,58221,202,366.23
01/11/2018,39,Ciudad de México Norte ,57,Centro,214902,195159,110364,84795,0.0,171929,23230,67047,56483,70181,1448,483.89
01/11/2018,40,Ciudad de México Sur ,1,San Ángel,832460,365658,211319,154339,0.0,308863,56795,138679,114976,111915,88,431.93
01/11/2018,40,Ciudad de México Sur ,11,Santa Anita,236254,206790,123181,83609,0.0,187085,19705,82384,80865,43459,82,308.98
01/11/2018,40,Ciudad de México Sur ,54,Churubusco,570169,331012,200678,130334,0.0,281353,49659,157521,110551,62755,185,297.08
01/11/2018,40,Ciudad de México Sur ,58,Piedad Narvarte,612491,554456,324657,229799,0.0,475769,78687,187534,169622,197171,129,480.1
01/11/2018,40,Ciudad de México Sur ,6,Del Valle,403035,336265,195655,140610,0.0,291699,44566,110492,128250,96916,607,387.2
01/12/2018,39,Ciudad de México Norte ,11,Magdalena de las Salinas,572894,357316,211053,146263,0.0,316876,40440,126174,120320,110636,186,398.08
01/12/2018,39,Ciudad de México Norte ,16,Polanco,660546,639128,373424,265704,0.0,562629,76499,170362,177650,290257,859,605.9
01/12/2018,39,Ciudad de México Norte ,54,Santa MarÍa la Ribera,266562,256158,151893,104265,0.0,222668,33490,80426,92853,82781,98,440.39
01/12/2018,39,Ciudad de México Norte ,56,Guerrero,239881,204859,123664,81195,0.0,170203,34656,76804,70009,57848,198,363.01
01/12/2018,39,Ciudad de México Norte ,57,Centro,210034,190108,107138,82970,0.0,167927,22181,64844,54451,69406,1407,489.08
01/12/2018,40,Ciudad de México Sur ,1,San Ángel,834061,365659,210373,155286,0.0,310934,54725,140607,112729,112230,93,432.0
01/12/2018,40,Ciudad de México Sur ,11,Santa Anita,233472,204110,121513,82597,0.0,185208,18902,80185,80352,43492,81,310.87
01/12/2018,40,Ciudad de México Sur ,54,Churubusco,559626,320389,192206,128183,0.0,274409,45980,150636,107968,61594,191,299.49
01/12/2018,40,Ciudad de México Sur ,58,Piedad Narvarte,604236,546302,319207,227095,0.0,471366,74936,185965,165637,194568,132,480.41
01/12/2018,40,Ciudad de México Sur ,6,Del Valle,393056,326812,189542,137270,0.0,284731,42081,110293,122398,93511,610,385.5
01/01/2019,39,Ciudad de México Norte ,11,Magdalena de las Salinas,575694,356915,210380,146535,0.0,315877,41038,120908,120241,115579,187,415.23
01/01/2019,39,Ciudad de México Norte ,16,Polanco,654515,633198,370643,262555,0.0,557444,75754,157430,176832,298075,861,630.82
01/01/2019,39,Ciudad de México Norte ,54,Santa MarÍa la Ribera,267917,257421,153027,104394,0.0,221081,36340,75410,94059,87858,94,467.31
01/01/2019,39,Ciudad de México Norte ,56,Guerrero,240121,205249,124270,80979,0.0,170775,34474,73887,70989,60177,196,380.66
01/01/2019,39,Ciudad de México Norte ,57,Centro,209810,187706,106169,81537,0.0,166465,21241,61454,50209,74688,1355,516.25
01/01/2019,40,Ciudad de México Sur ,1,San Ángel,837162,364695,210380,154315,0.0,312658,52037,135073,113014,116519,89,450.82
01/01/2019,40,Ciudad de México Sur ,11,Santa Anita,237175,207687,123032,84655,0.0,188948,18739,79435,81808,46363,81,326.02
01/01/2019,40,Ciudad de México Sur ,54,Churubusco,559491,320072,194768,125304,0.0,273822,46250,147598,105946,66349,179,315.6
01/01/2019,40,Ciudad de México Sur ,58,Piedad Narvarte,594847,536227,314652,221575,0.0,464059,72168,170626,165892,199573,136,502.4
01/01/2019,40,Ciudad de México Sur ,6,Del Valle,394208,328329,190620,137709,0.0,287266,41063,108439,122822,96457,611,396.24
01/02/2019,39,Ciudad de México Norte ,11,Magdalena de las Salinas,576074,350822,206492,144330,0.0,311959,38863,128632,117228,104771,191,409.0
01/02/2019,39,Ciudad de México Norte ,16,Polanco,670677,649509,381326,268183,0.0,570240,79269,172817,181341,294538,813,634.75
01/02/2019,39,Ciudad de México Norte ,54,Santa MarÍa la Ribera,274521,263903,155679,108224,0.0,225544,38359,80484,95272,88058,89,477.07
01/02/2019,39,Ciudad de México Norte ,56,Guerrero,242906,207982,125543,82439,0.0,174274,33708,79720,70744,57305,213,379.56
01/02/2019,39,Ciudad de México Norte ,57,Centro,236106,191247,108652,82595,0.0,170081,21166,65344,51730,72820,1353,517.16
01/02/2019,40,Ciudad de México Sur ,1,San Ángel,798867,367682,212181,155501,0.0,315171,52511,145822,111187,110582,91,448.61
01/02/2019,40,Ciudad de México Sur ,11,Santa Anita,231222,201539,120624,80915,0.0,182479,19060,78569,79367,43524,79,334.7
01/02/2019,40,Ciudad de México Sur ,54,Churubusco,558294,319523,192025,127498,0.0,273429,46094,151877,105143,62320,183,318.18
01/02/2019,40,Ciudad de México Sur ,58,Piedad Narvarte,589195,529995,311317,218678,0.0,458791,71204,180560,161680,187613,142,504.56
01/02/2019,40,Ciudad de México Sur ,6,Del Valle,396078,330181,191454,138727,0.0,287700,42481,116995,122092,90489,605,396.23
01/03/2019,39,Ciudad de México Norte ,11,Magdalena de las Salinas,579326,351954,207925,144029,0.0,313432,38522,127508,119125,105133,188,419.97
01/03/2019,39,Ciudad de México Norte ,16,Polanco,673770,652600,381938,270662,0.0,572996,79604,171665,184664,295464,807,639.66
01/03/2019,39,Ciudad de México Norte ,54,Santa MarÍa la Ribera,274493,263858,155874,107984,0.0,225278,38580,77019,98905,87845,89,470.58
01/03/2019,39,Ciudad de México Norte ,56,Guerrero,243794,208815,126297,82518,0.0,174948,33867,80019,71451,57130,215,373.95
01/03/2019,39,Ciudad de México Norte ,57,Centro,318064,191442,108551,82891,0.0,169839,21603,65372,52983,71732,1355,521.88
01/03/2019,40,Ciudad de México Sur ,1,San Ángel,798762,366266,211156,155110,0.0,314144,52122,144588,112889,108700,89,447.15
01/03/2019,40,Ciudad de México Sur ,11,Santa Anita,239491,209660,124265,85395,0.0,190650,19010,80968,81364,47252,76,342.45
01/03/2019,40,Ciudad de México Sur ,54,Churubusco,561895,322949,193796,129153,0.0,276958,45991,153090,107884,61795,180,316.71
01/03/2019,40,Ciudad de México Sur ,58,Piedad Narvarte,577057,526658,308856,217802,0.0,455968,70690,176465,164194,185857,142,505.55
01/03/2019,40,Ciudad de México Sur ,6,Del Valle,396280,330522,190362,140160,0.0,287185,43337,115950,121958,91971,643,399.28
01/04/2019,39,Ciudad de México Norte ,11,Magdalena de las Salinas,583843,353024,208181,144843,0.0,315435,37589,126765,120313,105754,192,420.99
01/04/2019,39,Ciudad de México Norte ,16,Polanco,682661,661591,387760,273831,0.0,581764,79827,172195,187980,300530,886,641.22
01/04/2019,39,Ciudad de México Norte ,54,Santa MarÍa la Ribera,277420,266968,157841,109127,0.0,228803,38165,78756,99346,88777,89,471.88
01/04/2019,39,Ciudad de México Norte ,56,Guerrero,242708,207890,126286,81604,0.0,174652,33238,79767,70036,57861,226,376.73
01/04/2019,39,Ciudad de México Norte ,57,Centro,492456,191754,108269,83485,0.0,171390,20364,64553,54102,71736,1363,521.96
01/04/2019,40,Ciudad de México Sur ,1,San Ángel,798870,360358,208291,152067,0.0,307471,52887,143590,111652,105023,93,444.8
01/04/2019,40,Ciudad de México Sur ,11,Santa Anita,234952,205141,121512,83629,0.0,185513,19628,77098,80604,47359,80,348.41
01/04/2019,40,Ciudad de México Sur ,54,Churubusco,564022,325162,195640,129522,0.0,279067,46094,155444,107578,61956,184,315.76
01/04/2019,40,Ciudad de México Sur ,58,Piedad Narvarte,582859,532630,311466,221164,0.0,460555,72075,180097,166135,186251,147,501.37
01/04/2019,40,Ciudad de México Sur ,6,Del Valle,392096,326525,188037,138488,0.0,284342,42183,113174,120749,91959,643,403.54
01/05/2019,39,Ciudad de México Norte ,11,Magdalena de las Salinas,586517,355058,208139,146919,0.0,317012,38046,127415,118955,108499,189,426.78
01/05/2019,39,Ciudad de México Norte ,16,Polanco,684155,663088,387972,275116,0.0,581132,81956,173254,189575,299378,881,644.08
01/05/2019,39,Ciudad de México Norte ,54,Santa MarÍa la Ribera,278219,267611,157879,109732,0.0,229604,38007,78412,100766,88342,91,477.48
01/05/2019,39,Ciudad de México Norte ,56,Guerrero,241968,207372,125511,81861,0.0,174407,32965,79838,69917,57388,229,378.66
01/05/2019,39,Ciudad de México Norte ,57,Centro,694214,193946,109558,84388,0.0,172478,21468,65448,56306,70830,1362,518.07
01/05/2019,40,Ciudad de México Sur ,1,San Ángel,797794,358093,206819,151274,0.0,305056,53037,142352,110982,104670,89,448.86
01/05/2019,40,Ciudad de México Sur ,11,Santa Anita,237438,207450,121893,85557,0.0,187589,19861,78779,78467,50124,80,348.17
01/05/2019,40,Ciudad de México Sur ,54,Churubusco,566705,327549,196838,130711,0.0,281572,45977,156073,108937,62357,182,318.47
01/05/2019,40,Ciudad de México Sur ,58,Piedad Narvarte,587195,536345,312889,223456,0.0,465253,71092,181272,166902,188026,145,504.29
01/05/2019,40,Ciudad de México Sur ,6,Del Valle,397317,335728,192778,142950,0.0,294802,40926,116831,125734,92516,647,402.73
01/06/2019,39,Ciudad de México Norte ,11,Magdalena de las Salinas,587606,356395,209291,147104,0.0,319791,36604,129543,118543,108112,197,424.4
01/06/2019,39,Ciudad de México Norte ,16,Polanco,685984,664934,390095,274839,0.0,582159,82775,174355,190480,299213,886,642.01
01/06/2019,39,Ciudad de México Norte ,54,Santa MarÍa la Ribera,275767,264982,155420,109562,0.0,228007,36975,77336,99284,88266,96,481.02
01/06/2019,39,Ciudad de México Norte ,56,Guerrero,236905,202889,122674,80215,0.0,169894,32995,76320,69397,56933,239,381.33
01/06/2019,39,Ciudad de México Norte ,57,Centro,792028,193893,109480,84413,0.0,173195,20698,64695,57145,70688,1365,518.69
01/06/2019,40,Ciudad de México Sur ,1,San Ángel,795766,356961,204930,152031,0.0,305864,51097,143344,108983,104540,94,449.08
01/06/2019,40,Ciudad de México Sur ,11,Santa Anita,235478,205506,121501,84005,0.0,186234,19272,76448,78869,50106,83,350.68
01/06/2019,40,Ciudad de México Sur ,54,Churubusco,559234,332141,199373,132768,0.0,285997,46144,160841,109021,62102,177,314.77
01/06/2019,40,Ciudad de México Sur ,58,Piedad Narvarte,589466,541635,315330,226305,0.0,469332,72303,185233,167938,188310,154,500.63
01/06/2019,40,Ciudad de México Sur ,6,Del Valle,397232,335790,193110,142680,0.0,295307,40483,117495,126108,91539,648,400.49
01/07/2019,39,Ciudad de México Norte ,11,Magdalena de las Salinas,590890,359678,211379,148299,0.0,322349,37329,128184,123054,108242,198,413.52
01/07/2019,39,Ciudad de México Norte ,16,Polanco,682588,661729,387836,273893,0.0,578803,82926,170386,185317,305122,904,647.64
01/07/2019,39,Ciudad de México Norte ,54,Santa MarÍa la Ribera,283924,273158,160302,112856,0.0,235041,38117,81477,101291,90301,89,475.45
01/07/2019,39,Ciudad de México Norte ,56,Guerrero,234973,202393,122551,79842,0.0,168689,33704,75156,68633,58368,236,384.88
01/07/2019,39,Ciudad de México Norte ,57,Centro,944103,191130,107650,83480,0.0,170214,20916,61486,57754,70520,1370,513.74
01/07/2019,40,Ciudad de México Sur ,1,San Ángel,831141,357525,205675,151850,0.0,304004,53519,142582,108690,106166,87,446.8
01/07/2019,40,Ciudad de México Sur ,11,Santa Anita,235213,205337,121491,83846,0.0,185726,19611,75980,81322,47959,76,351.18
01/07/2019,40,Ciudad de México Sur ,54,Churubusco,563257,336425,202054,134371,0.0,289772,46652,163416,109244,63586,179,312.74
01/07/2019,40,Ciudad de México Sur ,58,Piedad Narvarte,597873,549978,320080,229898,0.0,474799,75179,181429,175216,193177,156,498.84
01/07/2019,40,Ciudad de México Sur ,6,Del Valle,391196,330612,189616,140996,0.0,289145,41467,113997,122849,93117,649,401.64
01/08/2019,39,Ciudad de México Norte ,11,Magdalena de las Salinas,592635,359492,211532,147960,0.0,322929,36563,129054,122199,108031,208,413.06
01/08/2019,39,Ciudad de México Norte ,16,Polanco,684605,663722,388288,275434,0.0,579617,84105,170523,186609,305783,807,647.28
01/08/2019,39,Ciudad de México Norte ,54,Santa MarÍa la Ribera,285391,274899,160977,113922,0.0,237332,37567,86349,98367,90093,90,472.42
01/08/2019,39,Ciudad de México Norte ,56,Guerrero,234599,201393,121431,79962,0.0,167875,33518,75037,68268,57842,246,384.08
01/08/2019,39,Ciudad de México Norte ,57,Centro,973736,190127,107027,83100,0.0,168529,21598,61165,57269,70313,1380,515.57
01/08/2019,40,Ciudad de México Sur ,1,San Ángel,840770,358623,205667,152956,0.0,305015,53606,143956,108425,106151,91,445.88
01/08/2019,40,Ciudad de México Sur ,11,Santa Anita,234690,204156,120952,83204,0.0,184754,19402,75152,80905,48023,76,352.52
01/08/2019,40,Ciudad de México Sur ,54,Churubusco,520158,336218,201627,134591,0.0,289689,46527,161924,109687,64422,185,315.08
01/08/2019,40,Ciudad de México Sur ,58,Piedad Narvarte,602218,552808,321463,231345,0.0,478073,74735,185611,173870,193159,168,496.03
01/08/2019,40,Ciudad de México Sur ,6,Del Valle,390572,330008,188673,141335,0.0,289045,40963,116207,121660,91492,649,397.8
01/09/2019,39,Ciudad de México Norte ,11,Magdalena de las Salinas,584264,348436,205574,142862,0.0,310716,37720,123921,118259,106045,211,416.02
01/09/2019,39,Ciudad de México Norte ,16,Polanco,682282,661297,387763,273534,0.0,573473,87824,167722,190665,302110,800,640.67
01/09/2019,39,Ciudad de México Norte ,54,Santa MarÍa la Ribera,288895,277925,162677,115248,0.0,237624,40301,85971,102722,89142,90,463.26
01/09/2019,39,Ciudad de México Norte ,56,Guerrero,235791,200661,121006,79655,0.0,166856,33805,73530,69267,57619,245,384.02
01/09/2019,39,Ciudad de México Norte ,57,Centro,960611,186336,104272,82064,0.0,165154,21182,60612,55577,68767,1380,520.97
01/09/2019,40,Ciudad de México Sur ,1,San Ángel,858756,363049,208593,154456,0.0,310282,52763,143320,111463,108175,91,449.63
01/09/2019,40,Ciudad de México Sur ,11,Santa Anita,238050,204730,120952,83778,0.0,184875,19855,75693,81327,47637,73,349.4
01/09/2019,40,Ciudad de México Sur ,54,Churubusco,525793,334234,199985,134249,0.0,289826,44406,161302,108513,64237,182,317.2
01/09/2019,40,Ciudad de México Sur ,58,Piedad Narvarte,630561,581405,338040,243365,0.0,505558,75847,195356,188012,197868,169,488.37
01/09/2019,40,Ciudad de México Sur ,6,Del Valle,399721,338164,193496,144668,0.0,293373,44791,118886,125787,92838,653,394.87
01/10/2019,39,Ciudad de México Norte ,11,Magdalena de las Salinas,615092,357992,210867,147125,0.0,320129,37863,127812,121705,108264,211,415.74
01/10/2019,39,Ciudad de México Norte ,16,Polanco,687202,666144,392103,274041,0.0,571316,94828,167949,193967,303420,808,639.2
01/10/2019,39,Ciudad de México Norte ,54,Santa MarÍa la Ribera,293846,282770,165451,117319,0.0,242078,40692,88945,104200,89534,91,460.13
01/10/2019,39,Ciudad de México Norte ,56,Guerrero,237587,200901,121442,79459,0.0,166127,34774,73377,69218,58060,246,386.18
01/10/2019,39,Ciudad de México Norte ,57,Centro,992255,189056,105673,83383,0.0,167240,21816,62209,57112,68356,1379,514.82
01/10/2019,40,Ciudad de México Sur ,1,San Ángel,867939,371285,213519,157766,0.0,316218,55052,148906,113292,108992,95,445.82
01/10/2019,40,Ciudad de México Sur ,11,Santa Anita,240149,205917,120776,85141,0.0,185774,20143,79523,78654,47656,84,346.34
01/10/2019,40,Ciudad de México Sur ,54,Churubusco,528679,333951,200569,133382,0.0,289005,44944,161906,107827,64029,189,316.77
01/10/2019,40,Ciudad de México Sur ,58,Piedad Narvarte,629743,579906,336801,243105,0.0,502693,77213,196776,185907,197043,180,488.26
01/10/2019,40,Ciudad de México Sur ,6,Del Valle,410312,340711,195048,145663,0.0,294788,45923,121226,126283,92535,667,391.52
01/11/2019,39,Ciudad de México Norte ,11,Magdalena de las Salinas,624106,360217,211859,148358,0.0,322521,37696,127102,121447,111461,207,419.28
01/11/2019,39,Ciudad de México Norte ,16,Polanco,695861,674736,398052,276684,0.0,575160,99576,165115,200671,308146,804,638.46
01/11/2019,39,Ciudad de México Norte ,54,Santa MarÍa la Ribera,295426,284296,165773,118523,0.0,242068,42228,84674,107783,91753,86,465.2
01/11/2019,39,Ciudad de México Norte ,56,Guerrero,237090,200237,120817,79420,0.0,166382,33855,72275,68694,59020,248,390.83
01/11/2019,39,Ciudad de México Norte ,57,Centro,1021418,195902,109558,86344,0.0,172368,23534,63148,62113,69260,1381,508.41
01/11/2019,40,Ciudad de México Sur ,1,San Ángel,873351,375110,215097,160013,0.0,321132,53973,148604,116155,110252,99,446.49
01/11/2019,40,Ciudad de México Sur ,11,Santa Anita,235140,201275,119297,81978,0.0,181147,20128,78529,75297,47368,81,345.72
01/11/2019,40,Ciudad de México Sur ,54,Churubusco,532641,337012,202182,134830,0.0,291931,45079,161910,110228,64694,180,316.82
01/11/2019,40,Ciudad de México Sur ,58,Piedad Narvarte,622687,572468,331209,241259,0.0,495420,77048,192668,181375,198241,184,493.49
01/11/2019,40,Ciudad de México Sur ,6,Del Valle,409163,339560,193735,145825,0.0,292996,46564,117045,129003,92841,671,394.77
01/12/2019,39,Ciudad de México Norte ,11,Magdalena de las Salinas,618220,353549,207757,145792,0.0,317998,35551,123825,118430,111084,210,422.03
01/12/2019,39,Ciudad de México Norte ,16,Polanco,686053,664949,390975,273974,0.0,571555,93394,160108,196042,308033,766,644.27
01/12/2019,39,Ciudad de México Norte ,54,Santa MarÍa la Ribera,283550,272438,159203,113235,0.0,236885,35553,78681,103388,90281,88,475.37
01/12/2019,39,Ciudad de México Norte ,56,Guerrero,234752,197466,119931,77535,0.0,163705,33761,70974,67839,58388,265,389.82
01/12/2019,39,Ciudad de México Norte ,57,Centro,1028209,193066,107913,85153,0.0,171319,21747,62338,60078,69269,1381,514.36
01/12/2019,40,Ciudad de México Sur ,1,San Ángel,917952,419375,240578,178797,0.0,368611,50753,151334,145668,122273,100,441.22
01/12/2019,40,Ciudad de México Sur ,11,Santa Anita,229630,196232,116617,79615,0.0,176439,19793,75916,73405,46827,84,349.0
01/12/2019,40,Ciudad de México Sur ,54,Churubusco,527491,329752,197338,132414,0.0,287471,42279,157910,107692,63959,191,318.67
01/12/2019,40,Ciudad de México Sur ,58,Piedad Narvarte,616414,566052,325298,240754,0.0,492432,73620,191307,177533,197023,189,495.68
01/12/2019,40,Ciudad de México Sur ,6,Del Valle,347070,277169,157369,119800,0.0,234480,42689,102255,94276,79968,670,409.09
01/01/2020,39,Ciudad de México Norte ,11,Magdalena de las Salinas,615250,348965,205233,143732,0.0,312674,36291,110363,121383,117015,204,447.34
01/01/2020,39,Ciudad de México Norte ,16,Polanco,671347,650275,379598,270677,0.0,562662,87613,145262,189427,314826,760,676.01
01/01/2020,39,Ciudad de México Norte ,54,Santa MarÍa la Ribera,279923,268749,157449,111300,0.0,231318,37430,68736,105027,94898,88,509.58
01/01/2020,39,Ciudad de México Norte ,56,Guerrero,236857,199409,121245,78164,0.0,165748,33661,68742,69713,60701,253,405.54
01/01/2020,39,Ciudad de México Norte ,57,Centro,995377,187704,105733,81971,0.0,167513,20191,56672,53652,76039,1341,552.1
01/01/2020,40,Ciudad de México Sur ,1,San Ángel,915398,412068,237591,174477,0.0,363362,48701,137357,145180,129430,101,468.15
01/01/2020,40,Ciudad de México Sur ,11,Santa Anita,226421,192954,114952,78002,0.0,172951,20003,69351,73836,49688,79,383.78
01/01/2020,40,Ciudad de México Sur ,54,Churubusco,535312,334751,200091,134660,0.0,292979,41770,155849,111454,67267,181,332.86
01/01/2020,40,Ciudad de México Sur ,58,Piedad Narvarte,616329,566410,327169,239241,0.0,491957,74453,175939,189128,201165,178,511.83
01/01/2020,40,Ciudad de México Sur ,6,Del Valle,342811,272958,155501,117457,0.0,232004,40954,96783,94340,81164,671,428.09
01/02/2020,39,Ciudad de México Norte ,11,Magdalena de las Salinas,620361,350933,206783,144150,0.0,314459,36474,113127,124002,113599,205,446.63
01/02/2020,39,Ciudad de México Norte ,16,Polanco,674990,654049,382065,271984,0.0,564376,89673,147712,190649,314949,739,683.88
01/02/2020,39,Ciudad de México Norte ,54,Santa MarÍa la Ribera,281802,269918,158648,111270,0.0,230608,39309,70562,105827,93435,94,512.89
01/02/2020,39,Ciudad de México Norte ,56,Guerrero,235423,198006,120226,77780,0.0,164283,33723,69823,69533,58390,260,408.83
01/02/2020,39,Ciudad de México Norte ,57,Centro,1008072,189212,106601,82611,0.0,169295,19917,58924,54100,74846,1342,552.48
01/02/2020,40,Ciudad de México Sur ,1,San Ángel,916032,412215,237399,174816,0.0,362265,49937,142157,143232,126723,103,470.97
01/02/2020,40,Ciudad de México Sur ,11,Santa Anita,232908,199270,118732,80538,0.0,178305,20965,74606,75627,48955,82,380.95
01/02/2020,40,Ciudad de México Sur ,54,Churubusco,535486,335433,199848,135585,0.0,293028,42403,159442,110193,65609,189,334.29
01/02/2020,40,Ciudad de México Sur ,58,Piedad Narvarte,613320,563721,325674,238047,0.0,489838,73883,180535,187976,195027,183,514.33
01/02/2020,40,Ciudad de México Sur ,6,Del Valle,344138,274281,156834,117447,0.0,232665,41616,97920,95313,80370,678,432.36
01/03/2020,39,Ciudad de México Norte ,11,Magdalena de las Salinas,624310,351554,206786,144768,0.0,315679,35875,109596,128110,113648,200,461.29
01/03/2020,39,Ciudad de México Norte ,16,Polanco,678920,658053,387581,270472,0.0,564155,93898,142908,195686,318718,741,689.73
01/03/2020,39,Ciudad de México Norte ,54,Santa MarÍa la Ribera,290704,278776,162776,116000,0.0,239070,39706,72987,111719,93978,92,497.43
01/03/2020,39,Ciudad de México Norte ,56,Guerrero,229216,191368,115664,75704,0.0,158567,32801,63923,69742,57453,250,412.03
01/03/2020,39,Ciudad de México Norte ,57,Centro,1042595,187417,105539,81878,0.0,167769,19648,56730,56894,72451,1342,558.62
01/03/2020,40,Ciudad de México Sur ,1,San Ángel,914096,407294,233606,173688,0.0,359789,47488,137301,146058,123837,98,468.12
01/03/2020,40,Ciudad de México Sur ,11,Santa Anita,233080,199391,118326,81065,0.0,178682,20709,72940,77254,49118,79,366.12
01/03/2020,40,Ciudad de México Sur ,54,Churubusco,532002,334856,199427,135429,0.0,292607,42247,158354,110951,65363,188,335.46
01/03/2020,40,Ciudad de México Sur ,58,Piedad Narvarte,606448,556338,323351,232987,0.0,485360,70978,171580,187092,197485,181,524.51
01/03/2020,40,Ciudad de México Sur ,6,Del Valle,340299,270488,154854,115634,0.0,230638,39850,93412,95826,80522,728,437.35
01/04/2020,39,Ciudad de México Norte ,11,Magdalena de las Salinas,616047,343359,201491,141868,0.0,309594,33765,104390,124736,114030,203,467.57
01/04/2020,39,Ciudad de México Norte ,16,Polanco,669562,649025,383538,265487,0.0,554822,94203,135858,194570,317662,935,696.37
01/04/2020,39,Ciudad de México Norte ,54,Santa MarÍa la Ribera,281555,269669,156666,113003,0.0,232188,37481,67231,109104,93234,100,509.0
01/04/2020,39,Ciudad de México Norte ,56,Guerrero,220766,183017,109708,73309,0.0,153888,29129,60759,64949,57053,256,419.84
01/04/2020,39,Ciudad de México Norte ,57,Centro,952766,179694,101401,78293,0.0,161507,18187,53775,54324,70239,1356,566.54
01/04/2020,40,Ciudad de México Sur ,1,San Ángel,899566,389359,222264,167095,0.0,346205,43137,129821,137896,121539,103,477.61
01/04/2020,40,Ciudad de México Sur ,11,Santa Anita,231080,197454,116753,80701,0.0,177673,19781,72686,75654,49033,81,367.33
01/04/2020,40,Ciudad de México Sur ,54,Churubusco,514955,317836,188701,129135,0.0,279292,38540,146896,106863,63883,194,340.55
01/04/2020,40,Ciudad de México Sur ,58,Piedad Narvarte,590650,540389,313710,226679,0.0,473503,66886,163050,180832,196316,191,533.53
01/04/2020,40,Ciudad de México Sur ,6,Del Valle,329573,259929,149105,110824,0.0,223475,36454,88600,92025,78579,725,442.76
01/05/2020,39,Ciudad de México Norte ,11,Magdalena de las Salinas,611729,339012,197758,141254,0.0,305900,33112,102620,116914,119282,196,478.03
01/05/2020,39,Ciudad de México Norte ,16,Polanco,661336,640914,379790,261124,0.0,544613,96301,130372,196049,313564,929,702.83
01/05/2020,39,Ciudad de México Norte ,54,Santa MarÍa la Ribera,275688,263858,152357,111501,0.0,228083,35775,65594,107734,90440,90,514.25
01/05/2020,39,Ciudad de México Norte ,56,Guerrero,217767,180061,107297,72764,0.0,151592,28469,58904,63871,57059,227,424.38
01/05/2020,39,Ciudad de México Norte ,57,Centro,1036593,176029,99067,76962,0.0,157773,18256,52876,51316,70480,1357,569.27
01/05/2020,40,Ciudad de México Sur ,1,San Ángel,890094,379821,215488,164333,0.0,338392,41413,123072,136745,119908,96,485.55
01/05/2020,40,Ciudad de México Sur ,11,Santa Anita,228922,195355,115024,80331,0.0,175293,20062,70805,75192,49278,80,376.13
01/05/2020,40,Ciudad de México Sur ,54,Churubusco,511714,314622,186115,128507,0.0,277144,37476,146659,105059,62721,183,343.05
01/05/2020,40,Ciudad de México Sur ,58,Piedad Narvarte,579352,528975,304888,224087,0.0,460960,68015,163082,172653,193050,190,535.71
01/05/2020,40,Ciudad de México Sur ,6,Del Valle,323775,254080,145430,108650,0.0,218898,35182,85491,90817,77042,730,450.41
01/06/2020,39,Ciudad de México Norte ,11,Magdalena de las Salinas,613694,340940,199353,141587,0.0,306562,34378,105479,116507,118763,191,473.74
01/06/2020,39,Ciudad de México Norte ,16,Polanco,661932,641479,381524,259955,0.0,541320,100159,130728,196383,313448,920,702.83
01/06/2020,39,Ciudad de México Norte ,54,Santa MarÍa la Ribera,267974,256211,148460,107751,0.0,222092,34119,63091,104624,88400,96,517.36
01/06/2020,39,Ciudad de México Norte ,56,Guerrero,217444,179824,107700,72124,0.0,151009,28813,60161,62988,56423,252,421.63
01/06/2020,39,Ciudad de México Norte ,57,Centro,763416,175105,98490,76615,0.0,156887,18218,52132,51332,70291,1350,571.11
01/06/2020,40,Ciudad de México Sur ,1,San Ángel,890145,380302,216646,163656,0.0,335951,44335,127557,133716,118926,103,482.34
01/06/2020,40,Ciudad de México Sur ,11,Santa Anita,227604,194110,114689,79421,0.0,173579,20531,70123,74134,49773,80,380.06
01/06/2020,40,Ciudad de México Sur ,54,Churubusco,513437,316499,188529,127970,0.0,277232,39264,150335,103808,62178,178,340.23
01/06/2020,40,Ciudad de México Sur ,58,Piedad Narvarte,575016,524467,302778,221689,0.0,454666,69801,162085,170866,191321,195,534.91
01/06/2020,40,Ciudad de México Sur ,6,Del Valle,323930,254362,146493,107869,0.0,219108,35254,85654,90771,77206,731,449.95
01/07/2020,39,Ciudad de México Norte ,11,Magdalena de las Salinas,614278,341468,199639,141829,0.0,306057,35411,107047,122059,112179,183,453.52
01/07/2020,39,Ciudad de México Norte ,16,Polanco,660101,639827,381980,257847,0.0,536448,103379,134246,194601,310104,876,687.12
01/07/2020,39,Ciudad de México Norte ,54,Santa MarÍa la Ribera,268579,256687,148966,107721,0.0,221959,34728,66492,105277,84821,97,502.91
01/07/2020,39,Ciudad de México Norte ,56,Guerrero,216152,178562,107036,71526,0.0,149376,29184,60008,62202,56119,233,418.04
01/07/2020,39,Ciudad de México Norte ,57,Centro,750564,174262,98062,76200,0.0,156070,18192,51970,52982,67966,1344,557.53
01/07/2020,40,Ciudad de México Sur ,1,San Ángel,888396,378126,216270,161856,0.0,334774,43336,126981,133198,117846,101,473.61
01/07/2020,40,Ciudad de México Sur ,11,Santa Anita,228864,195393,115293,80100,0.0,174412,20981,72063,73765,49486,79,378.27
01/07/2020,40,Ciudad de México Sur ,54,Churubusco,515460,318529,190040,128489,0.0,278526,40000,153606,105275,59477,171,329.71
01/07/2020,40,Ciudad de México Sur ,58,Piedad Narvarte,576019,525043,303536,221507,0.0,455080,69963,162069,170587,192213,174,530.67
01/07/2020,40,Ciudad de México Sur ,6,Del Valle,318643,249185,143311,105874,0.0,213307,35878,83904,89159,75387,735,442.03
01/08/2020,39,Ciudad de México Norte ,11,Magdalena de las Salinas,613664,340854,199596,141258,0.0,305425,35429,107095,121037,112538,184,454.86
01/08/2020,39,Ciudad de México Norte ,16,Polanco,651718,631784,378398,253386,0.0,529106,102678,132311,193909,304714,850,685.03
01/08/2020,39,Ciudad de México Norte ,54,Santa MarÍa la Ribera,270821,259178,150339,108839,0.0,221911,37267,67731,103265,88081,101,513.93
01/08/2020,39,Ciudad de México Norte ,56,Guerrero,214572,176978,106242,70736,0.0,148006,28970,59907,60878,55941,252,420.0
01/08/2020,39,Ciudad de México Norte ,57,Centro,681317,177334,100227,77107,0.0,158708,18626,54836,53582,67583,1333,548.73
01/08/2020,40,Ciudad de México Sur ,1,San Ángel,886532,375984,214102,161882,0.0,330738,45230,127885,131559,116428,112,472.11
01/08/2020,40,Ciudad de México Sur ,11,Santa Anita,228673,195285,115348,79937,0.0,173623,21662,72894,73181,49128,82,376.94
01/08/2020,40,Ciudad de México Sur ,54,Churubusco,519727,322814,192882,129932,0.0,281873,40937,157750,105632,59254,178,326.64
01/08/2020,40,Ciudad de México Sur ,58,Piedad Narvarte,580068,527883,305521,222362,0.0,456121,71762,162386,170329,194984,184,534.54
01/08/2020,40,Ciudad de México Sur ,6,Del Valle,312506,243523,139890,103633,0.0,209102,34421,82287,87089,73409,738,438.18
01/09/2020,39,Ciudad de México Norte ,11,Magdalena de las Salinas,576386,303220,181119,122101,0.0,268069,35151,103206,113606,86230,178,420.17
01/09/2020,39,Ciudad de México Norte ,16,Polanco,657760,638113,384032,254081,0.0,529050,109063,131487,200566,305212,848,681.13
01/09/2020,39,Ciudad de México Norte ,54,Santa MarÍa la Ribera,267862,256147,148410,107737,0.0,220053,36094,67609,101727,86714,97,507.69
01/09/2020,39,Ciudad de México Norte ,56,Guerrero,212335,175179,104989,70190,0.0,146355,28823,58649,60209,56082,239,424.79
01/09/2020,39,Ciudad de México Norte ,57,Centro,660856,211116,116570,94546,0.0,191679,19437,54142,65940,89698,1336,587.36
01/09/2020,40,Ciudad de México Sur ,1,San Ángel,929778,374996,213880,161116,0.0,329788,45190,123205,134240,117438,113,478.23
01/09/2020,40,Ciudad de México Sur ,11,Santa Anita,227051,193904,114146,79758,0.0,172764,21140,71676,74610,47538,80,371.86
01/09/2020,40,Ciudad de México Sur ,54,Churubusco,505559,325047,193590,131457,0.0,282784,42260,158565,105685,60615,182,329.84
01/09/2020,40,Ciudad de México Sur ,58,Piedad Narvarte,582350,529724,306092,223632,0.0,458463,71261,160546,174928,194024,226,533.12
01/09/2020,40,Ciudad de México Sur ,6,Del Valle,309853,241191,138870,102321,0.0,207107,34084,78910,87844,73700,737,442.5
01/10/2020,39,Ciudad de México Norte ,11,Magdalena de las Salinas,568028,293656,175737,117919,0.0,258020,35636,96559,110992,85922,183,428.39
01/10/2020,39,Ciudad de México Norte ,16,Polanco,664727,644971,389991,254980,0.0,524076,120895,133057,206298,304768,848,675.15
01/10/2020,39,Ciudad de México Norte ,54,Santa MarÍa la Ribera,271985,260252,149712,110540,0.0,223966,36286,70531,102426,87195,100,504.14
01/10/2020,39,Ciudad de México Norte ,56,Guerrero,213904,176912,106700,70212,0.0,147589,29322,61470,60029,55161,252,418.6
01/10/2020,39,Ciudad de México Norte ,57,Centro,627436,215785,119160,96625,0.0,194943,20842,55151,69295,90000,1339,580.17
01/10/2020,40,Ciudad de México Sur ,1,San Ángel,935359,384107,217632,166475,0.0,335845,48240,129986,136696,117305,120,470.44
01/10/2020,40,Ciudad de México Sur ,11,Santa Anita,227785,194296,114245,80051,0.0,172970,21326,72176,74653,47384,83,371.82
01/10/2020,40,Ciudad de México Sur ,54,Churubusco,542986,328363,194782,133581,0.0,284876,43483,159731,107070,61375,187,330.14
01/10/2020,40,Ciudad de México Sur ,58,Piedad Narvarte,592933,540096,312860,227236,0.0,463917,76179,163809,177599,197621,1067,534.03
01/10/2020,40,Ciudad de México Sur ,6,Del Valle,315918,247101,142501,104600,0.0,210332,36769,82643,90221,73496,741,436.33
01/11/2020,39,Ciudad de México Norte ,11,Magdalena de las Salinas,576436,290001,173149,116852,0.0,254731,35270,91771,112144,85907,179,435.78
01/11/2020,39,Ciudad de México Norte ,16,Polanco,671909,652234,395567,256667,0.0,527634,124600,130885,209037,311468,844,680.19
01/11/2020,39,Ciudad de México Norte ,54,Santa MarÍa la Ribera,268111,256217,145844,110373,0.0,218647,37570,63440,103822,88858,97,514.89
01/11/2020,39,Ciudad de México Norte ,56,Guerrero,212138,174852,104491,70361,0.0,145144,29706,58642,61681,54286,243,415.79
01/11/2020,39,Ciudad de México Norte ,57,Centro,631147,218276,121957,96319,0.0,196869,21407,55224,69825,91897,1330,575.94
01/11/2020,40,Ciudad de México Sur ,1,San Ángel,956469,392965,223287,169678,0.0,344547,48400,131189,141797,119865,114,471.83
01/11/2020,40,Ciudad de México Sur ,11,Santa Anita,229453,195242,115257,79985,0.0,173449,21793,71584,75005,48563,90,374.08
01/11/2020,40,Ciudad de México Sur ,54,Churubusco,551376,334356,197288,137068,0.0,289943,44411,162691,108691,62791,183,328.49
01/11/2020,40,Ciudad de México Sur ,58,Piedad Narvarte,592648,540546,313543,227003,0.0,462261,78285,160278,179251,199964,1053,537.92
01/11/2020,40,Ciudad de México Sur ,6,Del Valle,330518,255036,147674,107362,0.0,218908,36128,87950,91286,75061,739,433.16
01/12/2020,39,Ciudad de México Norte ,11,Magdalena de las Salinas,579543,286260,170236,116024,0.0,252185,34075,90850,108402,86828,180,439.99
01/12/2020,39,Ciudad de México Norte ,16,Polanco,665778,645968,390594,255374,0.0,525108,120860,127382,206823,310920,843,685.1
01/12/2020,39,Ciudad de México Norte ,54,Santa MarÍa la Ribera,260418,248414,142016,106398,0.0,215253,33161,59168,101512,87627,107,522.39
01/12/2020,39,Ciudad de México Norte ,56,Guerrero,211548,172907,103220,69687,0.0,143825,29080,58031,60975,53645,256,416.08
01/12/2020,39,Ciudad de México Norte ,57,Centro,636832,215198,119820,95378,0.0,194358,20840,53958,68455,91453,1332,579.19
01/12/2020,40,Ciudad de México Sur ,1,San Ángel,950504,386500,220113,166387,0.0,339863,46621,129058,137754,119566,122,476.16
01/12/2020,40,Ciudad de México Sur ,11,Santa Anita,225576,191164,112409,78755,0.0,169460,21704,69756,72927,48385,96,377.43
01/12/2020,40,Ciudad de México Sur ,54,Churubusco,539298,320253,188105,132148,0.0,279595,40656,152755,105502,61808,188,334.02
01/12/2020,40,Ciudad de México Sur ,58,Piedad Narvarte,580138,527705,306940,220765,0.0,453149,74556,153620,174333,198692,1060,544.58
01/12/2020,40,Ciudad de México Sur ,6,Del Valle,328531,252300,145644,106656,0.0,217852,34448,87767,89502,74288,743,434.69
01/01/2021,39,Ciudad de México Norte ,11,Magdalena de las Salinas,570521,276685,165185,111500,0.0,243051,33634,79518,106365,90625,177,466.1
01/01/2021,39,Ciudad de México Norte ,16,Polanco,665658,646183,390311,255872,0.0,524951,121232,114970,206594,323776,843,708.44
01/01/2021,39,Ciudad de México Norte ,54,Santa MarÍa la Ribera,260503,248488,142573,105915,0.0,212012,36476,50264,102515,95611,98,567.31
01/01/2021,39,Ciudad de México Norte ,56,Guerrero,211863,173084,104492,68592,0.0,144013,29069,53645,63418,55766,255,437.15
01/01/2021,39,Ciudad de México Norte ,57,Centro,609714,212135,118351,93784,0.0,192286,19849,48180,61044,101589,1322,615.97
01/01/2021,40,Ciudad de México Sur ,1,San Ángel,949516,384633,217906,166727,0.0,338877,45733,119795,142330,122385,123,493.78
01/01/2021,40,Ciudad de México Sur ,11,Santa Anita,226240,191827,112954,78873,0.0,169877,21950,65566,74084,52084,93,407.69
01/01/2021,40,Ciudad de México Sur ,54,Churubusco,535857,315336,186388,128948,0.0,273919,41415,142429,107389,65329,189,355.24
01/01/2021,40,Ciudad de México Sur ,58,Piedad Narvarte,574024,521316,302745,218571,0.0,448579,72737,139102,176410,204206,1598,570.78
01/01/2021,40,Ciudad de México Sur ,6,Del Valle,324558,248213,142569,105644,0.0,213574,34639,77062,91966,78441,744,461.54
01/02/2021,39,Ciudad de México Norte ,11,Magdalena de las Salinas,567667,272912,163845,109067,0.0,239398,33514,81718,103014,88002,178,472.36
01/02/2021,39,Ciudad de México Norte ,16,Polanco,664602,645227,387145,258082,0.0,527248,117979,123627,204981,315788,831,715.94
01/02/2021,39,Ciudad de México Norte ,54,Santa MarÍa la Ribera,260653,248678,141351,107327,0.0,213506,35172,55685,99427,93462,104,571.66
01/02/2021,39,Ciudad de México Norte ,56,Guerrero,214902,175934,106976,68958,0.0,144847,31085,57746,64057,53863,268,435.04
01/02/2021,39,Ciudad de México Norte ,57,Centro,630394,210951,117920,93031,0.0,191501,19450,51495,59237,98890,1329,622.1
01/02/2021,40,Ciudad de México Sur ,1,San Ángel,958347,388359,219618,168741,0.0,342327,45998,131079,138188,118956,136,493.78
01/02/2021,40,Ciudad de México Sur ,11,Santa Anita,222106,187776,110669,77107,0.0,165758,22017,68242,69298,50135,101,413.51
01/02/2021,40,Ciudad de México Sur ,54,Churubusco,542340,321564,189863,131701,0.0,280278,41283,150317,106495,64559,193,357.58
01/02/2021,40,Ciudad de México Sur ,58,Piedad Narvarte,570169,519717,301724,217993,0.0,449171,70546,153255,164750,200094,1618,575.74
01/02/2021,40,Ciudad de México Sur ,6,Del Valle,321868,245795,141485,104310,0.0,210877,34918,81972,87035,75447,1341,465.57
01/03/2021,39,Ciudad de México Norte ,11,Magdalena de las Salinas,568815,269935,163443,106492,0.0,236091,33844,80493,104140,85125,177,470.87
01/03/2021,39,Ciudad de México Norte ,16,Polanco,663916,644828,384783,260045,0.0,534324,110503,123663,208856,311384,925,719.86
01/03/2021,39,Ciudad de México Norte ,54,Santa MarÍa la Ribera,259079,247092,139304,107788,0.0,212716,34376,57807,100485,88697,103,554.48
01/03/2021,39,Ciudad de México Norte ,56,Guerrero,213852,174349,105584,68765,0.0,143770,30579,57112,63817,53166,254,429.34
01/03/2021,39,Ciudad de México Norte ,57,Centro,657036,212928,118854,94074,0.0,193688,19240,51010,62583,98018,1317,646.51
01/03/2021,40,Ciudad de México Sur ,1,San Ángel,960200,389718,220094,169624,0.0,342899,46797,129801,141954,117836,127,487.77
01/03/2021,40,Ciudad de México Sur ,11,Santa Anita,231100,196046,114560,81486,0.0,173419,22626,69084,77807,49059,96,391.08
01/03/2021,40,Ciudad de México Sur ,54,Churubusco,526359,315941,186843,129098,0.0,275318,40619,146824,105525,63409,183,357.6
01/03/2021,40,Ciudad de México Sur ,58,Piedad Narvarte,567065,516028,299070,216958,0.0,447009,69019,149013,166530,198870,1615,575.68
01/03/2021,40,Ciudad de México Sur ,6,Del Valle,322827,246761,142439,104322,0.0,212203,34558,79727,88896,76830,1308,467.24
01/04/2021,39,Ciudad de México Norte ,11,Magdalena de las Salinas,568185,269104,162441,106663,0.0,236084,33020,82004,102645,84284,171,469.82
01/04/2021,39,Ciudad de México Norte ,16,Polanco,666001,647998,385800,262198,0.0,537756,110241,124108,209093,313953,844,723.41
01/04/2021,39,Ciudad de México Norte ,54,Santa MarÍa la Ribera,257758,245715,139034,106681,0.0,212013,33702,56449,99294,89865,107,565.58
01/04/2021,39,Ciudad de México Norte ,56,Guerrero,213069,173496,104734,68762,0.0,143701,29795,57184,62969,53068,275,430.28
01/04/2021,39,Ciudad de México Norte ,57,Centro,617705,213175,119286,93889,0.0,193613,19562,50854,62422,98580,1319,647.86
01/04/2021,40,Ciudad de México Sur ,1,San Ángel,961207,388856,219567,169289,0.0,342773,46059,127798,142894,118027,137,489.66
01/04/2021,40,Ciudad de México Sur ,11,Santa Anita,226302,191220,112637,78583,0.0,168287,22932,68794,73389,48933,104,394.2
01/04/2021,40,Ciudad de México Sur ,54,Churubusco,533016,322724,190291,132433,0.0,281645,41074,146984,111158,64398,184,357.66
01/04/2021,40,Ciudad de México Sur ,58,Piedad Narvarte,566370,515107,298322,216785,0.0,446118,68989,150679,165793,196999,1636,571.7
01/04/2021,40,Ciudad de México Sur ,6,Del Valle,324264,248742,143362,105380,0.0,213060,35682,82008,88653,76752,1329,466.36
01/05/2021,39,Ciudad de México Norte ,11,Magdalena de las Salinas,572008,272838,164226,108612,0.0,239366,33472,82663,102075,87930,170,485.41
01/05/2021,39,Ciudad de México Norte ,16,Polanco,684878,666051,394350,271701,0.0,551881,114169,127990,217759,319458,844,724.42
01/05/2021,39,Ciudad de México Norte ,54,Santa MarÍa la Ribera,252582,240596,135959,104637,0.0,206174,34422,50251,96559,93681,105,587.37
01/05/2021,39,Ciudad de México Norte ,56,Guerrero,214632,174986,105599,69387,0.0,145954,29032,57356,64011,53355,264,432.26
01/05/2021,39,Ciudad de México Norte ,57,Centro,528714,215661,120818,94843,0.0,195279,20382,50118,68393,95838,1312,617.2
01/05/2021,40,Ciudad de México Sur ,1,San Ángel,960567,384030,216238,167792,0.0,337817,46189,125659,140017,118219,135,500.17
01/05/2021,40,Ciudad de México Sur ,11,Santa Anita,228110,192629,113014,79615,0.0,169966,22662,69638,73632,49257,102,395.56
01/05/2021,40,Ciudad de México Sur ,54,Churubusco,539441,328732,192803,135929,0.0,287560,41167,150920,112344,65286,182,361.87
01/05/2021,40,Ciudad de México Sur ,58,Piedad Narvarte,568089,516681,299111,217570,0.0,447941,68740,147511,167777,199770,1623,582.1
01/05/2021,40,Ciudad de México Sur ,6,Del Valle,319701,244008,140617,103391,0.0,208934,35074,78408,88056,76830,714,472.96
01/06/2021,39,Ciudad de México Norte ,11,Magdalena de las Salinas,571851,272615,163567,109048,0.0,239549,33066,83334,101710,87397,174,484.4
01/06/2021,39,Ciudad de México Norte ,16,Polanco,673804,655005,387270,267735,0.0,549426,105578,126460,210142,317557,846,731.81
01/06/2021,39,Ciudad de México Norte ,54,Santa MarÍa la Ribera,255699,243656,137850,105806,0.0,209405,34251,49871,98124,95551,110,590.17
01/06/2021,39,Ciudad de México Norte ,56,Guerrero,218108,178147,108396,69751,0.0,148778,29369,58955,65863,53063,266,424.01
01/06/2021,39,Ciudad de México Norte ,57,Centro,517738,216655,120875,95780,0.0,196729,19926,50601,68516,96234,1304,618.63
01/06/2021,40,Ciudad de México Sur ,1,San Ángel,966171,389215,217706,171509,0.0,339724,49470,127832,141366,119873,144,499.09
01/06/2021,40,Ciudad de México Sur ,11,Santa Anita,226674,191075,112030,79045,0.0,171176,19898,70029,72867,48071,108,388.95
01/06/2021,40,Ciudad de México Sur ,54,Churubusco,539032,328148,193461,134687,0.0,288273,39871,149005,112930,66026,187,363.98
01/06/2021,40,Ciudad de México Sur ,58,Piedad Narvarte,563839,512176,295550,216626,0.0,445618,66558,148538,163652,198360,1626,582.14
01/06/2021,40,Ciudad de México Sur ,6,Del Valle,319487,243783,140833,102950,0.0,210195,33588,79904,87193,75971,715,471.18
01/07/2021,39,Ciudad de México Norte ,11,Magdalena de las Salinas,587043,287618,169053,118565,0.0,254803,32815,81511,118792,87136,179,457.6
01/07/2021,39,Ciudad de México Norte ,16,Polanco,668661,649860,383763,266097,0.0,544267,105592,117164,199788,332094,814,745.86
01/07/2021,39,Ciudad de México Norte ,54,Santa MarÍa la Ribera,228302,216369,126346,90023,0.0,191276,25093,45435,79114,91713,107,617.98
01/07/2021,39,Ciudad de México Norte ,56,Guerrero,220733,180602,109876,70726,0.0,151502,29099,56040,68589,55713,260,429.59
01/07/2021,39,Ciudad de México Norte ,57,Centro,541576,202343,113401,88942,0.0,188278,14065,48826,62254,89961,1302,622.07
01/07/2021,40,Ciudad de México Sur ,1,San Ángel,979306,360444,197904,162540,0.0,315269,45157,120382,125997,113915,150,505.84
01/07/2021,40,Ciudad de México Sur ,11,Santa Anita,285795,250558,146978,103580,0.0,231795,18760,90164,108985,51303,106,359.07
01/07/2021,40,Ciudad de México Sur ,54,Churubusco,536916,326397,192990,133407,0.0,284548,41845,146330,114009,65863,195,359.02
01/07/2021,40,Ciudad de México Sur ,58,Piedad Narvarte,558306,507025,295466,211559,0.0,454355,52670,140989,161706,202159,2171,590.21
01/07/2021,40,Ciudad de México Sur ,6,Del Valle,334403,259530,149100,110430,0.0,234576,24954,76219,100646,81049,1616,472.6
01/08/2021,39,Ciudad de México Norte ,11,Magdalena de las Salinas,587236,289567,170411,119156,0.0,255974,33593,81906,118795,88681,185,461.68
01/08/2021,39,Ciudad de México Norte ,16,Polanco,682323,663532,390107,273425,0.0,554746,108785,121912,202670,338163,787,741.96
01/08/2021,39,Ciudad de México Norte ,54,Santa MarÍa la Ribera,229332,217457,127238,90219,0.0,191956,25501,47234,78349,91766,108,617.76
01/08/2021,39,Ciudad de México Norte ,56,Guerrero,223062,183347,111317,72030,0.0,154845,28501,57766,68844,56478,259,431.81
01/08/2021,39,Ciudad de México Norte ,57,Centro,606304,207274,114970,92304,0.0,194765,12509,47729,64228,94013,1304,631.34
01/08/2021,40,Ciudad de México Sur ,1,San Ángel,989646,363435,201011,162424,0.0,320333,43077,119873,124297,119111,154,515.53
01/08/2021,40,Ciudad de México Sur ,11,Santa Anita,286500,251299,147204,104095,0.0,233660,17636,91183,109028,50979,109,357.64
01/08/2021,40,Ciudad de México Sur ,54,Churubusco,523739,328984,194499,134485,0.0,287600,41379,148191,114099,66501,193,358.85
01/08/2021,40,Ciudad de México Sur ,58,Piedad Narvarte,558406,507821,297108,210713,0.0,459111,48710,136701,163345,205602,2173,593.98
01/08/2021,40,Ciudad de México Sur ,6,Del Valle,324439,249602,142693,106909,0.0,225402,24200,75971,97927,74095,1609,461.55
01/09/2021,39,Ciudad de México Norte ,11,Magdalena de las Salinas,612021,294417,173222,121195,0.0,260755,33662,82805,121296,90131,185,458.35
01/09/2021,39,Ciudad de México Norte ,16,Polanco,690143,671488,394978,276510,0.0,557756,113731,116084,209748,344871,785,743.52
01/09/2021,39,Ciudad de México Norte ,54,Santa MarÍa la Ribera,235714,223810,130746,93064,0.0,196823,26987,48560,80622,94522,106,618.19
01/09/2021,39,Ciudad de México Norte ,56,Guerrero,223116,183300,110927,72373,0.0,156278,27021,57297,70551,55214,238,424.55
01/09/2021,39,Ciudad de México Norte ,57,Centro,649965,204391,113160,91231,0.0,191530,12861,44919,62083,96087,1302,642.31
01/09/2021,40,Ciudad de México Sur ,1,San Ángel,993374,366289,203503,162786,0.0,323746,42521,117139,124972,124014,164,528.79
01/09/2021,40,Ciudad de México Sur ,11,Santa Anita,288486,252637,147708,104929,0.0,234978,17656,71112,106791,74624,110,413.55
01/09/2021,40,Ciudad de México Sur ,54,Churubusco,546843,325991,192498,133493,0.0,284943,41035,143961,115104,66741,185,363.65
01/09/2021,40,Ciudad de México Sur ,58,Piedad Narvarte,561034,509903,298710,211193,0.0,461640,48263,130406,165760,211102,2635,603.89
01/09/2021,40,Ciudad de México Sur ,6,Del Valle,327062,252956,143723,109233,0.0,230089,22867,72536,103517,75160,1743,465.49
01/10/2021,39,Ciudad de México Norte ,11,Magdalena de las Salinas,619415,300473,177058,123415,0.0,264281,36192,84773,124776,90733,191,454.75
01/10/2021,39,Ciudad de México Norte ,16,Polanco,692064,673462,395962,277500,0.0,554829,118632,117260,211598,343816,788,740.05
01/10/2021,39,Ciudad de México Norte ,54,Santa MarÍa la Ribera,238667,226526,132166,94360,0.0,200037,26489,49735,80678,96001,112,619.44
01/10/2021,39,Ciudad de México Norte ,56,Guerrero,226505,184987,112036,72951,0.0,156974,28012,58380,70476,55893,238,426.7
01/10/2021,39,Ciudad de México Norte ,57,Centro,670514,203310,112555,90755,0.0,190050,13260,44003,62227,95779,1301,645.54
01/10/2021,40,Ciudad de México Sur ,1,San Ángel,983484,354872,197038,157834,0.0,314110,40743,112189,119908,122600,175,539.2
01/10/2021,40,Ciudad de México Sur ,11,Santa Anita,288688,252558,147978,104580,0.0,234393,18162,72123,105296,75032,107,417.24
01/10/2021,40,Ciudad de México Sur ,54,Churubusco,549405,326091,193023,133068,0.0,284790,41289,144341,115758,65802,190,360.22
01/10/2021,40,Ciudad de México Sur ,58,Piedad Narvarte,578063,527170,307750,219420,0.0,475797,51373,136508,172122,215898,2642,600.86
01/10/2021,40,Ciudad de México Sur ,6,Del Valle,343532,262186,148227,113959,0.0,238762,23424,74709,107726,78010,1741,466.76
01/11/2021,39,Ciudad de México Norte ,11,Magdalena de las Salinas,624246,304380,178941,125439,0.0,267348,37032,82112,129740,92343,185,457.62
01/11/2021,39,Ciudad de México Norte ,16,Polanco,708208,689525,403019,286506,0.0,571310,118214,124820,214457,349460,788,734.5
01/11/2021,39,Ciudad de México Norte ,54,Santa MarÍa la Ribera,240134,227860,133378,94482,0.0,199379,28481,44795,82736,100223,106,637.1
01/11/2021,39,Ciudad de México Norte ,56,Guerrero,230327,187968,113970,73998,0.0,159765,28202,59377,72074,56294,223,423.14
01/11/2021,39,Ciudad de México Norte ,57,Centro,706433,207008,114581,92427,0.0,193628,13380,43525,64770,97414,1299,638.67
01/11/2021,40,Ciudad de México Sur ,1,San Ángel,984832,355068,197990,157078,0.0,313264,41783,107208,121382,126323,155,549.0
01/11/2021,40,Ciudad de México Sur ,11,Santa Anita,291134,253861,148766,105095,0.0,235275,18583,68792,106303,78658,108,423.92
01/11/2021,40,Ciudad de México Sur ,54,Churubusco,555857,329001,194726,134275,0.0,288081,40909,143936,118890,65985,190,358.67
01/11/2021,40,Ciudad de México Sur ,58,Piedad Narvarte,581562,531419,310443,220976,0.0,480542,50877,132359,176767,219384,2909,601.72
01/11/2021,40,Ciudad de México Sur ,6,Del Valle,344246,262480,147091,115389,0.0,237945,24535,69819,109421,81484,1756,481.03
01/12/2021,39,Ciudad de México Norte ,11,Magdalena de las Salinas,625944,305405,179944,125461,0.0,269257,36148,83674,129306,92237,188,456.6
01/12/2021,39,Ciudad de México Norte ,16,Polanco,700387,682255,396840,285415,0.0,566563,115691,121213,212924,347400,718,739.56
01/12/2021,39,Ciudad de México Norte ,54,Santa MarÍa la Ribera,235547,223385,131208,92177,0.0,198004,25381,43617,79723,99939,106,645.7
01/12/2021,39,Ciudad de México Norte ,56,Guerrero,228454,185957,112734,73223,0.0,159062,26894,58039,71546,56145,227,425.18
01/12/2021,39,Ciudad de México Norte ,57,Centro,671348,207275,114419,92856,0.0,192822,14453,42498,66084,97393,1300,639.97
01/12/2021,40,Ciudad de México Sur ,1,San Ángel,979981,350098,195232,154866,0.0,309849,40222,103775,120474,125686,163,552.87
01/12/2021,40,Ciudad de México Sur ,11,Santa Anita,294061,256271,149553,106718,0.0,237795,18473,69150,108467,78555,99,421.39
01/12/2021,40,Ciudad de México Sur ,54,Churubusco,545189,318583,188962,129621,0.0,279507,39065,137115,116254,65020,194,362.66
01/12/2021,40,Ciudad de México Sur ,58,Piedad Narvarte,574874,524827,305704,219123,0.0,476325,48502,126931,175032,219950,2914,609.82
01/12/2021,40,Ciudad de México Sur ,6,Del Valle,340310,258536,144946,113590,0.0,234904,23632,68310,107934,80537,1755,482.24
01/01/2022,39,Ciudad de México Norte ,11,Magdalena de las Salinas,623034,302177,177998,124179,0.0,266434,35743,1160,203335,97493,189,488.11
01/01/2022,39,Ciudad de México Norte ,16,Polanco,697557,679568,397116,282452,0.0,561330,118237,832,318524,359504,708,771.44
01/01/2022,39,Ciudad de México Norte ,54,Santa MarÍa la Ribera,239666,227500,134147,93353,0.0,199881,27619,373,121229,105801,97,681.02
01/01/2022,39,Ciudad de México Norte ,56,Guerrero,225821,183707,110893,72814,0.0,156716,26990,1015,122793,59685,214,458.08
01/01/2022,39,Ciudad de México Norte ,57,Centro,709399,208645,115643,93002,0.0,193597,15048,250,101477,105633,1285,673.16
01/01/2022,40,Ciudad de México Sur ,1,San Ángel,988807,354608,197458,157150,0.0,312979,41606,1291,220179,132984,154,585.21
01/01/2022,40,Ciudad de México Sur ,11,Santa Anita,290729,252898,147928,104970,0.0,234510,18384,810,161539,90453,96,477.19
01/01/2022,40,Ciudad de México Sur ,54,Churubusco,545825,319978,189304,130674,0.0,281322,38647,1465,248558,69754,201,388.43
01/01/2022,40,Ciudad de México Sur ,58,Piedad Narvarte,564722,514473,299809,214664,0.0,466830,47643,1387,283924,226207,2955,644.93
01/01/2022,40,Ciudad de México Sur ,6,Del Valle,339346,257613,143642,113971,0.0,233460,24153,938,170632,84298,1745,510.6
01/02/2022,39,Ciudad de México Norte ,11,Magdalena de las Salinas,622737,302013,177062,124951,0.0,265221,36792,70591,139336,91896,190,494.28
01/02/2022,39,Ciudad de México Norte ,16,Polanco,703009,685197,402272,282925,0.0,563252,121944,101614,233530,349351,702,786.45
01/02/2022,39,Ciudad de México Norte ,54,Santa MarÍa la Ribera,241185,228930,134988,93942,0.0,200537,28393,38008,89090,101731,101,692.22
01/02/2022,39,Ciudad de México Norte ,56,Guerrero,227714,185620,111819,73801,0.0,158636,26983,50751,78939,55720,210,460.31
01/02/2022,39,Ciudad de México Norte ,57,Centro,710817,209626,116364,93262,0.0,194576,15050,33451,75325,99600,1250,683.44
01/02/2022,40,Ciudad de México Sur ,1,San Ángel,994169,358639,198747,159892,0.0,316960,41650,90339,141617,126513,170,591.83
01/02/2022,40,Ciudad de México Sur ,11,Santa Anita,294051,256489,149418,107071,0.0,238342,18144,63206,109989,83194,100,476.8
01/02/2022,40,Ciudad de México Sur ,54,Churubusco,544710,318900,187961,130939,0.0,280650,38240,123828,129984,64891,197,392.59
01/02/2022,40,Ciudad de México Sur ,58,Piedad Narvarte,568877,518544,302657,215887,0.0,469465,49079,109762,189837,216001,2944,652.89
01/02/2022,40,Ciudad de México Sur ,6,Del Valle,339103,257502,143595,113907,0.0,233508,23994,59571,116998,79195,1738,517.04
01/03/2022,39,Ciudad de México Norte ,11,Magdalena de las Salinas,631035,301543,176385,125158,0.0,264547,36996,68361,142562,90435,185,495.85
01/03/2022,39,Ciudad de México Norte ,16,Polanco,699419,681616,397741,283875,0.0,565364,116251,96235,238041,346684,656,797.25
01/03/2022,39,Ciudad de México Norte ,54,Santa MarÍa la Ribera,244727,232500,137066,95434,0.0,203028,29472,36046,92444,103915,95,697.64
01/03/2022,39,Ciudad de México Norte ,56,Guerrero,228222,185708,111860,73848,0.0,158628,27079,48967,82102,54462,177,455.76
01/03/2022,39,Ciudad de México Norte ,57,Centro,648040,210917,117109,93808,0.0,195246,15671,32564,78748,98322,1283,737.33
01/03/2022,40,Ciudad de México Sur ,1,San Ángel,993579,357333,197892,159441,0.0,315466,41845,87452,142658,127061,162,595.02
01/03/2022,40,Ciudad de México Sur ,11,Santa Anita,297978,260787,151585,109202,0.0,242675,18108,62540,122741,75413,93,445.12
01/03/2022,40,Ciudad de México Sur ,54,Churubusco,543753,318363,187008,131355,0.0,279460,38893,119123,135151,63898,191,391.67
01/03/2022,40,Ciudad de México Sur ,58,Piedad Narvarte,569192,518386,301233,217153,0.0,469834,48552,103541,200981,213675,189,647.14
01/03/2022,40,Ciudad de México Sur ,6,Del Valle,337549,256369,142987,113382,0.0,232708,23661,56032,118766,79873,1698,520.23
01/04/2022,39,Ciudad de México Norte ,11,Magdalena de las Salinas,634879,304474,176593,127881,0.0,267213,37261,71877,141841,90573,183,494.39
01/04/2022,39,Ciudad de México Norte ,16,Polanco,693833,676137,391920,284217,0.0,566772,109364,98460,233289,343789,599,803.7
01/04/2022,39,Ciudad de México Norte ,54,Santa MarÍa la Ribera,245472,233193,137675,95518,0.0,203742,29451,36724,92083,104287,99,700.26
01/04/2022,39,Ciudad de México Norte ,56,Guerrero,226378,183740,110584,73156,0.0,156986,26752,47420,81232,54905,183,460.45
01/04/2022,39,Ciudad de México Norte ,57,Centro,617142,212930,118299,94631,0.0,195344,17586,33445,79143,99061,1281,737.98
01/04/2022,40,Ciudad de México Sur ,1,San Ángel,994516,358346,198623,159723,0.0,316375,41944,87845,142214,128108,179,597.14
01/04/2022,40,Ciudad de México Sur ,11,Santa Anita,298200,261138,151822,109316,0.0,243247,17887,62419,123318,75307,94,445.2
01/04/2022,40,Ciudad de México Sur ,54,Churubusco,532571,317837,187819,130018,0.0,280078,37749,117233,136184,64222,198,393.79
01/04/2022,40,Ciudad de México Sur ,58,Piedad Narvarte,571632,520521,301172,219349,0.0,470927,49594,105750,200176,214409,186,648.66
01/04/2022,40,Ciudad de México Sur ,6,Del Valle,338961,257940,142801,115139,0.0,234822,23118,56097,119831,80315,1697,522.05
01/05/2022,39,Ciudad de México Norte ,11,Magdalena de las Salinas,644758,313646,181130,132516,0.0,275865,37781,73780,145466,94224,176,499.0
01/05/2022,39,Ciudad de México Norte ,16,Polanco,690494,673037,386041,286996,0.0,572478,100558,97898,232952,341597,590,814.94
01/05/2022,39,Ciudad de México Norte ,54,Santa MarÍa la Ribera,246265,233921,138116,95805,0.0,204338,29583,36221,93335,104273,92,712.57
01/05/2022,39,Ciudad de México Norte ,56,Guerrero,228111,185416,111807,73609,0.0,158731,26685,48508,81153,55575,180,465.76
01/05/2022,39,Ciudad de México Norte ,57,Centro,628837,213332,118398,94934,0.0,197656,15676,32776,78234,101049,1273,699.1
01/05/2022,40,Ciudad de México Sur ,1,San Ángel,994163,358157,198019,160138,0.0,315780,42359,85863,143452,128664,178,602.06
01/05/2022,40,Ciudad de México Sur ,11,Santa Anita,296133,259082,151174,107908,0.0,241359,17719,59502,124143,75341,96,449.17
01/05/2022,40,Ciudad de México Sur ,54,Churubusco,532434,317464,187618,129846,0.0,280050,37404,111883,139404,65980,197,409.08
01/05/2022,40,Ciudad de México Sur ,58,Piedad Narvarte,572649,521340,302193,219147,0.0,472334,49006,102291,201444,217425,180,661.17
01/05/2022,40,Ciudad de México Sur ,6,Del Valle,331512,250666,138913,111753,0.0,227443,23223,55929,116280,76774,1683,517.41
01/06/2022,39,Ciudad de México Norte ,11,Magdalena de las Salinas,648048,317107,182467,134640,0.0,277411,39696,76932,145445,94552,178,500.77
01/06/2022,39,Ciudad de México Norte ,16,Polanco,685583,668211,383881,284330,0.0,574865,93345,98275,227891,341460,585,821.82
01/06/2022,39,Ciudad de México Norte ,54,Santa MarÍa la Ribera,246323,233878,138092,95786,0.0,204218,29660,36713,92489,104581,95,714.8
01/06/2022,39,Ciudad de México Norte ,56,Guerrero,228446,186588,112352,74236,0.0,159533,27055,49460,81876,55053,199,458.06
01/06/2022,39,Ciudad de México Norte ,57,Centro,613325,215714,119863,95851,0.0,199902,15812,33142,79648,101652,1272,697.12
01/06/2022,40,Ciudad de México Sur ,1,San Ángel,995958,359730,198924,160806,0.0,317412,42267,87338,142898,129304,190,604.55
01/06/2022,40,Ciudad de México Sur ,11,Santa Anita,299801,262922,153039,109883,0.0,243942,18976,64255,122640,75935,92,445.42
01/06/2022,40,Ciudad de México Sur ,54,Churubusco,533717,319040,188357,130683,0.0,280308,38722,112980,139945,65908,207,408.35
01/06/2022,40,Ciudad de México Sur ,58,Piedad Narvarte,574830,523366,302914,220452,0.0,474103,49263,105023,200843,217322,178,657.52
01/06/2022,40,Ciudad de México Sur ,6,Del Valle,331400,250843,139133,111710,0.0,227563,23280,57910,114569,76686,1678,516.43
01/07/2022,39,Ciudad de México Norte ,11,Magdalena de las Salinas,648073,316775,182402,134373,0.0,275912,40863,73595,147091,95921,168,496.27
01/07/2022,39,Ciudad de México Norte ,16,Polanco,690432,673088,387756,285332,0.0,577873,95215,95002,228991,348560,535,814.03
01/07/2022,39,Ciudad de México Norte ,54,Santa MarÍa la Ribera,248042,235529,138854,96675,0.0,205713,29816,35330,93603,106505,91,713.19
01/07/2022,39,Ciudad de México Norte ,56,Guerrero,239913,198556,118711,79845,0.0,171934,26622,49095,91081,58189,191,454.45
01/07/2022,39,Ciudad de México Norte ,57,Centro,566578,219582,121963,97619,0.0,202457,17125,32756,79365,106190,1271,701.36
01/07/2022,40,Ciudad de México Sur ,1,San Ángel,1018374,366518,202342,164176,0.0,323779,42681,88091,146341,131899,187,598.79
01/07/2022,40,Ciudad de México Sur ,11,Santa Anita,298800,262159,152934,109225,0.0,244145,18012,61348,121882,78850,79,456.06
01/07/2022,40,Ciudad de México Sur ,54,Churubusco,531827,315370,185961,129409,0.0,277600,37768,110427,136442,68304,197,414.45
01/07/2022,40,Ciudad de México Sur ,58,Piedad Narvarte,574482,522944,302429,220515,0.0,473013,49931,99878,205205,217688,173,650.93
01/07/2022,40,Ciudad de México Sur ,6,Del Valle,316847,237370,131735,105635,0.0,213234,24136,54802,105948,75133,1487,525.61
01/08/2022,39,Ciudad de México Norte ,11,Magdalena de las Salinas,616060,312581,180490,132091,0.0,271368,41213,70297,146836,95280,168,498.42
01/08/2022,39,Ciudad de México Norte ,16,Polanco,698734,681250,393367,287883,0.0,581402,99848,96152,229574,354993,531,815.8
01/08/2022,39,Ciudad de México Norte ,54,Santa MarÍa la Ribera,248462,235837,138759,97078,0.0,207114,28723,36051,92750,106944,92,714.25
01/08/2022,39,Ciudad de México Norte ,56,Guerrero,242520,202211,120126,82085,0.0,175272,26939,52496,90999,58511,205,450.79
01/08/2022,39,Ciudad de México Norte ,57,Centro,512417,222429,123515,98914,0.0,205199,17230,33322,79765,108077,1265,704.4
01/08/2022,40,Ciudad de México Sur ,1,San Ángel,1056190,370366,204544,165822,0.0,326556,43787,88854,149134,132186,192,596.71
01/08/2022,40,Ciudad de México Sur ,11,Santa Anita,299470,264460,154127,110333,0.0,245334,19124,64809,121499,78074,78,451.38
01/08/2022,40,Ciudad de México Sur ,54,Churubusco,570664,315803,186065,129738,0.0,277793,38007,109767,137970,67862,204,410.44
01/08/2022,40,Ciudad de México Sur ,58,Piedad Narvarte,575557,523566,303104,220462,0.0,474184,49382,100277,205574,217540,175,648.41
01/08/2022,40,Ciudad de México Sur ,6,Del Valle,318331,238954,132236,106718,0.0,214426,24528,56373,105563,75136,1882,524.97
01/09/2022,39,Ciudad de México Norte ,11,Magdalena de las Salinas,641791,311088,178838,132250,0.0,269372,41716,67283,148125,95512,168,498.62
01/09/2022,39,Ciudad de México Norte ,16,Polanco,704931,687507,396217,291290,0.0,581262,106245,95095,234575,357318,519,814.58
01/09/2022,39,Ciudad de México Norte ,54,Santa MarÍa la Ribera,250714,237825,139301,98524,0.0,206383,31442,37459,93889,106383,94,704.58
01/09/2022,39,Ciudad de México Norte ,56,Guerrero,244938,203295,120623,82672,0.0,175649,27646,51451,93322,58327,195,450.92
01/09/2022,39,Ciudad de México Norte ,57,Centro,473376,223545,124150,99395,0.0,206546,16999,33121,81944,107224,1256,705.76
01/09/2022,40,Ciudad de México Sur ,1,San Ángel,1063466,378030,208550,169480,0.0,332652,45356,92478,152528,132861,163,593.24
01/09/2022,40,Ciudad de México Sur ,11,Santa Anita,300095,263575,153869,109706,0.0,245947,17627,61965,122851,78683,76,453.93
01/09/2022,40,Ciudad de México Sur ,54,Churubusco,560685,320716,189516,131200,0.0,283091,37622,112616,138566,69337,197,412.76
01/09/2022,40,Ciudad de México Sur ,58,Piedad Narvarte,584044,532126,308050,224076,0.0,482745,49381,104014,208649,219294,169,645.49
01/09/2022,40,Ciudad de México Sur ,6,Del Valle,317838,239623,132397,107226,0.0,213386,26237,57115,105946,74663,1899,520.82
01/10/2022,39,Ciudad de México Norte ,11,Magdalena de las Salinas,586647,314040,180595,133445,0.0,271006,43034,68322,150126,95429,163,495.93
01/10/2022,39,Ciudad de México Norte ,16,Polanco,708919,691639,399317,292322,0.0,584773,106865,97897,233667,359557,518,813.73
01/10/2022,39,Ciudad de México Norte ,54,Santa MarÍa la Ribera,258465,245436,144562,100874,0.0,213298,32138,41211,95815,108307,103,697.04
01/10/2022,39,Ciudad de México Norte ,56,Guerrero,248019,205241,121807,83434,0.0,176947,28293,51964,93616,59461,200,453.47
01/10/2022,39,Ciudad de México Norte ,57,Centro,443158,228912,126690,102222,0.0,208620,20292,34141,85039,108485,1247,703.02
01/10/2022,40,Ciudad de México Sur ,1,San Ángel,1071276,384210,211162,173048,0.0,338688,45501,94462,153908,135667,173,591.33
01/10/2022,40,Ciudad de México Sur ,11,Santa Anita,303333,265039,154571,110468,0.0,247105,17933,63741,122460,78756,82,453.4
01/10/2022,40,Ciudad de México Sur ,54,Churubusco,566019,320996,188934,132062,0.0,282727,38265,114512,137562,68721,201,410.58
01/10/2022,40,Ciudad de México Sur ,58,Piedad Narvarte,580186,531189,305806,225383,0.0,480860,50329,105371,205043,220605,170,649.86
01/10/2022,40,Ciudad de México Sur ,6,Del Valle,326521,240360,132854,107506,0.0,213565,26795,57232,106613,74623,1892,518.96
01/11/2022,39,Ciudad de México Norte ,11,Magdalena de las Salinas,596627,321842,183944,137898,0.0,278120,43722,69269,154843,97579,151,499.61
01/11/2022,39,Ciudad de México Norte ,16,Polanco,710564,693565,400189,293376,0.0,585970,107594,93116,238679,361255,515,814.41
01/11/2022,39,Ciudad de México Norte ,54,Santa MarÍa la Ribera,260173,247070,145277,101793,0.0,214288,32782,38424,98497,110046,103,700.1
01/11/2022,39,Ciudad de México Norte ,56,Guerrero,246549,202926,121233,81693,0.0,174691,28234,48265,94052,60406,203,459.5
01/11/2022,39,Ciudad de México Norte ,57,Centro,408677,225579,124694,100885,0.0,207545,18034,32836,84866,106635,1242,696.77
01/11/2022,40,Ciudad de México Sur ,1,San Ángel,1071792,384614,210950,173664,0.0,338405,46182,90850,154859,138738,167,600.06
01/11/2022,40,Ciudad de México Sur ,11,Santa Anita,305730,267502,154820,112682,0.0,247820,19682,62692,123250,81482,78,457.43
01/11/2022,40,Ciudad de México Sur ,54,Churubusco,562728,316743,185615,131128,0.0,279493,37247,111840,137740,66971,192,403.51
01/11/2022,40,Ciudad de México Sur ,58,Piedad Narvarte,587243,538512,310323,228189,0.0,488573,49939,102436,211612,224304,160,649.4
01/11/2022,40,Ciudad de México Sur ,6,Del Valle,329138,242716,134112,108604,0.0,216153,26563,54724,109129,76960,1903,523.98
01/12/2022,39,Ciudad de México Norte ,11,Magdalena de las Salinas,593518,316413,181438,134975,0.0,273419,42994,67062,152133,97069,149,503.07
01/12/2022,39,Ciudad de México Norte ,16,Polanco,708244,691465,399144,292321,0.0,583279,108185,90817,237079,363129,440,820.95
01/12/2022,39,Ciudad de México Norte ,54,Santa MarÍa la Ribera,254243,241210,141768,99442,0.0,211716,29494,36521,94920,109664,105,712.32
01/12/2022,39,Ciudad de México Norte ,56,Guerrero,244578,200560,120140,80420,0.0,172504,28055,46929,92762,60657,212,463.69
01/12/2022,39,Ciudad de México Norte ,57,Centro,412514,221502,122272,99230,0.0,205447,16055,31891,82047,106329,1235,706.89
01/12/2022,40,Ciudad de México Sur ,1,San Ángel,1070701,383125,209422,173703,0.0,337847,45262,90757,153251,138937,180,601.31
01/12/2022,40,Ciudad de México Sur ,11,Santa Anita,300059,261497,152190,109307,0.0,244564,16933,57048,122800,81571,78,463.4
01/12/2022,40,Ciudad de México Sur ,54,Churubusco,543954,310416,181261,129155,0.0,274539,35873,109754,134884,65582,196,405.17
01/12/2022,40,Ciudad de México Sur ,58,Piedad Narvarte,577882,529233,302459,226774,0.0,480820,48413,103325,206167,219578,163,646.49
01/12/2022,40,Ciudad de México Sur ,6,Del Valle,324441,239561,132244,107317,0.0,213968,25588,53181,107866,76605,1909,528.38
01/01/2023,39,Ciudad de México Norte ,11,Magdalena de las Salinas,596661,317552,181676,135876,0.0,275650,41902,2041,213432,101940,139,532.56
01/01/2023,39,Ciudad de México Norte ,16,Polanco,705029,688324,398132,290192,0.0,579437,108886,1510,312929,373444,441,854.96
01/01/2023,39,Ciudad de México Norte ,54,Santa MarÍa la Ribera,255865,242829,142736,100093,0.0,211040,31789,602,128014,114122,91,749.97
01/01/2023,39,Ciudad de México Norte ,56,Guerrero,244130,199857,119241,80616,0.0,172043,27813,1614,135012,63033,198,494.96
01/01/2023,39,Ciudad de México Norte ,57,Centro,381279,220109,121314,98795,0.0,206527,13582,438,101064,117388,1219,753.59
01/01/2023,40,Ciudad de México Sur ,1,San Ángel,1070972,379981,208079,171902,0.0,335633,44330,1870,233095,144848,168,640.47
01/01/2023,40,Ciudad de México Sur ,11,Santa Anita,299403,260452,151322,109130,0.0,243284,17168,1644,164929,93810,69,521.44
01/01/2023,40,Ciudad de México Sur ,54,Churubusco,542639,309529,181339,128190,0.0,273649,35876,1912,235778,71648,191,439.04
01/01/2023,40,Ciudad de México Sur ,58,Piedad Narvarte,569501,523926,299895,224031,0.0,475469,48457,4222,288759,230780,165,690.11
01/01/2023,40,Ciudad de México Sur ,6,Del Valle,320957,236135,130562,105573,0.0,210970,25161,1699,151398,81220,1818,567.25
01/02/2023,39,Ciudad de México Norte ,11,Magdalena de las Salinas,603848,318676,181971,136705,0.0,277830,40846,1364,222854,94315,143,538.72
01/02/2023,39,Ciudad de México Norte ,16,Polanco,708246,692156,400567,291589,0.0,576756,115399,782,332472,358464,438,869.37
01/02/2023,39,Ciudad de México Norte ,54,Santa MarÍa la Ribera,257554,244775,143608,101167,0.0,212443,32331,393,135218,109061,103,760.53
01/02/2023,39,Ciudad de México Norte ,56,Guerrero,243253,198905,118454,80451,0.0,170884,28020,1141,141168,56390,206,495.44
01/02/2023,39,Ciudad de México Norte ,57,Centro,422991,218916,120794,98122,0.0,204999,13917,302,108499,108904,1211,764.53
01/02/2023,40,Ciudad de México Sur ,1,San Ángel,1072129,379602,207929,171673,0.0,334100,45484,951,242857,135614,180,649.5
01/02/2023,40,Ciudad de México Sur ,11,Santa Anita,299379,260040,151002,109038,0.0,242648,17392,950,174869,84148,73,522.65
01/02/2023,40,Ciudad de México Sur ,54,Churubusco,545771,312515,182332,130183,0.0,276367,36144,1371,244711,66240,193,442.75
01/02/2023,40,Ciudad de México Sur ,58,Piedad Narvarte,583514,537267,308495,228772,0.0,487632,49635,3157,312146,221800,164,696.87
01/02/2023,40,Ciudad de México Sur ,6,Del Valle,319006,234417,129276,105141,0.0,209682,24731,809,156349,75450,1809,578.72
01/03/2023,39,Ciudad de México Norte ,11,Magdalena de las Salinas,607475,317571,181451,136120,0.0,276766,40805,1302,221792,94343,134,544.62
01/03/2023,39,Ciudad de México Norte ,16,Polanco,716003,700104,407412,292692,0.0,576934,123170,564,334117,365013,410,878.13
01/03/2023,39,Ciudad de México Norte ,54,Santa MarÍa la Ribera,259275,246654,144392,102262,0.0,213645,33007,344,135755,110454,101,758.43
01/03/2023,39,Ciudad de México Norte ,56,Guerrero,242818,199241,118620,80621,0.0,171565,27675,970,140961,57104,206,494.64
01/03/2023,39,Ciudad de México Norte ,57,Centro,491046,221633,121977,99656,0.0,205708,15925,286,112255,107875,1217,836.97
01/03/2023,40,Ciudad de México Sur ,1,San Ángel,1052755,379533,207638,171895,0.0,333894,45617,886,243428,135051,168,649.92
01/03/2023,40,Ciudad de México Sur ,11,Santa Anita,300427,260739,151075,109664,0.0,243384,17355,931,181910,77825,73,492.28
01/03/2023,40,Ciudad de México Sur ,54,Churubusco,544356,311163,181559,129604,0.0,275857,35302,1319,244621,65036,187,443.27
01/03/2023,40,Ciudad de México Sur ,58,Piedad Narvarte,583947,537680,307889,229791,0.0,486644,51036,1724,318402,217404,150,689.24
01/03/2023,40,Ciudad de México Sur ,6,Del Valle,320486,237195,130881,106314,0.0,212150,25040,769,159008,75558,1860,577.5
01/04/2023,39,Ciudad de México Norte ,11,Magdalena de las Salinas,609436,317490,181167,136323,0.0,276491,40999,1248,221394,94715,133,546.99
01/04/2023,39,Ciudad de México Norte ,16,Polanco,716259,700375,409332,291043,0.0,574068,126307,540,328628,370832,375,885.82
01/04/2023,39,Ciudad de México Norte ,54,Santa MarÍa la Ribera,260288,247680,144965,102715,0.0,216097,31580,319,136716,110547,98,757.69
01/04/2023,39,Ciudad de México Norte ,56,Guerrero,243185,199525,118335,81190,0.0,172166,27358,887,141002,57428,208,495.87
01/04/2023,39,Ciudad de México Norte ,57,Centro,480287,221324,121802,99522,0.0,206065,15259,263,112955,106893,1213,834.12
01/04/2023,40,Ciudad de México Sur ,1,San Ángel,1056494,379607,207259,172348,0.0,334258,45329,867,243285,135278,177,650.5
01/04/2023,40,Ciudad de México Sur ,11,Santa Anita,299503,259564,150420,109144,0.0,241799,17765,886,181179,77421,78,492.52
01/04/2023,40,Ciudad de México Sur ,54,Churubusco,545232,311705,182136,129569,0.0,276282,35419,1290,244742,65483,190,445.04
01/04/2023,40,Ciudad de México Sur ,58,Piedad Narvarte,592283,545976,311350,234626,0.0,492418,53558,1540,325372,218908,156,687.28
01/04/2023,40,Ciudad de México Sur ,6,Del Valle,321035,238189,131413,106776,0.0,212819,25365,719,159007,76602,1861,580.39
01/05/2023,39,Ciudad de México Norte ,11,Magdalena de las Salinas,583059,317717,181497,136220,0.0,277194,40523,1422,215210,100953,132,572.67
01/05/2023,39,Ciudad de México Norte ,16,Polanco,720873,705023,412563,292460,0.0,574160,130863,538,331121,372988,376,893.71
01/05/2023,39,Ciudad de México Norte ,54,Santa MarÍa la Ribera,260183,247593,144908,102685,0.0,216070,31521,322,137548,109628,95,769.13
01/05/2023,39,Ciudad de México Norte ,56,Guerrero,244313,200772,119308,81464,0.0,173196,27575,977,141401,58198,196,500.93
01/05/2023,39,Ciudad de México Norte ,57,Centro,529409,220422,121247,99175,0.0,206246,14176,286,112305,106614,1217,771.59
01/05/2023,40,Ciudad de México Sur ,1,San Ángel,1056728,379715,206275,173440,0.0,333771,45923,983,243154,135416,162,656.16
01/05/2023,40,Ciudad de México Sur ,11,Santa Anita,299326,259114,149243,109871,0.0,240019,19095,1023,182893,75127,71,489.32
01/05/2023,40,Ciudad de México Sur ,54,Churubusco,550563,316613,184522,132091,0.0,280621,35989,1307,248426,66701,179,449.17
01/05/2023,40,Ciudad de México Sur ,58,Piedad Narvarte,595194,548455,314280,234175,0.0,496701,51754,1165,322253,224895,142,703.77
01/05/2023,40,Ciudad de México Sur ,6,Del Valle,322188,239303,131574,107729,0.0,214091,25207,818,159702,76929,1854,580.88
01/06/2023,39,Ciudad de México Norte ,11,Magdalena de las Salinas,547539,318542,181523,137019,0.0,278097,40445,1449,216404,100557,132,571.93
01/06/2023,39,Ciudad de México Norte ,16,Polanco,725343,709263,415031,294232,0.0,575934,133329,562,332742,375581,378,891.99
01/06/2023,39,Ciudad de México Norte ,54,Santa MarÍa la Ribera,256243,243554,142905,100649,0.0,213387,30165,306,134199,108953,96,775.69
01/06/2023,39,Ciudad de México Norte ,56,Guerrero,243389,200150,119018,81132,0.0,172579,27570,989,141112,57848,201,498.38
01/06/2023,39,Ciudad de México Norte ,57,Centro,508756,223432,122310,101122,0.0,207354,16078,314,114809,107106,1203,771.16
01/06/2023,40,Ciudad de México Sur ,1,San Ángel,1033310,379847,206645,173202,0.0,334102,45722,998,243108,135565,176,657.74
01/06/2023,40,Ciudad de México Sur ,11,Santa Anita,294303,253981,146690,107291,0.0,235463,18518,1084,178521,74301,75,490.34
01/06/2023,40,Ciudad de México Sur ,54,Churubusco,555364,321289,186678,134611,0.0,284693,36591,1302,253175,66629,183,445.81
01/06/2023,40,Ciudad de México Sur ,58,Piedad Narvarte,591186,544358,311568,232790,0.0,492911,51447,1206,320464,222542,146,703.46
01/06/2023,40,Ciudad de México Sur ,6,Del Valle,323800,241085,132034,109051,0.0,215751,25301,848,161260,77050,1927,577.35
01/07/2023,39,Ciudad de México Norte ,11,Magdalena de las Salinas,551500,319223,182395,136828,0.0,278434,40789,1520,219674,97906,123,549.06
01/07/2023,39,Ciudad de México Norte ,16,Polanco,732416,716523,420281,296242,0.0,577660,138863,556,331069,384581,317,884.96
01/07/2023,39,Ciudad de México Norte ,54,Santa MarÍa la Ribera,257637,245083,144349,100734,0.0,215630,29451,301,133229,111457,96,768.65
01/07/2023,39,Ciudad de México Norte ,56,Guerrero,243686,200550,119140,81410,0.0,173221,27328,1031,140446,58881,192,501.16
01/07/2023,39,Ciudad de México Norte ,57,Centro,558525,223671,122721,100950,0.0,208145,15526,316,111623,110548,1184,776.1
01/07/2023,40,Ciudad de México Sur ,1,San Ángel,1045542,379056,206067,172989,0.0,328801,50228,1000,240758,137135,163,653.45
01/07/2023,40,Ciudad de México Sur ,11,Santa Anita,294992,254876,147426,107450,0.0,237414,17462,1117,178996,74690,73,492.55
01/07/2023,40,Ciudad de México Sur ,54,Churubusco,535121,325293,187494,137799,0.0,288665,36623,1268,256056,67788,181,448.05
01/07/2023,40,Ciudad de México Sur ,58,Piedad Narvarte,582364,535626,306727,228899,0.0,483916,51710,1255,311508,222720,143,707.47
01/07/2023,40,Ciudad de México Sur ,6,Del Valle,320042,237694,130277,107417,0.0,212293,25340,894,157890,77124,1786,580.4
01/08/2023,39,Ciudad de México Norte ,11,Magdalena de las Salinas,551375,320199,182824,137375,0.0,279923,40276,1582,220478,98013,126,547.99
01/08/2023,39,Ciudad de México Norte ,16,Polanco,740757,724818,427792,297026,0.0,577953,146865,591,331906,392031,290,882.96
01/08/2023,39,Ciudad de México Norte ,54,Santa MarÍa la Ribera,262246,249668,146596,103072,0.0,219052,30614,276,136208,113093,91,765.8
01/08/2023,39,Ciudad de México Norte ,56,Guerrero,244325,201567,119816,81751,0.0,173480,28086,1052,141791,58523,201,497.68
01/08/2023,39,Ciudad de México Norte ,57,Centro,539015,226709,124242,102467,0.0,210710,15999,321,112466,112744,1178,780.91
01/08/2023,40,Ciudad de México Sur ,1,San Ángel,1084432,383299,208917,174382,0.0,333318,49947,1059,244695,137379,166,649.47
01/08/2023,40,Ciudad de México Sur ,11,Santa Anita,295778,255591,148203,107388,0.0,238783,16808,1128,180738,73652,73,488.83
01/08/2023,40,Ciudad de México Sur ,54,Churubusco,524841,323272,186766,136506,0.0,287307,35961,1295,254047,67746,184,448.98
01/08/2023,40,Ciudad de México Sur ,58,Piedad Narvarte,580833,534141,305658,228483,0.0,482338,51803,1324,309879,222790,148,709.28
01/08/2023,40,Ciudad de México Sur ,6,Del Valle,320318,238247,130394,107853,0.0,212611,25569,915,158236,77242,1854,579.85
01/09/2023,39,Ciudad de México Norte ,11,Magdalena de las Salinas,566606,322371,183657,138714,0.0,281696,40675,1629,222701,97920,121,547.6
01/09/2023,39,Ciudad de México Norte ,16,Polanco,750427,734653,433506,301147,0.0,580250,154403,626,337477,396291,259,875.0
01/09/2023,39,Ciudad de México Norte ,54,Santa MarÍa la Ribera,262592,250154,146876,103278,0.0,217618,32534,270,137849,111954,81,760.79
01/09/2023,39,Ciudad de México Norte ,56,Guerrero,245232,200701,118796,81905,0.0,172867,27833,1058,140956,58489,198,499.7
01/09/2023,39,Ciudad de México Norte ,57,Centro,582148,227971,124800,103171,0.0,209728,18243,341,114418,112041,1171,784.2
01/09/2023,40,Ciudad de México Sur ,1,San Ángel,1089704,387224,209703,177521,0.0,336965,50231,1046,246011,139985,182,655.63
01/09/2023,40,Ciudad de México Sur ,11,Santa Anita,296894,254265,147832,106433,0.0,237059,17205,1120,177753,75322,70,496.54
01/09/2023,40,Ciudad de México Sur ,54,Churubusco,542866,326171,188277,137894,0.0,289902,36265,1468,256914,67607,182,444.23
01/09/2023,40,Ciudad de México Sur ,58,Piedad Narvarte,585352,540448,308348,232100,0.0,487586,52862,1386,315046,223867,149,706.05
01/09/2023,40,Ciudad de México Sur ,6,Del Valle,319657,237355,129801,107554,0.0,211398,25885,945,157090,77448,1872,579.6
01/10/2023,39,Ciudad de México Norte ,11,Magdalena de las Salinas,572699,325261,185625,139636,0.0,284556,40705,1677,224274,99186,124,550.18
01/10/2023,39,Ciudad de México Norte ,16,Polanco,755179,738947,436659,302288,0.0,583564,155383,658,337209,400820,260,876.16
01/10/2023,39,Ciudad de México Norte ,54,Santa MarÍa la Ribera,264921,251754,147736,104018,0.0,219023,32729,256,138816,112603,79,761.05
01/10/2023,39,Ciudad de México Norte ,56,Guerrero,248796,202653,119918,82735,0.0,174696,27955,1085,141835,59524,209,503.46
01/10/2023,39,Ciudad de México Norte ,57,Centro,576425,226885,124294,102591,0.0,208956,17929,347,113699,111665,1174,783.87
01/10/2023,40,Ciudad de México Sur ,1,San Ángel,1098679,393538,213598,179940,0.0,344833,48679,1124,251159,141059,196,651.2
01/10/2023,40,Ciudad de México Sur ,11,Santa Anita,298602,254688,148615,106073,0.0,237432,17255,1096,178626,74899,67,495.94
01/10/2023,40,Ciudad de México Sur ,54,Churubusco,545879,329213,188868,140345,0.0,292892,36317,1657,259809,67560,187,441.72
01/10/2023,40,Ciudad de México Sur ,58,Piedad Narvarte,593393,548239,312704,235535,0.0,492069,56170,1421,321481,225189,148,703.57
01/10/2023,40,Ciudad de México Sur ,6,Del Valle,331122,239012,130901,108111,0.0,214071,24863,1006,158642,77496,1868,578.99
01/11/2023,39,Ciudad de México Norte ,11,Magdalena de las Salinas,539571,330435,188114,142321,0.0,287427,43008,1774,226815,101724,122,551.02
01/11/2023,39,Ciudad de México Norte ,16,Polanco,759980,743932,438916,305016,0.0,584951,158981,696,335351,407600,285,878.32
01/11/2023,39,Ciudad de México Norte ,54,Santa MarÍa la Ribera,270321,257167,150852,106315,0.0,223708,33457,273,139371,117453,70,773.55
01/11/2023,39,Ciudad de México Norte ,56,Guerrero,252401,205588,121452,84136,0.0,177850,27737,1121,143943,60331,193,503.55
01/11/2023,39,Ciudad de México Norte ,57,Centro,559610,230724,125167,105557,0.0,211006,19718,355,116874,112328,1167,771.32
01/11/2023,40,Ciudad de México Sur ,1,San Ángel,1094220,389012,210704,178308,0.0,340721,48263,1150,247217,140453,192,646.69
01/11/2023,40,Ciudad de México Sur ,11,Santa Anita,299868,255843,149068,106775,0.0,238088,17754,1123,177719,76936,65,497.18
01/11/2023,40,Ciudad de México Sur ,54,Churubusco,551846,330926,190253,140673,0.0,293785,37137,1786,259561,69394,185,443.29
01/11/2023,40,Ciudad de México Sur ,58,Piedad Narvarte,586959,541783,308962,232821,0.0,487102,54681,1505,316062,224078,138,705.43
01/11/2023,40,Ciudad de México Sur ,6,Del Valle,331813,239629,130745,108884,0.0,214733,24858,1048,158434,78302,1845,581.3
01/12/2023,39,Ciudad de México Norte ,11,Magdalena de las Salinas,535205,325983,186071,139912,0.0,283779,42204,1831,222439,101586,127,554.6
01/12/2023,39,Ciudad de México Norte ,16,Polanco,748117,732304,430228,302076,0.0,582077,150227,715,328490,402861,238,883.55
01/12/2023,39,Ciudad de México Norte ,54,Santa MarÍa la Ribera,265355,252254,147791,104463,0.0,221250,31002,282,135177,116726,69,782.73
01/12/2023,39,Ciudad de México Norte ,56,Guerrero,249760,202545,119674,82871,0.0,175562,26981,1145,140748,60456,196,507.71
01/12/2023,39,Ciudad de México Norte ,57,Centro,661169,224838,122071,102767,0.0,207518,17320,360,112108,111206,1164,783.46
01/12/2023,40,Ciudad de México Sur ,1,San Ángel,1091537,386597,208876,177721,0.0,339260,47313,1191,246040,139163,203,644.59
01/12/2023,40,Ciudad de México Sur ,11,Santa Anita,295563,251687,146437,105250,0.0,234811,16875,1097,173101,77416,73,501.5
01/12/2023,40,Ciudad de México Sur ,54,Churubusco,548427,327574,188142,139432,0.0,291990,35580,1861,256823,68703,187,443.97
01/12/2023,40,Ciudad de México Sur ,58,Piedad Narvarte,580631,535263,304413,230850,0.0,483727,51536,1549,311094,222480,140,708.6
01/12/2023,40,Ciudad de México Sur ,6,Del Valle,325645,234780,128463,106317,0.0,210212,24530,1072,153763,78104,1841,588.03
01/01/2024,39,Ciudad de México Norte ,11,Magdalena de las Salinas,534484,322705,183867,138838,0.0,280634,42071,3474,211133,107980,118,599.26
01/01/2024,39,Ciudad de México Norte ,16,Polanco,749798,734180,433846,300334,0.0,578825,155355,2127,313392,418425,236,917.81
01/01/2024,39,Ciudad de México Norte ,54,Santa MarÍa la Ribera,262369,249301,145634,103667,0.0,217356,31943,987,128680,119567,67,826.09
01/01/2024,39,Ciudad de México Norte ,56,Guerrero,249861,202608,119160,83448,0.0,176382,26225,2176,137627,62603,202,539.31
01/01/2024,39,Ciudad de México Norte ,57,Centro,619653,223631,121574,102057,0.0,206455,17176,824,102616,119026,1165,834.27
01/01/2024,40,Ciudad de México Sur ,1,San Ángel,1088072,384105,208016,176089,0.0,336755,47330,3538,234654,145716,197,686.53
01/01/2024,40,Ciudad de México Sur ,11,Santa Anita,283788,239821,144452,95369,0.0,222488,17332,2384,153754,83618,65,561.15
01/01/2024,40,Ciudad de México Sur ,54,Churubusco,548101,326863,187525,139338,0.0,289528,37331,4074,247701,74909,179,482.45
01/01/2024,40,Ciudad de México Sur ,58,Piedad Narvarte,578657,534083,304175,229908,0.0,482309,51772,4654,297401,231897,131,746.44
01/01/2024,40,Ciudad de México Sur ,6,Del Valle,323842,233199,127814,105385,0.0,209173,24001,2664,146772,81956,1807,624.32
01/02/2024,39,Ciudad de México Norte ,11,Magdalena de las Salinas,545036,323921,184253,139668,0.0,281748,42173,2873,219175,101751,122,598.54
01/02/2024,39,Ciudad de México Norte ,16,Polanco,750853,736197,435734,300463,0.0,577677,158520,1240,331094,403607,256,923.34
01/02/2024,39,Ciudad de México Norte ,54,Santa MarÍa la Ribera,263564,251041,146647,104394,0.0,218247,32793,811,134250,115914,66,833.52
01/02/2024,39,Ciudad de México Norte ,56,Guerrero,248145,201769,118183,83586,0.0,175344,26423,1790,140618,59148,213,542.94
01/02/2024,39,Ciudad de México Norte ,57,Centro,697418,228277,124042,104235,0.0,210757,17520,3387,109610,114142,1138,833.23
01/02/2024,40,Ciudad de México Sur ,1,San Ángel,1080451,387216,210310,176906,0.0,339818,47375,2467,242570,141962,217,703.34
01/02/2024,40,Ciudad de México Sur ,11,Santa Anita,284516,240786,144693,96093,0.0,223395,17390,1835,160209,78678,64,563.08
01/02/2024,40,Ciudad de México Sur ,54,Churubusco,548319,328330,188568,139762,0.0,293862,34460,3404,254089,70653,184,485.9
01/02/2024,40,Ciudad de México Sur ,58,Piedad Narvarte,579107,534582,304494,230088,0.0,483187,51385,3756,307141,223545,140,754.7
01/02/2024,40,Ciudad de México Sur ,6,Del Valle,324513,234865,128907,105958,0.0,210956,23884,1960,153652,77459,1794,625.33
01/03/2024,39,Ciudad de México Norte ,11,Magdalena de las Salinas,546343,324720,184582,140138,0.0,282327,42393,2821,220229,101553,117,600.5
01/03/2024,39,Ciudad de México Norte ,16,Polanco,751091,736749,434684,302065,0.0,580028,156721,1161,331034,404353,201,931.65
01/03/2024,39,Ciudad de México Norte ,54,Santa MarÍa la Ribera,265639,253229,147603,105626,0.0,219632,33596,628,135641,116900,60,827.69
01/03/2024,39,Ciudad de México Norte ,56,Guerrero,247410,201090,117689,83401,0.0,174794,26294,1753,139611,59532,194,542.2
01/03/2024,39,Ciudad de México Norte ,57,Centro,650187,226316,122828,103488,0.0,209212,17104,3363,109276,112541,1136,904.91
01/03/2024,40,Ciudad de México Sur ,1,San Ángel,1073033,387539,210395,177144,0.0,339179,48330,2178,245458,139691,212,705.52
01/03/2024,40,Ciudad de México Sur ,11,Santa Anita,280894,237506,142509,94997,0.0,220406,17098,1656,162833,72957,60,535.93
01/03/2024,40,Ciudad de México Sur ,54,Churubusco,547125,327603,187292,140311,0.0,292962,34634,3379,254790,69250,184,485.28
01/03/2024,40,Ciudad de México Sur ,58,Piedad Narvarte,585126,537245,304067,233178,0.0,486171,51073,2882,313331,220895,137,747.15
01/03/2024,40,Ciudad de México Sur ,6,Del Valle,325137,235737,129071,106666,0.0,212370,23342,1715,154365,77843,1814,627.4
01/04/2024,39,Ciudad de México Norte ,11,Magdalena de las Salinas,548640,326356,186197,140159,0.0,283076,43280,2906,220692,102641,117,602.23
01/04/2024,39,Ciudad de México Norte ,16,Polanco,753785,738826,437193,301633,0.0,576789,162037,1151,330903,406674,98,935.04
01/04/2024,39,Ciudad de México Norte ,54,Santa MarÍa la Ribera,272878,260142,151347,108795,0.0,225528,34613,486,141580,118014,62,822.48
01/04/2024,39,Ciudad de México Norte ,56,Guerrero,247880,200798,117261,83537,0.0,174248,26548,1768,139073,59757,200,543.48
01/04/2024,39,Ciudad de México Norte ,57,Centro,628300,230009,124624,105385,0.0,212632,17377,3358,111146,114368,1137,905.17
01/04/2024,40,Ciudad de México Sur ,1,San Ángel,1056669,392160,212243,179917,0.0,341524,50605,1903,249182,140844,231,705.97
01/04/2024,40,Ciudad de México Sur ,11,Santa Anita,283003,239464,143393,96071,0.0,222281,17181,1639,164785,72976,64,535.0
01/04/2024,40,Ciudad de México Sur ,54,Churubusco,553721,333848,189720,144128,0.0,299153,34690,3603,260553,69509,183,483.11
01/04/2024,40,Ciudad de México Sur ,58,Piedad Narvarte,582118,537294,303017,234277,0.0,487598,49695,2733,312278,222145,138,749.8
01/04/2024,40,Ciudad de México Sur ,6,Del Valle,321026,232075,126953,105122,0.0,208979,23071,1851,152279,76124,1821,623.61
01/05/2024,39,Ciudad de México Norte ,11,Magdalena de las Salinas,550834,327988,186504,141484,0.0,284630,43358,2968,218907,106003,110,616.74
01/05/2024,39,Ciudad de México Norte ,16,Polanco,758932,744083,442353,301730,0.0,576271,167812,1143,329800,413050,90,951.11
01/05/2024,39,Ciudad de México Norte ,54,Santa MarÍa la Ribera,275125,262259,152117,110142,0.0,226527,35730,449,143304,118446,60,834.38
01/05/2024,39,Ciudad de México Norte ,56,Guerrero,247260,200150,116823,83327,0.0,173754,26395,1790,137705,60470,185,547.98
01/05/2024,39,Ciudad de México Norte ,57,Centro,564723,229281,124138,105143,0.0,212919,16362,3365,110617,114159,1140,832.37
01/05/2024,40,Ciudad de México Sur ,1,San Ángel,1058857,394683,213517,181166,0.0,343060,51596,2029,251416,141023,215,703.41
01/05/2024,40,Ciudad de México Sur ,11,Santa Anita,283725,241538,144407,97131,0.0,224868,16669,1576,167659,72254,49,532.74
01/05/2024,40,Ciudad de México Sur ,54,Churubusco,554566,335008,189988,145020,0.0,300644,34357,3741,259942,71142,183,492.12
01/05/2024,40,Ciudad de México Sur ,58,Piedad Narvarte,584749,539901,304251,235650,0.0,489580,50320,2650,311628,225496,127,761.33
01/05/2024,40,Ciudad de México Sur ,6,Del Valle,321822,233213,127086,106127,0.0,210141,23048,1766,152414,77195,1838,627.56
01/06/2024,39,Ciudad de México Norte ,11,Magdalena de las Salinas,546283,323089,182900,140189,0.0,281867,41222,2908,218362,101711,108,608.01
01/06/2024,39,Ciudad de México Norte ,16,Polanco,757487,742360,443238,299122,0.0,574512,167848,1114,327211,413941,94,951.71
01/06/2024,39,Ciudad de México Norte ,54,Santa MarÍa la Ribera,278247,265840,153865,111975,0.0,230300,35538,435,146007,119340,58,830.15
01/06/2024,39,Ciudad de México Norte ,56,Guerrero,247530,200304,116728,83576,0.0,173865,26437,1766,137890,60442,206,545.57
01/06/2024,39,Ciudad de México Norte ,57,Centro,531569,228935,123576,105359,0.0,212185,16750,3372,110154,114274,1135,835.56
01/06/2024,40,Ciudad de México Sur ,1,San Ángel,877788,394872,213943,180929,0.0,344635,50211,1946,251576,141131,219,703.65
01/06/2024,40,Ciudad de México Sur ,11,Santa Anita,284854,242952,144730,98222,0.0,226236,16715,1457,168296,73150,49,537.49
01/06/2024,40,Ciudad de México Sur ,54,Churubusco,553485,334082,189681,144401,0.0,300055,34020,3840,259626,70433,183,489.66
01/06/2024,40,Ciudad de México Sur ,58,Piedad Narvarte,589642,544715,307132,237583,0.0,493231,51483,2637,312973,228974,131,766.51
01/06/2024,40,Ciudad de México Sur ,6,Del Valle,320386,231786,126417,105369,0.0,208670,23094,1749,151080,77127,1830,629.1
01/07/2024,39,Ciudad de México Norte ,11,Magdalena de las Salinas,546573,325330,183999,141331,0.0,283046,42284,3062,221133,101051,84,590.47
01/07/2024,39,Ciudad de México Norte ,16,Polanco,756208,741386,442434,298952,0.0,579714,161672,1127,321928,418253,78,942.69
01/07/2024,39,Ciudad de México Norte ,54,Santa MarÍa la Ribera,280699,268513,155258,113255,0.0,232636,35876,450,145798,122230,35,822.81
01/07/2024,39,Ciudad de México Norte ,56,Guerrero,247847,201191,117969,83222,0.0,173938,27253,1741,137778,61578,94,548.26
01/07/2024,39,Ciudad de México Norte ,57,Centro,472219,227819,123665,104154,0.0,211622,16197,3405,106914,116376,1124,840.42
01/07/2024,40,Ciudad de México Sur ,1,San Ángel,900128,397250,214844,182406,0.0,346647,50579,1990,252045,143101,114,697.46
01/07/2024,40,Ciudad de México Sur ,11,Santa Anita,282147,240778,144222,96556,0.0,224214,16564,1402,166063,73277,36,536.04
01/07/2024,40,Ciudad de México Sur ,54,Churubusco,556300,336597,191668,144929,0.0,301709,34879,4146,261157,71153,141,485.22
01/07/2024,40,Ciudad de México Sur ,58,Piedad Narvarte,590757,545332,306853,238479,0.0,494798,50533,2571,311072,231584,105,768.36
01/07/2024,40,Ciudad de México Sur ,6,Del Valle,321398,233896,127447,106449,0.0,210621,23254,1804,150238,80149,1705,636.63
01/08/2024,39,Ciudad de México Norte ,11,Magdalena de las Salinas,556966,324623,184072,140551,0.0,282809,41814,3082,220906,100565,70,589.55
01/08/2024,39,Ciudad de México Norte ,16,Polanco,757175,742315,441696,300619,0.0,580670,161645,1131,321885,419193,106,943.15
01/08/2024,39,Ciudad de México Norte ,54,Santa MarÍa la Ribera,281072,268800,155427,113373,0.0,233462,35337,530,146280,121957,33,821.75
01/08/2024,39,Ciudad de México Norte ,56,Guerrero,248425,201032,117851,83181,0.0,173687,27345,1766,137562,61622,82,548.49
01/08/2024,39,Ciudad de México Norte ,57,Centro,451403,228473,124072,104401,0.0,209111,19362,686,109554,117119,1114,842.12
01/08/2024,40,Ciudad de México Sur ,1,San Ángel,941700,404465,218212,186253,0.0,353684,50754,2045,254091,148222,107,698.02
01/08/2024,40,Ciudad de México Sur ,11,Santa Anita,280929,240584,143772,96812,0.0,223785,16799,1368,166558,72622,36,534.18
01/08/2024,40,Ciudad de México Sur ,54,Churubusco,579302,341678,194481,147197,0.0,306380,35293,4415,265496,71629,138,483.61
01/08/2024,40,Ciudad de México Sur ,58,Piedad Narvarte,587797,544508,307007,237501,0.0,492470,52037,2612,310574,231229,93,767.14
01/08/2024,40,Ciudad de México Sur ,6,Del Valle,321944,234778,127753,107025,0.0,210884,23872,1847,151139,80099,1693,634.88
01/09/2024,39,Ciudad de México Norte ,11,Magdalena de las Salinas,577123,329739,186856,142883,0.0,287807,41932,3128,226619,99934,58,584.0
01/09/2024,39,Ciudad de México Norte ,16,Polanco,744602,730016,426960,303056,0.0,579144,150872,1181,321943,406787,105,945.68
01/09/2024,39,Ciudad de México Norte ,54,Santa MarÍa la Ribera,283363,270567,156199,114368,0.0,233326,37240,560,148535,121440,32,818.0
01/09/2024,39,Ciudad de México Norte ,56,Guerrero,248631,200107,116951,83156,0.0,173027,27080,1800,136946,61290,71,546.59
01/09/2024,39,Ciudad de México Norte ,57,Centro,401566,228169,123668,104501,0.0,208819,19350,684,111867,114517,1101,844.06
01/09/2024,40,Ciudad de México Sur ,1,San Ángel,941627,403548,217623,185925,0.0,354710,48812,2094,253693,147668,93,704.57
01/09/2024,40,Ciudad de México Sur ,11,Santa Anita,286342,244301,145821,98480,0.0,228367,15934,1349,169821,73101,30,528.8
01/09/2024,40,Ciudad de México Sur ,54,Churubusco,561928,340866,193697,147169,0.0,305802,35059,4767,264162,71807,130,486.6
01/09/2024,40,Ciudad de México Sur ,58,Piedad Narvarte,590042,546721,308140,238581,0.0,494525,52195,2643,312599,231394,85,766.62
01/09/2024,40,Ciudad de México Sur ,6,Del Valle,323123,235811,128154,107657,0.0,212289,23498,1854,152416,79736,1805,629.19
01/10/2024,39,Ciudad de México Norte ,11,Magdalena de las Salinas,581128,330516,187238,143278,0.0,288590,41926,3192,226582,100690,52,586.67
01/10/2024,39,Ciudad de México Norte ,16,Polanco,744841,730264,426407,303857,0.0,580158,150106,1235,324648,404276,105,944.27
01/10/2024,39,Ciudad de México Norte ,54,Santa MarÍa la Ribera,284878,271839,156725,115114,0.0,234830,37008,621,149816,121373,29,815.21
01/10/2024,39,Ciudad de México Norte ,56,Guerrero,253033,203403,118837,84566,0.0,176066,27337,1872,139398,62069,64,548.79
01/10/2024,39,Ciudad de México Norte ,57,Centro,389627,227818,123267,104551,0.0,209692,18126,705,111688,114331,1094,843.84
01/10/2024,40,Ciudad de México Sur ,1,San Ángel,944625,404333,219178,185155,0.0,355244,49061,2131,253898,148225,79,705.95
01/10/2024,40,Ciudad de México Sur ,11,Santa Anita,289382,245910,146381,99529,0.0,229764,16146,1347,171507,73027,29,528.68
01/10/2024,40,Ciudad de México Sur ,54,Churubusco,565684,338556,191544,147012,0.0,303177,35374,4985,261598,71848,125,487.54
01/10/2024,40,Ciudad de México Sur ,58,Piedad Narvarte,593433,550253,310260,239993,0.0,496977,53275,2669,315164,232335,85,765.59
01/10/2024,40,Ciudad de México Sur ,6,Del Valle,333130,238134,129129,109005,0.0,214452,23659,1891,154683,79760,1800,626.02
01/11/2024,39,Ciudad de México Norte ,11,Magdalena de las Salinas,580164,330897,187279,143618,0.0,289232,41665,3137,225381,102335,44,589.4
01/11/2024,39,Ciudad de México Norte ,16,Polanco,739210,724678,418521,306157,0.0,585903,138775,1274,321660,401640,104,952.21
01/11/2024,39,Ciudad de México Norte ,54,Santa MarÍa la Ribera,286811,273588,157444,116144,0.0,236413,37174,647,148889,124027,25,818.35
01/11/2024,39,Ciudad de México Norte ,56,Guerrero,254458,205269,119208,86061,0.0,178132,27137,1874,140125,63208,62,551.51
01/11/2024,39,Ciudad de México Norte ,57,Centro,327202,230958,124385,106573,0.0,210568,20390,727,112722,116415,1094,838.52
01/11/2024,40,Ciudad de México Sur ,1,San Ángel,893821,406237,221205,185032,0.0,357089,49117,2104,255335,148726,72,702.34
01/11/2024,40,Ciudad de México Sur ,11,Santa Anita,289824,246096,146280,99816,0.0,229359,16737,1350,167860,76858,28,537.04
01/11/2024,40,Ciudad de México Sur ,54,Churubusco,565140,337801,189597,148204,0.0,303079,34718,5080,260209,72395,117,486.79
01/11/2024,40,Ciudad de México Sur ,58,Piedad Narvarte,598831,555686,312339,243347,0.0,501300,54385,2684,318109,234815,78,761.48
01/11/2024,40,Ciudad de México Sur ,6,Del Valle,331722,237229,128245,108984,0.0,213469,23753,1906,152108,81448,1767,632.73
01/12/2024,39,Ciudad de México Norte ,11,Magdalena de las Salinas,573253,324851,183530,141321,0.0,285734,39117,3240,219648,101924,39,594.1
01/12/2024,39,Ciudad de México Norte ,16,Polanco,715145,700846,399739,301104,3.0,579700,121146,1291,311373,388078,104,962.98
01/12/2024,39,Ciudad de México Norte ,54,Santa MarÍa la Ribera,281902,268676,154558,114118,0.0,234534,34141,712,144538,123404,22,826.69
01/12/2024,39,Ciudad de México Norte ,56,Guerrero,252000,201645,116991,84654,0.0,175366,26279,1929,136633,63033,50,555.88
01/12/2024,39,Ciudad de México Norte ,57,Centro,262019,221528,119304,102224,0.0,205241,16287,741,107928,111780,1079,836.08
01/12/2024,40,Ciudad de México Sur ,1,San Ángel,893598,405967,220827,185133,7.0,357512,48424,2120,255255,148525,67,701.56
01/12/2024,40,Ciudad de México Sur ,11,Santa Anita,288743,244854,145215,99639,0.0,228664,16190,1374,166919,76537,24,537.71
01/12/2024,40,Ciudad de México Sur ,54,Churubusco,559211,331722,186577,145144,1.0,298372,33346,5295,254897,71417,113,488.88
01/12/2024,40,Ciudad de México Sur ,58,Piedad Narvarte,586593,543088,305636,237452,0.0,490909,52178,2760,308246,232009,73,767.03
01/12/2024,40,Ciudad de México Sur ,6,Del Valle,330776,236177,128354,107822,1.0,213210,22961,1958,148187,84270,1762,656.28
01/01/2025,39,Ciudad de México Norte ,11,Magdalena de las Salinas,569877,321142,182222,138920,0.0,283273,37869,5090,209348,106678,26,628.43
01/01/2025,39,Ciudad de México Norte ,16,Polanco,716530,702306,402284,300019,3.0,578253,124053,2718,299291,400194,103,991.44
01/01/2025,39,Ciudad de México Norte ,54,Santa MarÍa la Ribera,281702,268468,154959,113508,1.0,232792,35675,1251,139219,127984,14,866.3
01/01/2025,39,Ciudad de México Norte ,56,Guerrero,250628,200410,116455,83955,0.0,174150,26260,2911,131984,65478,37,586.54
01/01/2025,39,Ciudad de México Norte ,57,Centro,300736,222126,119570,102556,0.0,204149,17977,1263,99002,120773,1088,884.24
01/01/2025,40,Ciudad de México Sur ,1,San Ángel,879081,394722,214454,180261,7.0,347893,46800,4365,239005,151295,57,737.84
01/01/2025,40,Ciudad de México Sur ,11,Santa Anita,287519,243785,144278,99507,0.0,227939,15846,2265,153361,88141,18,606.04
01/01/2025,40,Ciudad de México Sur ,54,Churubusco,560974,334097,188280,145815,2.0,300705,33388,8414,248524,77071,88,517.13
01/01/2025,40,Ciudad de México Sur ,58,Piedad Narvarte,582179,538882,304151,234731,0.0,488489,50392,4575,293449,240792,66,804.06
01/01/2025,40,Ciudad de México Sur ,6,Del Valle,330821,236451,127811,108639,1.0,212950,23495,3429,143309,88055,1658,692.63
01/02/2025,39,Ciudad de México Norte ,11,Magdalena de las Salinas,576645,323390,183482,139908,0.0,285650,37740,4420,216976,101976,18,628.28
01/02/2025,39,Ciudad de México Norte ,16,Polanco,722856,703554,401839,301713,2.0,578910,124644,1871,312020,389570,93,1001.31
01/02/2025,39,Ciudad de México Norte ,54,Santa MarÍa la Ribera,283688,270653,156614,114037,2.0,234184,36468,1054,144801,124788,10,872.01
01/02/2025,39,Ciudad de México Norte ,56,Guerrero,250860,200883,116483,84400,0.0,174620,26263,2558,136675,61619,31,587.29
01/02/2025,39,Ciudad de México Norte ,57,Centro,334715,225795,121517,104278,0.0,205978,19817,1150,106842,116715,1088,880.1
01/02/2025,40,Ciudad de México Sur ,1,San Ángel,879423,394169,214121,180043,5.0,346441,47681,3349,244582,146190,48,745.37
01/02/2025,40,Ciudad de México Sur ,11,Santa Anita,286830,243543,143852,99691,0.0,227050,16493,1931,158093,83501,18,607.42
01/02/2025,40,Ciudad de México Sur ,54,Churubusco,563560,338416,191049,147365,2.0,304146,34266,7744,256645,73941,86,518.83
01/02/2025,40,Ciudad de México Sur ,58,Piedad Narvarte,585019,541217,305096,236120,1.0,490542,50674,3735,303576,233842,64,809.82
01/02/2025,40,Ciudad de México Sur ,6,Del Valle,330844,236976,127921,109055,0.0,213472,23499,2702,147702,85030,1542,697.7
01/03/2025,39,Ciudad de México Norte ,11,Magdalena de las Salinas,580506,326001,184486,141515,0.0,287175,38826,4402,220050,101537,12,628.16
01/03/2025,39,Ciudad de México Norte ,16,Polanco,716497,689941,390152,299787,2.0,572574,117367,1831,307328,380689,93,1013.08
01/03/2025,39,Ciudad de México Norte ,54,Santa MarÍa la Ribera,289711,276537,160201,116334,2.0,239188,37348,1075,146174,129278,10,877.53
01/03/2025,39,Ciudad de México Norte ,56,Guerrero,249377,199034,115740,83294,0.0,172824,26210,2601,133552,62870,11,590.2
01/03/2025,39,Ciudad de México Norte ,57,Centro,342788,225500,121505,103995,0.0,206276,19224,1221,107467,115724,1088,961.12
01/03/2025,40,Ciudad de México Sur ,1,San Ángel,858867,398444,216813,181625,6.0,349945,48412,3177,248413,146810,44,754.39
01/03/2025,40,Ciudad de México Sur ,11,Santa Anita,286806,243577,143610,99967,0.0,227324,16253,1774,162547,79241,15,572.82
01/03/2025,40,Ciudad de México Sur ,54,Churubusco,554372,336028,189031,146996,1.0,302064,33960,7835,257225,70892,76,508.38
01/03/2025,40,Ciudad de México Sur ,58,Piedad Narvarte,578305,534386,300620,233766,0.0,483621,50764,3737,301191,229396,62,808.51
01/03/2025,40,Ciudad de México Sur ,6,Del Valle,330534,237086,128259,108826,1.0,213835,23246,2681,148157,84603,1645,694.61
01/04/2025,39,Ciudad de México Norte ,11,Magdalena de las Salinas,579824,325069,183932,141137,0.0,285630,39439,4412,218395,102253,9,632.01
01/04/2025,39,Ciudad de México Norte ,16,Polanco,728593,695520,394890,300626,4.0,573435,122085,1807,308042,385578,93,1013.01
01/04/2025,39,Ciudad de México Norte ,54,Santa MarÍa la Ribera,290142,276839,160137,116700,2.0,239820,37018,1098,146068,129666,7,881.85
01/04/2025,39,Ciudad de México Norte ,56,Guerrero,248795,198197,115242,82955,0.0,171958,26239,2632,132383,63172,10,593.8
01/04/2025,39,Ciudad de México Norte ,57,Centro,429618,222914,120484,102429,1.0,205913,17001,1229,105436,115160,1089,961.3
01/04/2025,40,Ciudad de México Sur ,1,San Ángel,866370,400869,217867,182996,6.0,351286,49483,3201,251545,146088,35,749.23
01/04/2025,40,Ciudad de México Sur ,11,Santa Anita,285413,242168,142042,100126,0.0,225588,16580,1733,161856,78570,9,573.29
01/04/2025,40,Ciudad de México Sur ,54,Churubusco,541711,340808,191073,149735,0.0,307217,33587,7905,259993,72837,73,510.92
01/04/2025,40,Ciudad de México Sur ,58,Piedad Narvarte,576104,532483,300193,232290,0.0,482664,49818,3655,298627,230142,59,813.27
01/04/2025,40,Ciudad de México Sur ,6,Del Valle,329374,236456,128223,108232,1.0,214252,22201,2625,146634,85555,1642,705.07
01/05/2025,39,Ciudad de México Norte ,11,Magdalena de las Salinas,578953,324453,183046,141405,2.0,285173,39280,4347,214523,105581,2,651.9
01/05/2025,39,Ciudad de México Norte ,16,Polanco,734993,695353,394698,300650,5.0,572834,122519,1828,306665,386767,93,1026.69
01/05/2025,39,Ciudad de México Norte ,54,Santa MarÍa la Ribera,289988,276602,159315,117283,4.0,239408,37193,1104,148512,126979,7,882.99
01/05/2025,39,Ciudad de México Norte ,56,Guerrero,250811,200337,116399,83938,0.0,174034,26303,2580,134530,63220,7,596.02
01/05/2025,39,Ciudad de México Norte ,57,Centro,422395,223437,120682,102754,1.0,204967,18470,1225,107260,113862,1090,891.8
01/05/2025,40,Ciudad de México Sur ,1,San Ángel,852607,400004,217465,182534,5.0,350446,49448,3104,251111,145757,32,749.43
01/05/2025,40,Ciudad de México Sur ,11,Santa Anita,286015,242751,141847,100904,0.0,226087,16664,1724,166194,74824,9,567.34
01/05/2025,40,Ciudad de México Sur ,54,Churubusco,532214,344262,192464,151798,0.0,310540,33717,7928,261821,74443,70,523.2
01/05/2025,40,Ciudad de México Sur ,58,Piedad Narvarte,582695,539164,302153,237011,0.0,488024,51139,3603,303922,231584,55,817.23
01/05/2025,40,Ciudad de México Sur ,6,Del Valle,327142,234717,127138,107578,1.0,212471,22243,2612,146875,83560,1670,696.59
01/06/2025,39,Ciudad de México Norte ,11,Magdalena de las Salinas,577232,324058,182404,141652,2.0,284943,39115,4350,214715,104993,0,650.08
01/06/2025,39,Ciudad de México Norte ,16,Polanco,725508,683497,385603,297891,3.0,573435,110062,1840,303098,378468,91,1034.28
01/06/2025,39,Ciudad de México Norte ,54,Santa MarÍa la Ribera,290307,276819,159594,117222,3.0,238522,38296,1117,148518,127181,3,885.11
01/06/2025,39,Ciudad de México Norte ,56,Guerrero,250342,200020,116263,83757,0.0,174974,25046,2588,134087,63343,2,596.43
01/06/2025,39,Ciudad de México Norte ,57,Centro,476513,220731,119325,101404,2.0,203892,16839,1271,106590,111806,1064,886.9
01/06/2025,40,Ciudad de México Sur ,1,San Ángel,855977,403444,218789,184650,5.0,354388,48943,3124,253778,146513,29,747.78
01/06/2025,40,Ciudad de México Sur ,11,Santa Anita,285098,241955,141074,100881,0.0,225737,16218,1706,166034,74211,4,564.87
01/06/2025,40,Ciudad de México Sur ,54,Churubusco,529669,343750,193471,150279,0.0,310789,32957,8166,262530,72991,63,514.69
01/06/2025,40,Ciudad de México Sur ,58,Piedad Narvarte,581403,537696,301521,236174,1.0,487774,49921,3741,301602,232299,54,823.41
01/06/2025,40,Ciudad de México Sur ,6,Del Valle,324183,232110,125454,106655,1.0,210008,22099,2651,146631,81160,1668,685.6
01/07/2025,39,Ciudad de México Norte ,11,Magdalena de las Salinas,574011,320719,181105,139612,2.0,281699,39020,4421,213145,103153,0,636.37
01/07/2025,39,Ciudad de México Norte ,16,Polanco,751180,705259,403249,302007,3.0,573957,131302,1864,314085,389219,91,1000.85
01/07/2025,39,Ciudad de México Norte ,54,Santa MarÍa la Ribera,307505,294077,173222,120851,4.0,238878,55198,1148,162305,130621,3,850.13
01/07/2025,39,Ciudad de México Norte ,56,Guerrero,248959,199213,116015,83198,0.0,174146,25067,2587,131931,64693,2,599.68
01/07/2025,39,Ciudad de México Norte ,57,Centro,474583,231720,129947,101772,1.0,203556,28164,12300,105044,113307,1069,856.56
01/07/2025,40,Ciudad de México Sur ,1,San Ángel,886195,415400,223941,191456,3.0,366117,49158,3137,263798,148436,29,735.29
01/07/2025,40,Ciudad de México Sur ,11,Santa Anita,273800,233084,132090,100994,0.0,215511,17573,1711,160541,70828,4,570.04
01/07/2025,40,Ciudad de México Sur ,54,Churubusco,523060,337251,190888,146363,0.0,304781,32465,8327,254900,73961,63,514.25
01/07/2025,40,Ciudad de México Sur ,58,Piedad Narvarte,584174,540310,302217,238092,1.0,489585,50724,3712,301370,235175,53,822.89
01/07/2025,40,Ciudad de México Sur ,6,Del Valle,372857,280934,172594,108339,1.0,209381,71550,2619,190266,86433,1616,636.35
01/08/2025,39,Ciudad de México Norte ,11,Magdalena de las Salinas,585209,322991,183507,139482,2.0,283192,39799,4465,214452,104074,0,635.24
01/08/2025,39,Ciudad de México Norte ,16,Polanco,736065,692130,398686,293441,3.0,565227,126903,1861,305325,384853,91,1008.09
01/08/2025,39,Ciudad de México Norte ,54,Santa MarÍa la Ribera,288854,275397,158172,117222,3.0,237514,37882,1100,144718,129577,2,885.87
01/08/2025,39,Ciudad de México Norte ,56,Guerrero,246965,197936,115032,82903,1.0,172733,25203,2593,130948,64393,2,599.74
01/08/2025,39,Ciudad de México Norte ,57,Centro,536433,241108,136738,104368,2.0,203856,37252,17680,107845,114529,1054,838.86
01/08/2025,40,Ciudad de México Sur ,1,San Ángel,914091,410049,220250,189796,3.0,359744,50177,3106,259959,146957,27,736.24
01/08/2025,40,Ciudad de México Sur ,11,Santa Anita,270847,235390,133513,101877,0.0,217306,18084,1721,162490,71175,4,569.81
01/08/2025,40,Ciudad de México Sur ,54,Churubusco,493380,323948,184677,139271,0.0,290519,33424,8199,242937,72750,62,521.05
01/08/2025,40,Ciudad de México Sur ,58,Piedad Narvarte,603795,560151,308725,251424,2.0,502921,57229,3699,314962,241437,53,814.41
01/08/2025,40,Ciudad de México Sur ,6,Del Valle,387638,296564,185887,110676,1.0,212145,84416,2621,203871,88456,1616,624.3
01/09/2025,39,Ciudad de México Norte ,11,Magdalena de las Salinas,602241,321138,181789,139346,3.0,280983,40155,4526,214907,101705,0,631.48
01/09/2025,39,Ciudad de México Norte ,16,Polanco,734104,691770,396126,295643,1.0,573204,118566,1896,307998,381785,91,1008.08
01/09/2025,39,Ciudad de México Norte ,54,Santa MarÍa la Ribera,287554,273849,158713,115134,2.0,234183,39666,1081,146229,126537,2,875.89
01/09/2025,39,Ciudad de México Norte ,56,Guerrero,247461,197221,114407,82813,1.0,172254,24967,2663,129935,64621,2,601.25
01/09/2025,39,Ciudad de México Norte ,57,Centro,519903,237516,135405,102110,1.0,203537,33979,10210,113190,113067,1049,845.91
01/09/2025,40,Ciudad de México Sur ,1,San Ángel,924835,420704,224557,196145,2.0,369245,51347,3232,269270,148173,29,732.94
01/09/2025,40,Ciudad de México Sur ,11,Santa Anita,268548,231477,131163,100314,0.0,213920,17557,1714,159270,70489,4,567.33
01/09/2025,40,Ciudad de México Sur ,54,Churubusco,534931,323778,184281,139497,0.0,290334,33440,8750,241828,73138,62,528.45
01/09/2025,40,Ciudad de México Sur ,58,Piedad Narvarte,602997,560032,309738,250291,3.0,504116,55915,3786,314792,241401,53,814.25
01/09/2025,40,Ciudad de México Sur ,6,Del Valle,380917,290933,181110,109823,0.0,211829,79102,2640,200099,86580,1614,625.41
01/10/2025,39,Ciudad de México Norte ,11,Magdalena de las Salinas,607442,323051,182566,140482,3.0,282102,40949,4595,216890,101566,0,629.22
01/10/2025,39,Ciudad de México Norte ,16,Polanco,758436,715932,415440,300491,1.0,581680,134252,1871,315882,398088,91,1009.34
01/10/2025,39,Ciudad de México Norte ,54,Santa MarÍa la Ribera,289035,275772,160094,115676,2.0,236752,39020,1091,149757,124922,2,866.04
01/10/2025,39,Ciudad de México Norte ,56,Guerrero,252481,200910,116579,84331,0.0,175123,25787,2726,132935,65248,1,603.26
01/10/2025,39,Ciudad de México Norte ,57,Centro,550555,241810,138150,103659,1.0,203831,37979,10559,116340,113864,1047,839.56
01/10/2025,40,Ciudad de México Sur ,1,San Ángel,978283,472467,251533,220932,2.0,416618,55737,3285,313164,155989,29,709.91
01/10/2025,40,Ciudad de México Sur ,11,Santa Anita,272637,232940,131568,101372,0.0,216316,16624,1744,161017,70175,4,566.97
01/10/2025,40,Ciudad de México Sur ,54,Churubusco,542999,340044,193544,146500,0.0,305995,34045,8973,257559,73451,61,522.48
01/10/2025,40,Ciudad de México Sur ,58,Piedad Narvarte,609433,566726,312640,254084,2.0,508545,58180,3817,322675,240181,53,804.4
01/10/2025,40,Ciudad de México Sur ,6,Del Valle,391814,294820,185120,109700,0.0,212224,82594,2692,205547,85426,1155,620.17
01/11/2025,39,Ciudad de México Norte ,11,Magdalena de las Salinas,608432,324143,183249,140891,3.0,284203,39940,4594,216156,103393,0,635.58
01/11/2025,39,Ciudad de México Norte ,16,Polanco,771207,720057,419103,300952,2.0,581808,138249,1897,318099,399970,91,998.9
01/11/2025,39,Ciudad de México Norte ,54,Santa MarÍa la Ribera,288578,274697,158826,115869,2.0,235328,39369,1141,149185,124369,2,865.19
01/11/2025,39,Ciudad de México Norte ,56,Guerrero,256571,204408,117872,86536,0.0,180335,24073,2741,136195,65471,1,597.5
01/11/2025,39,Ciudad de México Norte ,57,Centro,529108,244362,139453,104908,1.0,204200,40162,8147,119852,115307,1056,832.5
01/11/2025,40,Ciudad de México Sur ,1,San Ángel,992292,483147,256762,226382,3.0,427785,55252,3312,321516,158291,28,702.59
01/11/2025,40,Ciudad de México Sur ,11,Santa Anita,273044,233517,132292,101225,0.0,216859,16658,1715,160979,70819,4,568.95
01/11/2025,40,Ciudad de México Sur ,54,Churubusco,537954,334547,190412,144135,0.0,300447,34096,9081,251531,73874,61,521.31
01/11/2025,40,Ciudad de México Sur ,58,Piedad Narvarte,614567,571730,314838,256889,3.0,511890,59839,3924,324529,243224,53,804.91
01/11/2025,40,Ciudad de México Sur ,6,Del Valle,403957,306688,192512,114176,0.0,220178,86508,2708,215060,87737,1183,613.44
01/12/2025,39,Ciudad de México Norte ,11,Magdalena de las Salinas,601515,317542,179164,138374,4.0,279652,37890,4722,209864,102956,0,641.19
01/12/2025,39,Ciudad de México Norte ,16,Polanco,765958,711123,412816,298302,5.0,578313,132810,1935,312755,396342,91,1005.35
01/12/2025,39,Ciudad de México Norte ,54,Santa MarÍa la Ribera,284988,271079,156857,114221,1.0,234037,37042,1150,146154,123773,2,870.97
01/12/2025,39,Ciudad de México Norte ,56,Guerrero,251324,199020,114870,84150,0.0,176048,22972,2820,131383,64816,1,603.09
01/12/2025,39,Ciudad de México Norte ,57,Centro,571512,243552,141146,102404,2.0,202796,40756,11857,116185,114455,1055,830.92
01/12/2025,40,Ciudad de México Sur ,1,San Ángel,983784,477958,254167,223785,6.0,422279,55574,3346,316460,158124,28,708.01
01/12/2025,40,Ciudad de México Sur ,11,Santa Anita,275467,235927,133443,102483,1.0,219541,16386,1745,163296,70882,4,572.53
01/12/2025,40,Ciudad de México Sur ,54,Churubusco,536993,333270,189470,143800,0.0,299818,33448,9405,250275,73529,61,522.84
01/12/2025,40,Ciudad de México Sur ,58,Piedad Narvarte,611957,568875,313217,255656,2.0,513181,55693,4054,323199,241569,53,807.12
01/12/2025,40,Ciudad de México Sur ,6,Del Valle,414201,317234,205841,111391,2.0,213453,103779,2765,225038,88248,1183,602.73
01/01/2026,39,Ciudad de México Norte ,11,Magdalena de las Salinas,602291,317876,179270,138603,3.0,280139,37737,6189,203161,108526,0,677.01
01/01/2026,39,Ciudad de México Norte ,16,Polanco,750991,713020,416543,296472,5.0,576503,136517,5046,299241,408642,91,1040.59
01/01/2026,39,Ciudad de México Norte ,54,Santa MarÍa la Ribera,285572,271766,157116,114648,2.0,234273,37493,1566,140057,130141,2,915.5
01/01/2026,39,Ciudad de México Norte ,56,Guerrero,253227,200897,115991,84906,0.0,178043,22854,3836,129236,67824,1,635.99
01/01/2026,39,Ciudad de México Norte ,57,Centro,548852,235813,133174,102636,3.0,201264,34549,4285,110114,120400,1014,886.51
01/01/2026,40,Ciudad de México Sur ,1,San Ángel,1002213,492583,263161,229415,7.0,433626,58851,5693,319720,167144,26,735.94
01/01/2026,40,Ciudad de México Sur ,11,Santa Anita,265164,225613,127805,97807,1.0,210082,15531,2327,142896,80386,4,642.59
01/01/2026,40,Ciudad de México Sur ,54,Churubusco,532111,328621,187290,141331,0.0,296784,31834,12813,235627,80120,61,563.72
01/01/2026,40,Ciudad de México Sur ,58,Piedad Narvarte,593293,550366,302447,247916,3.0,496636,53729,5924,294787,249602,53,854.17
01/01/2026,40,Ciudad de México Sur ,6,Del Valle,380875,284262,174427,109833,2.0,213383,70877,5258,185110,92676,1218,666.62
01/02/2026,39,Ciudad de México Norte ,11,Magdalena de las Salinas,609306,318194,179533,138658,3.0,280580,37614,5684,208176,104334,0,678.97
01/02/2026,39,Ciudad de México Norte ,16,Polanco,754760,717648,419603,298040,5.0,577909,139739,3610,313346,400601,91,1048.23
01/02/2026,39,Ciudad de México Norte ,54,Santa MarÍa la Ribera,288476,274850,159087,115761,2.0,235997,38853,1302,146647,126900,1,922.56
01/02/2026,39,Ciudad de México Norte ,56,Guerrero,254406,202432,116642,85790,0.0,178794,23638,3449,133819,65163,1,634.02
01/02/2026,39,Ciudad de México Norte ,57,Centro,548445,244823,140907,103913,3.0,200780,44043,17207,110183,116472,961,869.36
01/02/2026,40,Ciudad de México Sur ,1,San Ángel,1039151,558842,297870,260964,8.0,496213,62521,4764,371496,182556,26,716.96
01/02/2026,40,Ciudad de México Sur ,11,Santa Anita,262343,222724,126009,96714,1.0,205836,16888,2105,144290,76325,4,643.77
01/02/2026,40,Ciudad de México Sur ,54,Churubusco,531716,328419,186680,141739,0.0,295740,32676,12043,239394,76921,61,566.81
01/02/2026,40,Ciudad de México Sur ,58,Piedad Narvarte,595864,552125,303056,249066,3.0,498226,53898,5109,303960,243003,53,858.23
01/02/2026,40,Ciudad de México Sur ,6,Del Valle,380759,284767,176830,107935,2.0,209881,74883,3937,191352,88260,1218,669.05
01/03/2026,39,Ciudad de México Norte ,11,Magdalena de las Salinas,613030,321076,181515,139559,2.0,283272,37804,5721,209175,106180,0,682.07
01/03/2026,39,Ciudad de México Norte ,16,Polanco,727676,711991,416024,295959,8.0,575079,136912,2546,312993,396361,91,1056.66
01/03/2026,39,Ciudad de México Norte ,54,Santa MarÍa la Ribera,289371,275451,159198,116251,2.0,235789,39662,1279,145494,128676,2,918.04
01/03/2026,39,Ciudad de México Norte ,56,Guerrero,258090,205545,118574,86971,0.0,181427,24118,3443,135764,66337,1,633.0
01/03/2026,39,Ciudad de México Norte ,57,Centro,469601,234034,132380,101650,4.0,201963,32071,2668,112841,117574,951,980.62
01/03/2026,40,Ciudad de México Sur ,1,San Ángel,935375,451782,239650,212123,9.0,398040,53637,4072,286468,161216,26,768.1
01/03/2026,40,Ciudad de México Sur ,11,Santa Anita,252630,213054,120892,92161,1.0,196877,16177,2052,139598,71400,4,622.79
01/03/2026,40,Ciudad de México Sur ,54,Churubusco,576081,383976,215286,168690,0.0,342979,40994,11999,280617,91299,61,564.3
01/03/2026,40,Ciudad de México Sur ,58,Piedad Narvarte,599221,555135,307768,247365,2.0,501322,53812,5054,310478,239550,53,852.03
01/03/2026,40,Ciudad de México Sur ,6,Del Valle,380855,284943,176478,108463,2.0,212021,72919,3735,192626,87477,1105,666.11
01/04/2026,39,Ciudad de México Norte ,11,Magdalena de las Salinas,614714,322487,182290,140195,2.0,284584,37903,5731,210227,106529,0,684.43
01/04/2026,39,Ciudad de México Norte ,16,Polanco,719647,709326,416251,293067,8.0,567295,142031,2447,305117,401672,90,1065.15
01/04/2026,39,Ciudad de México Norte ,54,Santa MarÍa la Ribera,295059,280994,162454,118538,2.0,241345,39649,1205,148461,131326,2,924.02
01/04/2026,39,Ciudad de México Norte ,56,Guerrero,255406,202317,116173,86144,0.0,178382,23935,3473,132477,66366,1,638.17
01/04/2026,39,Ciudad de México Norte ,57,Centro,499136,233622,132071,101548,3.0,200826,32796,2292,113206,117165,959,980.8
01/04/2026,40,Ciudad de México Sur ,1,San Ángel,993982,503190,265191,237989,10.0,447232,55856,4100,327844,171220,26,740.62
01/04/2026,40,Ciudad de México Sur ,11,Santa Anita,273726,234210,131281,102928,1.0,209728,24482,2073,164569,67564,4,598.59
01/04/2026,40,Ciudad de México Sur ,54,Churubusco,500501,308406,174312,134094,0.0,276538,31864,12086,221909,74350,61,575.29
01/04/2026,40,Ciudad de México Sur ,58,Piedad Narvarte,579547,535150,297136,238012,2.0,479823,55326,5071,290814,239214,51,870.48
01/04/2026,40,Ciudad de México Sur ,6,Del Valle,378395,283581,175421,108158,2.0,211144,72434,3635,191947,86894,1105,665.18
01/05/2026,39,Ciudad de México Norte ,11,Magdalena de las Salinas,611997,319872,179316,140554,2.0,282183,37689,5742,208082,106048,0,697.17
01/05/2026,39,Ciudad de México Norte ,16,Polanco,719629,709514,416612,292893,9.0,565467,144047,2353,303968,403103,90,1069.33
01/05/2026,39,Ciudad de México Norte ,54,Santa MarÍa la Ribera,295521,281466,163531,117934,1.0,240539,40927,1174,149395,130895,2,939.15
01/05/2026,39,Ciudad de México Norte ,56,Guerrero,249226,196048,112540,83508,0.0,171834,24214,3418,127504,65125,1,640.55
01/05/2026,39,Ciudad de México Norte ,57,Centro,497439,240697,137774,102920,3.0,201048,39649,5509,116288,117948,952,890.17
01/05/2026,40,Ciudad de México Sur ,1,San Ángel,932490,467657,245876,221772,9.0,412966,54589,3952,301597,162082,26,758.66
01/05/2026,40,Ciudad de México Sur ,11,Santa Anita,245932,206422,116398,90023,1.0,190488,15934,2032,139885,64501,4,615.26
01/05/2026,40,Ciudad de México Sur ,54,Churubusco,508985,315095,177283,137812,0.0,283672,31417,12027,228785,74223,60,577.79
01/05/2026,40,Ciudad de México Sur ,58,Piedad Narvarte,585043,540393,300011,240380,2.0,484716,55676,4994,291213,244148,38,884.49
01/05/2026,40,Ciudad de México Sur ,6,Del Valle,391655,297429,187696,109731,2.0,213244,84182,3573,201155,91544,1157,668.73
01/06/2026,39,Ciudad de México Norte ,11,Magdalena de las Salinas,608401,316304,177021,139281,2.0,279364,36940,6059,204748,105497,0,699.34
01/06/2026,39,Ciudad de México Norte ,16,Polanco,707231,697335,407649,289678,8.0,568744,128591,2401,300396,394448,90,1075.87
01/06/2026,39,Ciudad de México Norte ,54,Santa MarÍa la Ribera,295352,281257,162881,118375,1.0,240066,41191,1168,149617,130470,2,939.91
01/06/2026,39,Ciudad de México Norte ,56,Guerrero,249399,195774,112178,83596,0.0,171879,23895,3444,127272,65057,1,640.33
01/06/2026,39,Ciudad de México Norte ,57,Centro,475197,235003,132469,102530,4.0,200786,34217,2159,114736,117147,961,905.18
01/06/2026,40,Ciudad de México Sur ,1,San Ángel,1010498,545358,286316,259033,9.0,481221,64033,4105,374074,167153,26,715.67
01/06/2026,40,Ciudad de México Sur ,11,Santa Anita,252498,213033,119378,93654,1.0,196973,16060,2066,146996,63967,4,608.17
01/06/2026,40,Ciudad de México Sur ,54,Churubusco,501155,307587,172980,134607,0.0,276279,31304,12322,221501,73704,60,575.92
01/06/2026,40,Ciudad de México Sur ,58,Piedad Narvarte,586631,542062,301390,240669,3.0,488889,53172,5195,294662,242167,38,878.71
01/06/2026,40,Ciudad de México Sur ,6,Del Valle,435758,341636,228553,113081,2.0,215784,125849,3621,239967,96891,1157,635.49
01/07/2026,39,Ciudad de México Norte ,11,Magdalena de las Salinas,606545,314628,175792,138833,3.0,278067,36561,6112,203444,105072,0,684.02
01/07/2026,39,Ciudad de México Norte ,16,Polanco,719767,710080,418545,291528,7.0,566898,143182,2354,298055,409581,90,1069.14
01/07/2026,39,Ciudad de México Norte ,54,Santa MarÍa la Ribera,293559,279475,161808,117665,2.0,240196,39279,1154,146334,131985,2,932.68
01/07/2026,39,Ciudad de México Norte ,56,Guerrero,244212,191408,109466,81942,0.0,168300,23108,3450,121771,66186,1,651.7
01/07/2026,39,Ciudad de México Norte ,57,Centro,492845,270275,165486,104784,5.0,200858,69417,41739,109434,118142,960,819.0
01/07/2026,40,Ciudad de México Sur ,1,San Ángel,1005616,525182,275044,250129,9.0,467234,57842,4057,355397,165702,26,720.08
01/07/2026,40,Ciudad de México Sur ,11,Santa Anita,246875,207820,117140,90679,1.0,191547,16273,2040,140903,64873,4,619.8
01/07/2026,40,Ciudad de México Sur ,54,Churubusco,499600,306719,172303,134416,0.0,276079,30636,12395,219039,75225,60,568.44
01/07/2026,40,Ciudad de México Sur ,58,Piedad Narvarte,589725,544991,302135,242853,3.0,492848,52142,5141,297773,242039,38,865.13
01/07/2026,40,Ciudad de México Sur ,6,Del Valle,420398,326525,215345,111176,4.0,212893,113629,3574,226270,95524,1157,640.63
01/08/2026,39,Ciudad de México Norte ,11,Magdalena de las Salinas,607840,315971,177332,138636,3.0,279381,36590,5846,204605,105520,0,683.75
01/08/2026,39,Ciudad de México Norte ,16,Polanco,736644,717775,423993,293775,7.0,573724,144051,2321,305802,409562,90,1061.44
01/08/2026,39,Ciudad de México Norte ,54,Santa MarÍa la Ribera,293933,279913,162359,117552,2.0,239297,40616,1396,146570,131945,2,931.5
01/08/2026,39,Ciudad de México Norte ,56,Guerrero,245289,192977,110582,82395,0.0,169215,23762,3364,123738,65874,1,647.87
01/08/2026,39,Ciudad de México Norte ,57,Centro,443417,233838,131651,102183,4.0,200137,33701,3918,110785,118187,948,899.55
01/08/2026,40,Ciudad de México Sur ,1,San Ángel,1027353,509252,266140,243105,7.0,447661,61482,3958,339942,165326,26,727.71
01/08/2026,40,Ciudad de México Sur ,11,Santa Anita,239504,201710,113518,88191,1.0,185885,15825,1946,136429,63331,4,621.83
01/08/2026,40,Ciudad de México Sur ,54,Churubusco,533999,342903,191249,151654,0.0,307915,34985,11553,255042,76250,58,560.9
01/08/2026,40,Ciudad de México Sur ,58,Piedad Narvarte,591975,547430,303400,244028,2.0,494485,52944,4993,300098,242301,38,864.06
01/08/2026,40,Ciudad de México Sur ,6,Del Valle,440542,348046,224309,123732,5.0,236945,111098,3467,249769,93653,1157,630.78
