fecha,cve_alcaldia,alcaldia,tipo_evento,total,lesionados,fallecidos,serie
2018-01-01,09002,Azcapotzalco,ATROPELLADO,8,8,0,ampliada
2018-01-01,09002,Azcapotzalco,CAIDA DE CICLISTA,1,1,0,ampliada
2018-01-01,09002,Azcapotzalco,CAIDA DE PASAJERO,1,1,0,ampliada
2018-01-01,09002,Azcapotzalco,CHOQUE,28,33,1,ampliada
2018-01-01,09002,Azcapotzalco,DERRAPADO,8,8,1,ampliada
2018-01-01,09002,Azcapotzalco,VOLCADURA,0,0,0,ampliada
2018-01-01,09003,Coyoacán,ATROPELLADO,22,22,1,ampliada
2018-01-01,09003,Coyoacán,CAIDA DE CICLISTA,1,1,0,ampliada
2018-01-01,09003,Coyoacán,CAIDA DE PASAJERO,4,4,0,ampliada
2018-01-01,09003,Coyoacán,CHOQUE,44,59,0,ampliada
2018-01-01,09003,Coyoacán,DERRAPADO,13,14,0,ampliada
2018-01-01,09003,Coyoacán,VOLCADURA,1,0,1,ampliada
2018-01-01,09004,Cuajimalpa de Morelos,ATROPELLADO,2,2,0,ampliada
2018-01-01,09004,Cuajimalpa de Morelos,CAIDA DE CICLISTA,0,0,0,ampliada
2018-01-01,09004,Cuajimalpa de Morelos,CAIDA DE PASAJERO,0,0,0,ampliada
2018-01-01,09004,Cuajimalpa de Morelos,CHOQUE,1,3,0,ampliada
2018-01-01,09004,Cuajimalpa de Morelos,DERRAPADO,0,0,0,ampliada
2018-01-01,09004,Cuajimalpa de Morelos,VOLCADURA,0,0,0,ampliada
2018-01-01,09005,Gustavo A. Madero,ATROPELLADO,30,33,1,ampliada
2018-01-01,09005,Gustavo A. Madero,CAIDA DE CICLISTA,3,3,0,ampliada
2018-01-01,09005,Gustavo A. Madero,CAIDA DE PASAJERO,3,3,0,ampliada
2018-01-01,09005,Gustavo A. Madero,CHOQUE,74,87,2,ampliada
2018-01-01,09005,Gustavo A. Madero,DERRAPADO,20,22,0,ampliada
2018-01-01,09005,Gustavo A. Madero,VOLCADURA,1,1,0,ampliada
2018-01-01,09006,Iztacalco,ATROPELLADO,5,5,0,ampliada
2018-01-01,09006,Iztacalco,CAIDA DE CICLISTA,0,0,0,ampliada
2018-01-01,09006,Iztacalco,CAIDA DE PASAJERO,0,0,0,ampliada
2018-01-01,09006,Iztacalco,CHOQUE,25,27,0,ampliada
2018-01-01,09006,Iztacalco,DERRAPADO,5,7,0,ampliada
2018-01-01,09006,Iztacalco,VOLCADURA,0,0,0,ampliada
2018-01-01,09007,Iztapalapa,ATROPELLADO,30,26,5,ampliada
2018-01-01,09007,Iztapalapa,CAIDA DE CICLISTA,0,0,0,ampliada
2018-01-01,09007,Iztapalapa,CAIDA DE PASAJERO,2,3,0,ampliada
2018-01-01,09007,Iztapalapa,CHOQUE,76,109,3,ampliada
2018-01-01,09007,Iztapalapa,DERRAPADO,16,15,1,ampliada
2018-01-01,09007,Iztapalapa,VOLCADURA,1,1,0,ampliada
2018-01-01,09008,La Magdalena Contreras,ATROPELLADO,1,0,1,ampliada
2018-01-01,09008,La Magdalena Contreras,CAIDA DE CICLISTA,0,0,0,ampliada
2018-01-01,09008,La Magdalena Contreras,CAIDA DE PASAJERO,0,0,0,ampliada
2018-01-01,09008,La Magdalena Contreras,CHOQUE,1,2,0,ampliada
2018-01-01,09008,La Magdalena Contreras,DERRAPADO,3,3,0,ampliada
2018-01-01,09008,La Magdalena Contreras,VOLCADURA,0,0,0,ampliada
2018-01-01,09009,Milpa Alta,ATROPELLADO,1,0,1,ampliada
2018-01-01,09009,Milpa Alta,CAIDA DE CICLISTA,0,0,0,ampliada
2018-01-01,09009,Milpa Alta,CAIDA DE PASAJERO,0,0,0,ampliada
2018-01-01,09009,Milpa Alta,CHOQUE,0,0,0,ampliada
2018-01-01,09009,Milpa Alta,DERRAPADO,0,0,0,ampliada
2018-01-01,09009,Milpa Alta,VOLCADURA,0,0,0,ampliada
2018-01-01,09010,Álvaro Obregón,ATROPELLADO,10,10,0,ampliada
2018-01-01,09010,Álvaro Obregón,CAIDA DE CICLISTA,0,0,0,ampliada
2018-01-01,09010,Álvaro Obregón,CAIDA DE PASAJERO,1,1,0,ampliada
2018-01-01,09010,Álvaro Obregón,CHOQUE,45,56,0,ampliada
2018-01-01,09010,Álvaro Obregón,DERRAPADO,8,8,0,ampliada
2018-01-01,09010,Álvaro Obregón,VOLCADURA,0,0,0,ampliada
2018-01-01,09011,Tláhuac,ATROPELLADO,4,4,0,ampliada
2018-01-01,09011,Tláhuac,CAIDA DE CICLISTA,0,0,0,ampliada
2018-01-01,09011,Tláhuac,CAIDA DE PASAJERO,0,0,0,ampliada
2018-01-01,09011,Tláhuac,CHOQUE,4,6,0,ampliada
2018-01-01,09011,Tláhuac,DERRAPADO,0,0,0,ampliada
2018-01-01,09011,Tláhuac,VOLCADURA,1,1,2,ampliada
2018-01-01,09012,Tlalpan,ATROPELLADO,12,12,0,ampliada
2018-01-01,09012,Tlalpan,CAIDA DE CICLISTA,0,0,0,ampliada
2018-01-01,09012,Tlalpan,CAIDA DE PASAJERO,2,2,0,ampliada
2018-01-01,09012,Tlalpan,CHOQUE,36,43,0,ampliada
2018-01-01,09012,Tlalpan,DERRAPADO,9,9,1,ampliada
2018-01-01,09012,Tlalpan,VOLCADURA,2,2,0,ampliada
2018-01-01,09013,Xochimilco,ATROPELLADO,8,8,1,ampliada
2018-01-01,09013,Xochimilco,CAIDA DE CICLISTA,0,0,0,ampliada
2018-01-01,09013,Xochimilco,CAIDA DE PASAJERO,0,0,0,ampliada
2018-01-01,09013,Xochimilco,CHOQUE,14,15,1,ampliada
2018-01-01,09013,Xochimilco,DERRAPADO,5,5,0,ampliada
2018-01-01,09013,Xochimilco,VOLCADURA,1,1,0,ampliada
2018-01-01,09014,Benito Juárez,ATROPELLADO,14,12,2,ampliada
2018-01-01,09014,Benito Juárez,CAIDA DE CICLISTA,0,0,0,ampliada
2018-01-01,09014,Benito Juárez,CAIDA DE PASAJERO,2,2,0,ampliada
2018-01-01,09014,Benito Juárez,CHOQUE,41,44,2,ampliada
2018-01-01,09014,Benito Juárez,DERRAPADO,7,7,0,ampliada
2018-01-01,09014,Benito Juárez,VOLCADURA,2,2,0,ampliada
2018-01-01,09015,Cuauhtémoc,ATROPELLADO,41,43,0,ampliada
2018-01-01,09015,Cuauhtémoc,CAIDA DE CICLISTA,7,7,0,ampliada
2018-01-01,09015,Cuauhtémoc,CAIDA DE PASAJERO,3,3,0,ampliada
2018-01-01,09015,Cuauhtémoc,CHOQUE,91,109,1,ampliada
2018-01-01,09015,Cuauhtémoc,DERRAPADO,25,25,0,ampliada
2018-01-01,09015,Cuauhtémoc,VOLCADURA,0,0,0,ampliada
2018-01-01,09016,Miguel Hidalgo,ATROPELLADO,22,22,0,ampliada
2018-01-01,09016,Miguel Hidalgo,CAIDA DE CICLISTA,2,2,0,ampliada
2018-01-01,09016,Miguel Hidalgo,CAIDA DE PASAJERO,4,4,0,ampliada
2018-01-01,09016,Miguel Hidalgo,CHOQUE,82,98,0,ampliada
2018-01-01,09016,Miguel Hidalgo,DERRAPADO,21,21,0,ampliada
2018-01-01,09016,Miguel Hidalgo,VOLCADURA,1,2,0,ampliada
2018-01-01,09017,Venustiano Carranza,ATROPELLADO,21,21,0,ampliada
2018-01-01,09017,Venustiano Carranza,CAIDA DE CICLISTA,0,0,0,ampliada
2018-01-01,09017,Venustiano Carranza,CAIDA DE PASAJERO,1,1,0,ampliada
2018-01-01,09017,Venustiano Carranza,CHOQUE,57,64,1,ampliada
2018-01-01,09017,Venustiano Carranza,DERRAPADO,21,21,1,ampliada
2018-01-01,09017,Venustiano Carranza,VOLCADURA,1,1,0,ampliada
2018-02-01,09002,Azcapotzalco,ATROPELLADO,7,8,0,ampliada
2018-02-01,09002,Azcapotzalco,CAIDA DE CICLISTA,1,1,0,ampliada
2018-02-01,09002,Azcapotzalco,CAIDA DE PASAJERO,1,1,0,ampliada
2018-02-01,09002,Azcapotzalco,CHOQUE,29,33,0,ampliada
2018-02-01,09002,Azcapotzalco,DERRAPADO,4,4,0,ampliada
2018-02-01,09002,Azcapotzalco,VOLCADURA,1,1,0,ampliada
2018-02-01,09003,Coyoacán,ATROPELLADO,11,11,1,ampliada
2018-02-01,09003,Coyoacán,CAIDA DE CICLISTA,0,0,0,ampliada
2018-02-01,09003,Coyoacán,CAIDA DE PASAJERO,1,3,0,ampliada
2018-02-01,09003,Coyoacán,CHOQUE,57,63,4,ampliada
2018-02-01,09003,Coyoacán,DERRAPADO,10,9,1,ampliada
2018-02-01,09003,Coyoacán,VOLCADURA,1,1,0,ampliada
2018-02-01,09004,Cuajimalpa de Morelos,ATROPELLADO,0,0,0,ampliada
2018-02-01,09004,Cuajimalpa de Morelos,CAIDA DE CICLISTA,0,0,0,ampliada
2018-02-01,09004,Cuajimalpa de Morelos,CAIDA DE PASAJERO,0,0,0,ampliada
2018-02-01,09004,Cuajimalpa de Morelos,CHOQUE,0,0,0,ampliada
2018-02-01,09004,Cuajimalpa de Morelos,DERRAPADO,0,0,0,ampliada
2018-02-01,09004,Cuajimalpa de Morelos,VOLCADURA,0,0,0,ampliada
2018-02-01,09005,Gustavo A. Madero,ATROPELLADO,17,16,1,ampliada
2018-02-01,09005,Gustavo A. Madero,CAIDA DE CICLISTA,3,4,0,ampliada
2018-02-01,09005,Gustavo A. Madero,CAIDA DE PASAJERO,4,4,0,ampliada
2018-02-01,09005,Gustavo A. Madero,CHOQUE,72,83,2,ampliada
2018-02-01,09005,Gustavo A. Madero,DERRAPADO,16,17,0,ampliada
2018-02-01,09005,Gustavo A. Madero,VOLCADURA,1,3,0,ampliada
2018-02-01,09006,Iztacalco,ATROPELLADO,13,13,0,ampliada
2018-02-01,09006,Iztacalco,CAIDA DE CICLISTA,0,0,0,ampliada
2018-02-01,09006,Iztacalco,CAIDA DE PASAJERO,1,2,0,ampliada
2018-02-01,09006,Iztacalco,CHOQUE,28,35,0,ampliada
2018-02-01,09006,Iztacalco,DERRAPADO,5,5,0,ampliada
2018-02-01,09006,Iztacalco,VOLCADURA,0,0,0,ampliada
2018-02-01,09007,Iztapalapa,ATROPELLADO,21,20,2,ampliada
2018-02-01,09007,Iztapalapa,CAIDA DE CICLISTA,0,0,0,ampliada
2018-02-01,09007,Iztapalapa,CAIDA DE PASAJERO,1,3,0,ampliada
2018-02-01,09007,Iztapalapa,CHOQUE,63,77,6,ampliada
2018-02-01,09007,Iztapalapa,DERRAPADO,10,11,0,ampliada
2018-02-01,09007,Iztapalapa,VOLCADURA,1,1,0,ampliada
2018-02-01,09008,La Magdalena Contreras,ATROPELLADO,0,0,0,ampliada
2018-02-01,09008,La Magdalena Contreras,CAIDA DE CICLISTA,0,0,0,ampliada
2018-02-01,09008,La Magdalena Contreras,CAIDA DE PASAJERO,0,0,0,ampliada
2018-02-01,09008,La Magdalena Contreras,CHOQUE,1,1,0,ampliada
2018-02-01,09008,La Magdalena Contreras,DERRAPADO,0,0,0,ampliada
2018-02-01,09008,La Magdalena Contreras,VOLCADURA,0,0,0,ampliada
2018-02-01,09009,Milpa Alta,ATROPELLADO,1,2,1,ampliada
2018-02-01,09009,Milpa Alta,CAIDA DE CICLISTA,0,0,0,ampliada
2018-02-01,09009,Milpa Alta,CAIDA DE PASAJERO,0,0,0,ampliada
2018-02-01,09009,Milpa Alta,CHOQUE,1,3,5,ampliada
2018-02-01,09009,Milpa Alta,DERRAPADO,0,0,0,ampliada
2018-02-01,09009,Milpa Alta,VOLCADURA,0,0,0,ampliada
2018-02-01,09010,Álvaro Obregón,ATROPELLADO,8,7,1,ampliada
2018-02-01,09010,Álvaro Obregón,CAIDA DE CICLISTA,0,0,0,ampliada
2018-02-01,09010,Álvaro Obregón,CAIDA DE PASAJERO,0,0,0,ampliada
2018-02-01,09010,Álvaro Obregón,CHOQUE,40,49,0,ampliada
2018-02-01,09010,Álvaro Obregón,DERRAPADO,7,8,0,ampliada
2018-02-01,09010,Álvaro Obregón,VOLCADURA,1,1,0,ampliada
2018-02-01,09011,Tláhuac,ATROPELLADO,1,1,0,ampliada
2018-02-01,09011,Tláhuac,CAIDA DE CICLISTA,0,0,0,ampliada
2018-02-01,09011,Tláhuac,CAIDA DE PASAJERO,1,0,1,ampliada
2018-02-01,09011,Tláhuac,CHOQUE,7,14,5,ampliada
2018-02-01,09011,Tláhuac,DERRAPADO,1,1,0,ampliada
2018-02-01,09011,Tláhuac,VOLCADURA,0,0,0,ampliada
2018-02-01,09012,Tlalpan,ATROPELLADO,6,6,0,ampliada
2018-02-01,09012,Tlalpan,CAIDA DE CICLISTA,1,1,0,ampliada
2018-02-01,09012,Tlalpan,CAIDA DE PASAJERO,1,1,0,ampliada
2018-02-01,09012,Tlalpan,CHOQUE,41,60,1,ampliada
2018-02-01,09012,Tlalpan,DERRAPADO,3,4,0,ampliada
2018-02-01,09012,Tlalpan,VOLCADURA,2,2,0,ampliada
2018-02-01,09013,Xochimilco,ATROPELLADO,3,4,1,ampliada
2018-02-01,09013,Xochimilco,CAIDA DE CICLISTA,0,0,0,ampliada
2018-02-01,09013,Xochimilco,CAIDA DE PASAJERO,0,0,0,ampliada
2018-02-01,09013,Xochimilco,CHOQUE,13,16,0,ampliada
2018-02-01,09013,Xochimilco,DERRAPADO,2,2,0,ampliada
2018-02-01,09013,Xochimilco,VOLCADURA,0,0,0,ampliada
2018-02-01,09014,Benito Juárez,ATROPELLADO,14,13,1,ampliada
2018-02-01,09014,Benito Juárez,CAIDA DE CICLISTA,0,0,0,ampliada
2018-02-01,09014,Benito Juárez,CAIDA DE PASAJERO,1,1,0,ampliada
2018-02-01,09014,Benito Juárez,CHOQUE,40,43,1,ampliada
2018-02-01,09014,Benito Juárez,DERRAPADO,7,7,0,ampliada
2018-02-01,09014,Benito Juárez,VOLCADURA,0,0,0,ampliada
2018-02-01,09015,Cuauhtémoc,ATROPELLADO,60,61,1,ampliada
2018-02-01,09015,Cuauhtémoc,CAIDA DE CICLISTA,5,5,0,ampliada
2018-02-01,09015,Cuauhtémoc,CAIDA DE PASAJERO,3,3,0,ampliada
2018-02-01,09015,Cuauhtémoc,CHOQUE,88,112,1,ampliada
2018-02-01,09015,Cuauhtémoc,DERRAPADO,23,25,0,ampliada
2018-02-01,09015,Cuauhtémoc,VOLCADURA,0,0,0,ampliada
2018-02-01,09016,Miguel Hidalgo,ATROPELLADO,30,34,0,ampliada
2018-02-01,09016,Miguel Hidalgo,CAIDA DE CICLISTA,3,3,0,ampliada
2018-02-01,09016,Miguel Hidalgo,CAIDA DE PASAJERO,0,0,0,ampliada
2018-02-01,09016,Miguel Hidalgo,CHOQUE,63,77,0,ampliada
2018-02-01,09016,Miguel Hidalgo,DERRAPADO,24,23,1,ampliada
2018-02-01,09016,Miguel Hidalgo,VOLCADURA,1,1,0,ampliada
2018-02-01,09017,Venustiano Carranza,ATROPELLADO,12,11,1,ampliada
2018-02-01,09017,Venustiano Carranza,CAIDA DE CICLISTA,2,2,0,ampliada
2018-02-01,09017,Venustiano Carranza,CAIDA DE PASAJERO,0,0,0,ampliada
2018-02-01,09017,Venustiano Carranza,CHOQUE,38,43,1,ampliada
2018-02-01,09017,Venustiano Carranza,DERRAPADO,16,17,0,ampliada
2018-02-01,09017,Venustiano Carranza,VOLCADURA,0,0,0,ampliada
2018-03-01,09002,Azcapotzalco,ATROPELLADO,8,6,2,ampliada
2018-03-01,09002,Azcapotzalco,CAIDA DE CICLISTA,0,0,0,ampliada
2018-03-01,09002,Azcapotzalco,CAIDA DE PASAJERO,0,0,0,ampliada
2018-03-01,09002,Azcapotzalco,CHOQUE,28,29,2,ampliada
2018-03-01,09002,Azcapotzalco,DERRAPADO,4,5,0,ampliada
2018-03-01,09002,Azcapotzalco,VOLCADURA,1,1,0,ampliada
2018-03-01,09003,Coyoacán,ATROPELLADO,27,27,1,ampliada
2018-03-01,09003,Coyoacán,CAIDA DE CICLISTA,1,1,0,ampliada
2018-03-01,09003,Coyoacán,CAIDA DE PASAJERO,0,0,0,ampliada
2018-03-01,09003,Coyoacán,CHOQUE,62,72,0,ampliada
2018-03-01,09003,Coyoacán,DERRAPADO,18,19,0,ampliada
2018-03-01,09003,Coyoacán,VOLCADURA,2,2,0,ampliada
2018-03-01,09004,Cuajimalpa de Morelos,ATROPELLADO,0,0,0,ampliada
2018-03-01,09004,Cuajimalpa de Morelos,CAIDA DE CICLISTA,0,0,0,ampliada
2018-03-01,09004,Cuajimalpa de Morelos,CAIDA DE PASAJERO,0,0,0,ampliada
2018-03-01,09004,Cuajimalpa de Morelos,CHOQUE,0,0,0,ampliada
2018-03-01,09004,Cuajimalpa de Morelos,DERRAPADO,0,0,0,ampliada
2018-03-01,09004,Cuajimalpa de Morelos,VOLCADURA,0,0,0,ampliada
2018-03-01,09005,Gustavo A. Madero,ATROPELLADO,21,20,1,ampliada
2018-03-01,09005,Gustavo A. Madero,CAIDA DE CICLISTA,4,4,0,ampliada
2018-03-01,09005,Gustavo A. Madero,CAIDA DE PASAJERO,4,4,0,ampliada
2018-03-01,09005,Gustavo A. Madero,CHOQUE,74,86,3,ampliada
2018-03-01,09005,Gustavo A. Madero,DERRAPADO,13,15,1,ampliada
2018-03-01,09005,Gustavo A. Madero,VOLCADURA,3,4,0,ampliada
2018-03-01,09006,Iztacalco,ATROPELLADO,18,15,3,ampliada
2018-03-01,09006,Iztacalco,CAIDA DE CICLISTA,0,0,0,ampliada
2018-03-01,09006,Iztacalco,CAIDA DE PASAJERO,0,0,0,ampliada
2018-03-01,09006,Iztacalco,CHOQUE,28,34,2,ampliada
2018-03-01,09006,Iztacalco,DERRAPADO,5,6,0,ampliada
2018-03-01,09006,Iztacalco,VOLCADURA,0,0,0,ampliada
2018-03-01,09007,Iztapalapa,ATROPELLADO,33,31,5,ampliada
2018-03-01,09007,Iztapalapa,CAIDA DE CICLISTA,0,0,0,ampliada
2018-03-01,09007,Iztapalapa,CAIDA DE PASAJERO,3,6,0,ampliada
2018-03-01,09007,Iztapalapa,CHOQUE,92,130,6,ampliada
2018-03-01,09007,Iztapalapa,DERRAPADO,18,19,1,ampliada
2018-03-01,09007,Iztapalapa,VOLCADURA,0,0,0,ampliada
2018-03-01,09008,La Magdalena Contreras,ATROPELLADO,0,0,0,ampliada
2018-03-01,09008,La Magdalena Contreras,CAIDA DE CICLISTA,0,0,0,ampliada
2018-03-01,09008,La Magdalena Contreras,CAIDA DE PASAJERO,0,0,0,ampliada
2018-03-01,09008,La Magdalena Contreras,CHOQUE,3,3,0,ampliada
2018-03-01,09008,La Magdalena Contreras,DERRAPADO,0,0,0,ampliada
2018-03-01,09008,La Magdalena Contreras,VOLCADURA,0,0,0,ampliada
2018-03-01,09009,Milpa Alta,ATROPELLADO,0,0,0,ampliada
2018-03-01,09009,Milpa Alta,CAIDA DE CICLISTA,0,0,0,ampliada
2018-03-01,09009,Milpa Alta,CAIDA DE PASAJERO,0,0,0,ampliada
2018-03-01,09009,Milpa Alta,CHOQUE,0,0,0,ampliada
2018-03-01,09009,Milpa Alta,DERRAPADO,0,0,0,ampliada
2018-03-01,09009,Milpa Alta,VOLCADURA,0,0,0,ampliada
2018-03-01,09010,Álvaro Obregón,ATROPELLADO,22,21,1,ampliada
2018-03-01,09010,Álvaro Obregón,CAIDA DE CICLISTA,0,0,0,ampliada
2018-03-01,09010,Álvaro Obregón,CAIDA DE PASAJERO,1,1,0,ampliada
2018-03-01,09010,Álvaro Obregón,CHOQUE,43,54,1,ampliada
2018-03-01,09010,Álvaro Obregón,DERRAPADO,6,8,0,ampliada
2018-03-01,09010,Álvaro Obregón,VOLCADURA,1,1,0,ampliada
2018-03-01,09011,Tláhuac,ATROPELLADO,5,3,2,ampliada
2018-03-01,09011,Tláhuac,CAIDA DE CICLISTA,0,0,0,ampliada
2018-03-01,09011,Tláhuac,CAIDA DE PASAJERO,0,0,0,ampliada
2018-03-01,09011,Tláhuac,CHOQUE,6,8,0,ampliada
2018-03-01,09011,Tláhuac,DERRAPADO,1,1,0,ampliada
2018-03-01,09011,Tláhuac,VOLCADURA,0,0,0,ampliada
2018-03-01,09012,Tlalpan,ATROPELLADO,11,9,2,ampliada
2018-03-01,09012,Tlalpan,CAIDA DE CICLISTA,0,0,0,ampliada
2018-03-01,09012,Tlalpan,CAIDA DE PASAJERO,1,1,0,ampliada
2018-03-01,09012,Tlalpan,CHOQUE,35,47,0,ampliada
2018-03-01,09012,Tlalpan,DERRAPADO,9,9,0,ampliada
2018-03-01,09012,Tlalpan,VOLCADURA,1,1,0,ampliada
2018-03-01,09013,Xochimilco,ATROPELLADO,10,11,0,ampliada
2018-03-01,09013,Xochimilco,CAIDA DE CICLISTA,1,1,0,ampliada
2018-03-01,09013,Xochimilco,CAIDA DE PASAJERO,0,0,0,ampliada
2018-03-01,09013,Xochimilco,CHOQUE,10,17,0,ampliada
2018-03-01,09013,Xochimilco,DERRAPADO,4,3,1,ampliada
2018-03-01,09013,Xochimilco,VOLCADURA,0,0,0,ampliada
2018-03-01,09014,Benito Juárez,ATROPELLADO,6,6,0,ampliada
2018-03-01,09014,Benito Juárez,CAIDA DE CICLISTA,2,2,0,ampliada
2018-03-01,09014,Benito Juárez,CAIDA DE PASAJERO,1,1,0,ampliada
2018-03-01,09014,Benito Juárez,CHOQUE,50,57,0,ampliada
2018-03-01,09014,Benito Juárez,DERRAPADO,4,5,0,ampliada
2018-03-01,09014,Benito Juárez,VOLCADURA,1,1,0,ampliada
2018-03-01,09015,Cuauhtémoc,ATROPELLADO,49,50,3,ampliada
2018-03-01,09015,Cuauhtémoc,CAIDA DE CICLISTA,7,7,0,ampliada
2018-03-01,09015,Cuauhtémoc,CAIDA DE PASAJERO,2,2,0,ampliada
2018-03-01,09015,Cuauhtémoc,CHOQUE,94,121,2,ampliada
2018-03-01,09015,Cuauhtémoc,DERRAPADO,23,24,0,ampliada
2018-03-01,09015,Cuauhtémoc,VOLCADURA,2,3,0,ampliada
2018-03-01,09016,Miguel Hidalgo,ATROPELLADO,31,34,0,ampliada
2018-03-01,09016,Miguel Hidalgo,CAIDA DE CICLISTA,6,6,0,ampliada
2018-03-01,09016,Miguel Hidalgo,CAIDA DE PASAJERO,1,1,0,ampliada
2018-03-01,09016,Miguel Hidalgo,CHOQUE,74,91,0,ampliada
2018-03-01,09016,Miguel Hidalgo,DERRAPADO,21,21,2,ampliada
2018-03-01,09016,Miguel Hidalgo,VOLCADURA,1,1,0,ampliada
2018-03-01,09017,Venustiano Carranza,ATROPELLADO,19,16,3,ampliada
2018-03-01,09017,Venustiano Carranza,CAIDA DE CICLISTA,0,0,0,ampliada
2018-03-01,09017,Venustiano Carranza,CAIDA DE PASAJERO,1,1,0,ampliada
2018-03-01,09017,Venustiano Carranza,CHOQUE,50,71,0,ampliada
2018-03-01,09017,Venustiano Carranza,DERRAPADO,15,16,0,ampliada
2018-03-01,09017,Venustiano Carranza,VOLCADURA,0,0,0,ampliada
2018-04-01,09002,Azcapotzalco,ATROPELLADO,7,7,0,ampliada
2018-04-01,09002,Azcapotzalco,CAIDA DE CICLISTA,0,0,0,ampliada
2018-04-01,09002,Azcapotzalco,CAIDA DE PASAJERO,0,0,0,ampliada
2018-04-01,09002,Azcapotzalco,CHOQUE,19,17,2,ampliada
2018-04-01,09002,Azcapotzalco,DERRAPADO,6,6,0,ampliada
2018-04-01,09002,Azcapotzalco,VOLCADURA,2,2,0,ampliada
2018-04-01,09003,Coyoacán,ATROPELLADO,27,26,1,ampliada
2018-04-01,09003,Coyoacán,CAIDA DE CICLISTA,0,0,0,ampliada
2018-04-01,09003,Coyoacán,CAIDA DE PASAJERO,2,2,0,ampliada
2018-04-01,09003,Coyoacán,CHOQUE,60,77,1,ampliada
2018-04-01,09003,Coyoacán,DERRAPADO,16,19,0,ampliada
2018-04-01,09003,Coyoacán,VOLCADURA,0,0,0,ampliada
2018-04-01,09004,Cuajimalpa de Morelos,ATROPELLADO,1,0,1,ampliada
2018-04-01,09004,Cuajimalpa de Morelos,CAIDA DE CICLISTA,0,0,0,ampliada
2018-04-01,09004,Cuajimalpa de Morelos,CAIDA DE PASAJERO,0,0,0,ampliada
2018-04-01,09004,Cuajimalpa de Morelos,CHOQUE,2,2,1,ampliada
2018-04-01,09004,Cuajimalpa de Morelos,DERRAPADO,0,0,0,ampliada
2018-04-01,09004,Cuajimalpa de Morelos,VOLCADURA,0,0,0,ampliada
2018-04-01,09005,Gustavo A. Madero,ATROPELLADO,27,24,4,ampliada
2018-04-01,09005,Gustavo A. Madero,CAIDA DE CICLISTA,0,0,0,ampliada
2018-04-01,09005,Gustavo A. Madero,CAIDA DE PASAJERO,2,2,0,ampliada
2018-04-01,09005,Gustavo A. Madero,CHOQUE,80,116,2,ampliada
2018-04-01,09005,Gustavo A. Madero,DERRAPADO,16,16,0,ampliada
2018-04-01,09005,Gustavo A. Madero,VOLCADURA,0,0,0,ampliada
2018-04-01,09006,Iztacalco,ATROPELLADO,13,15,1,ampliada
2018-04-01,09006,Iztacalco,CAIDA DE CICLISTA,0,0,0,ampliada
2018-04-01,09006,Iztacalco,CAIDA DE PASAJERO,0,0,0,ampliada
2018-04-01,09006,Iztacalco,CHOQUE,26,33,0,ampliada
2018-04-01,09006,Iztacalco,DERRAPADO,6,7,0,ampliada
2018-04-01,09006,Iztacalco,VOLCADURA,0,0,0,ampliada
2018-04-01,09007,Iztapalapa,ATROPELLADO,27,26,3,ampliada
2018-04-01,09007,Iztapalapa,CAIDA DE CICLISTA,1,1,0,ampliada
2018-04-01,09007,Iztapalapa,CAIDA DE PASAJERO,0,0,0,ampliada
2018-04-01,09007,Iztapalapa,CHOQUE,52,64,4,ampliada
2018-04-01,09007,Iztapalapa,DERRAPADO,20,21,0,ampliada
2018-04-01,09007,Iztapalapa,VOLCADURA,5,4,1,ampliada
2018-04-01,09008,La Magdalena Contreras,ATROPELLADO,0,0,0,ampliada
2018-04-01,09008,La Magdalena Contreras,CAIDA DE CICLISTA,0,0,0,ampliada
2018-04-01,09008,La Magdalena Contreras,CAIDA DE PASAJERO,0,0,0,ampliada
2018-04-01,09008,La Magdalena Contreras,CHOQUE,1,1,0,ampliada
2018-04-01,09008,La Magdalena Contreras,DERRAPADO,0,0,0,ampliada
2018-04-01,09008,La Magdalena Contreras,VOLCADURA,0,0,0,ampliada
2018-04-01,09009,Milpa Alta,ATROPELLADO,1,0,1,ampliada
2018-04-01,09009,Milpa Alta,CAIDA DE CICLISTA,0,0,0,ampliada
2018-04-01,09009,Milpa Alta,CAIDA DE PASAJERO,0,0,0,ampliada
2018-04-01,09009,Milpa Alta,CHOQUE,0,0,0,ampliada
2018-04-01,09009,Milpa Alta,DERRAPADO,0,0,0,ampliada
2018-04-01,09009,Milpa Alta,VOLCADURA,0,0,0,ampliada
2018-04-01,09010,Álvaro Obregón,ATROPELLADO,15,17,0,ampliada
2018-04-01,09010,Álvaro Obregón,CAIDA DE CICLISTA,0,0,0,ampliada
2018-04-01,09010,Álvaro Obregón,CAIDA DE PASAJERO,0,0,0,ampliada
2018-04-01,09010,Álvaro Obregón,CHOQUE,38,55,0,ampliada
2018-04-01,09010,Álvaro Obregón,DERRAPADO,6,7,0,ampliada
2018-04-01,09010,Álvaro Obregón,VOLCADURA,0,0,0,ampliada
2018-04-01,09011,Tláhuac,ATROPELLADO,1,0,1,ampliada
2018-04-01,09011,Tláhuac,CAIDA DE CICLISTA,0,0,0,ampliada
2018-04-01,09011,Tláhuac,CAIDA DE PASAJERO,0,0,0,ampliada
2018-04-01,09011,Tláhuac,CHOQUE,0,0,0,ampliada
2018-04-01,09011,Tláhuac,DERRAPADO,0,0,0,ampliada
2018-04-01,09011,Tláhuac,VOLCADURA,0,0,0,ampliada
2018-04-01,09012,Tlalpan,ATROPELLADO,15,14,1,ampliada
2018-04-01,09012,Tlalpan,CAIDA DE CICLISTA,0,0,0,ampliada
2018-04-01,09012,Tlalpan,CAIDA DE PASAJERO,0,0,0,ampliada
2018-04-01,09012,Tlalpan,CHOQUE,48,58,0,ampliada
2018-04-01,09012,Tlalpan,DERRAPADO,9,10,0,ampliada
2018-04-01,09012,Tlalpan,VOLCADURA,2,2,0,ampliada
2018-04-01,09013,Xochimilco,ATROPELLADO,3,3,0,ampliada
2018-04-01,09013,Xochimilco,CAIDA DE CICLISTA,0,0,0,ampliada
2018-04-01,09013,Xochimilco,CAIDA DE PASAJERO,1,1,0,ampliada
2018-04-01,09013,Xochimilco,CHOQUE,11,14,1,ampliada
2018-04-01,09013,Xochimilco,DERRAPADO,4,4,0,ampliada
2018-04-01,09013,Xochimilco,VOLCADURA,0,0,0,ampliada
2018-04-01,09014,Benito Juárez,ATROPELLADO,9,10,0,ampliada
2018-04-01,09014,Benito Juárez,CAIDA DE CICLISTA,4,4,0,ampliada
2018-04-01,09014,Benito Juárez,CAIDA DE PASAJERO,1,1,0,ampliada
2018-04-01,09014,Benito Juárez,CHOQUE,41,62,0,ampliada
2018-04-01,09014,Benito Juárez,DERRAPADO,5,7,0,ampliada
2018-04-01,09014,Benito Juárez,VOLCADURA,0,0,0,ampliada
2018-04-01,09015,Cuauhtémoc,ATROPELLADO,36,37,0,ampliada
2018-04-01,09015,Cuauhtémoc,CAIDA DE CICLISTA,1,1,0,ampliada
2018-04-01,09015,Cuauhtémoc,CAIDA DE PASAJERO,4,7,0,ampliada
2018-04-01,09015,Cuauhtémoc,CHOQUE,86,100,0,ampliada
2018-04-01,09015,Cuauhtémoc,DERRAPADO,18,20,0,ampliada
2018-04-01,09015,Cuauhtémoc,VOLCADURA,2,2,0,ampliada
2018-04-01,09016,Miguel Hidalgo,ATROPELLADO,24,25,0,ampliada
2018-04-01,09016,Miguel Hidalgo,CAIDA DE CICLISTA,9,9,0,ampliada
2018-04-01,09016,Miguel Hidalgo,CAIDA DE PASAJERO,1,1,0,ampliada
2018-04-01,09016,Miguel Hidalgo,CHOQUE,83,93,0,ampliada
2018-04-01,09016,Miguel Hidalgo,DERRAPADO,21,21,0,ampliada
2018-04-01,09016,Miguel Hidalgo,VOLCADURA,1,1,0,ampliada
2018-04-01,09017,Venustiano Carranza,ATROPELLADO,5,6,0,ampliada
2018-04-01,09017,Venustiano Carranza,CAIDA DE CICLISTA,0,0,0,ampliada
2018-04-01,09017,Venustiano Carranza,CAIDA DE PASAJERO,1,1,0,ampliada
2018-04-01,09017,Venustiano Carranza,CHOQUE,47,55,0,ampliada
2018-04-01,09017,Venustiano Carranza,DERRAPADO,13,14,0,ampliada
2018-04-01,09017,Venustiano Carranza,VOLCADURA,1,1,0,ampliada
2018-05-01,09002,Azcapotzalco,ATROPELLADO,5,5,0,ampliada
2018-05-01,09002,Azcapotzalco,CAIDA DE CICLISTA,1,1,0,ampliada
2018-05-01,09002,Azcapotzalco,CAIDA DE PASAJERO,1,1,0,ampliada
2018-05-01,09002,Azcapotzalco,CHOQUE,26,29,2,ampliada
2018-05-01,09002,Azcapotzalco,DERRAPADO,7,8,0,ampliada
2018-05-01,09002,Azcapotzalco,VOLCADURA,0,0,0,ampliada
2018-05-01,09003,Coyoacán,ATROPELLADO,11,13,1,ampliada
2018-05-01,09003,Coyoacán,CAIDA DE CICLISTA,0,0,0,ampliada
2018-05-01,09003,Coyoacán,CAIDA DE PASAJERO,3,3,0,ampliada
2018-05-01,09003,Coyoacán,CHOQUE,39,41,2,ampliada
2018-05-01,09003,Coyoacán,DERRAPADO,4,5,0,ampliada
2018-05-01,09003,Coyoacán,VOLCADURA,0,0,0,ampliada
2018-05-01,09004,Cuajimalpa de Morelos,ATROPELLADO,1,1,0,ampliada
2018-05-01,09004,Cuajimalpa de Morelos,CAIDA DE CICLISTA,0,0,0,ampliada
2018-05-01,09004,Cuajimalpa de Morelos,CAIDA DE PASAJERO,0,0,0,ampliada
2018-05-01,09004,Cuajimalpa de Morelos,CHOQUE,4,5,1,ampliada
2018-05-01,09004,Cuajimalpa de Morelos,DERRAPADO,0,0,0,ampliada
2018-05-01,09004,Cuajimalpa de Morelos,VOLCADURA,0,0,0,ampliada
2018-05-01,09005,Gustavo A. Madero,ATROPELLADO,33,34,1,ampliada
2018-05-01,09005,Gustavo A. Madero,CAIDA DE CICLISTA,0,0,0,ampliada
2018-05-01,09005,Gustavo A. Madero,CAIDA DE PASAJERO,4,4,0,ampliada
2018-05-01,09005,Gustavo A. Madero,CHOQUE,64,76,2,ampliada
2018-05-01,09005,Gustavo A. Madero,DERRAPADO,11,11,0,ampliada
2018-05-01,09005,Gustavo A. Madero,VOLCADURA,1,1,0,ampliada
2018-05-01,09006,Iztacalco,ATROPELLADO,15,15,1,ampliada
2018-05-01,09006,Iztacalco,CAIDA DE CICLISTA,1,1,0,ampliada
2018-05-01,09006,Iztacalco,CAIDA DE PASAJERO,1,1,0,ampliada
2018-05-01,09006,Iztacalco,CHOQUE,20,28,0,ampliada
2018-05-01,09006,Iztacalco,DERRAPADO,7,6,1,ampliada
2018-05-01,09006,Iztacalco,VOLCADURA,0,0,0,ampliada
2018-05-01,09007,Iztapalapa,ATROPELLADO,31,29,3,ampliada
2018-05-01,09007,Iztapalapa,CAIDA DE CICLISTA,0,0,0,ampliada
2018-05-01,09007,Iztapalapa,CAIDA DE PASAJERO,3,3,0,ampliada
2018-05-01,09007,Iztapalapa,CHOQUE,44,55,2,ampliada
2018-05-01,09007,Iztapalapa,DERRAPADO,7,8,0,ampliada
2018-05-01,09007,Iztapalapa,VOLCADURA,0,0,0,ampliada
2018-05-01,09008,La Magdalena Contreras,ATROPELLADO,0,0,0,ampliada
2018-05-01,09008,La Magdalena Contreras,CAIDA DE CICLISTA,0,0,0,ampliada
2018-05-01,09008,La Magdalena Contreras,CAIDA DE PASAJERO,0,0,0,ampliada
2018-05-01,09008,La Magdalena Contreras,CHOQUE,0,0,0,ampliada
2018-05-01,09008,La Magdalena Contreras,DERRAPADO,1,1,0,ampliada
2018-05-01,09008,La Magdalena Contreras,VOLCADURA,1,1,0,ampliada
2018-05-01,09009,Milpa Alta,ATROPELLADO,0,0,0,ampliada
2018-05-01,09009,Milpa Alta,CAIDA DE CICLISTA,0,0,0,ampliada
2018-05-01,09009,Milpa Alta,CAIDA DE PASAJERO,0,0,0,ampliada
2018-05-01,09009,Milpa Alta,CHOQUE,0,0,0,ampliada
2018-05-01,09009,Milpa Alta,DERRAPADO,0,0,0,ampliada
2018-05-01,09009,Milpa Alta,VOLCADURA,0,0,0,ampliada
2018-05-01,09010,Álvaro Obregón,ATROPELLADO,14,15,0,ampliada
2018-05-01,09010,Álvaro Obregón,CAIDA DE CICLISTA,0,0,0,ampliada
2018-05-01,09010,Álvaro Obregón,CAIDA DE PASAJERO,1,1,0,ampliada
2018-05-01,09010,Álvaro Obregón,CHOQUE,28,43,0,ampliada
2018-05-01,09010,Álvaro Obregón,DERRAPADO,7,7,0,ampliada
2018-05-01,09010,Álvaro Obregón,VOLCADURA,1,1,0,ampliada
2018-05-01,09011,Tláhuac,ATROPELLADO,0,0,0,ampliada
2018-05-01,09011,Tláhuac,CAIDA DE CICLISTA,0,0,0,ampliada
2018-05-01,09011,Tláhuac,CAIDA DE PASAJERO,0,0,0,ampliada
2018-05-01,09011,Tláhuac,CHOQUE,4,5,0,ampliada
2018-05-01,09011,Tláhuac,DERRAPADO,1,0,1,ampliada
2018-05-01,09011,Tláhuac,VOLCADURA,0,0,0,ampliada
2018-05-01,09012,Tlalpan,ATROPELLADO,8,9,0,ampliada
2018-05-01,09012,Tlalpan,CAIDA DE CICLISTA,0,0,0,ampliada
2018-05-01,09012,Tlalpan,CAIDA DE PASAJERO,1,1,0,ampliada
2018-05-01,09012,Tlalpan,CHOQUE,32,46,0,ampliada
2018-05-01,09012,Tlalpan,DERRAPADO,3,5,0,ampliada
2018-05-01,09012,Tlalpan,VOLCADURA,1,2,0,ampliada
2018-05-01,09013,Xochimilco,ATROPELLADO,8,9,0,ampliada
2018-05-01,09013,Xochimilco,CAIDA DE CICLISTA,0,0,0,ampliada
2018-05-01,09013,Xochimilco,CAIDA DE PASAJERO,0,0,0,ampliada
2018-05-01,09013,Xochimilco,CHOQUE,9,9,1,ampliada
2018-05-01,09013,Xochimilco,DERRAPADO,4,3,1,ampliada
2018-05-01,09013,Xochimilco,VOLCADURA,0,0,0,ampliada
2018-05-01,09014,Benito Juárez,ATROPELLADO,16,16,0,ampliada
2018-05-01,09014,Benito Juárez,CAIDA DE CICLISTA,1,1,0,ampliada
2018-05-01,09014,Benito Juárez,CAIDA DE PASAJERO,0,0,0,ampliada
2018-05-01,09014,Benito Juárez,CHOQUE,26,36,0,ampliada
2018-05-01,09014,Benito Juárez,DERRAPADO,3,3,0,ampliada
2018-05-01,09014,Benito Juárez,VOLCADURA,0,0,0,ampliada
2018-05-01,09015,Cuauhtémoc,ATROPELLADO,64,62,2,ampliada
2018-05-01,09015,Cuauhtémoc,CAIDA DE CICLISTA,3,3,0,ampliada
2018-05-01,09015,Cuauhtémoc,CAIDA DE PASAJERO,9,9,0,ampliada
2018-05-01,09015,Cuauhtémoc,CHOQUE,79,101,0,ampliada
2018-05-01,09015,Cuauhtémoc,DERRAPADO,14,14,0,ampliada
2018-05-01,09015,Cuauhtémoc,VOLCADURA,1,1,0,ampliada
2018-05-01,09016,Miguel Hidalgo,ATROPELLADO,37,38,0,ampliada
2018-05-01,09016,Miguel Hidalgo,CAIDA DE CICLISTA,4,4,0,ampliada
2018-05-01,09016,Miguel Hidalgo,CAIDA DE PASAJERO,4,4,0,ampliada
2018-05-01,09016,Miguel Hidalgo,CHOQUE,72,85,0,ampliada
2018-05-01,09016,Miguel Hidalgo,DERRAPADO,17,17,0,ampliada
2018-05-01,09016,Miguel Hidalgo,VOLCADURA,3,3,0,ampliada
2018-05-01,09017,Venustiano Carranza,ATROPELLADO,18,18,0,ampliada
2018-05-01,09017,Venustiano Carranza,CAIDA DE CICLISTA,1,1,0,ampliada
2018-05-01,09017,Venustiano Carranza,CAIDA DE PASAJERO,3,3,0,ampliada
2018-05-01,09017,Venustiano Carranza,CHOQUE,43,50,0,ampliada
2018-05-01,09017,Venustiano Carranza,DERRAPADO,8,9,0,ampliada
2018-05-01,09017,Venustiano Carranza,VOLCADURA,0,0,0,ampliada
2018-06-01,09002,Azcapotzalco,ATROPELLADO,18,19,1,ampliada
2018-06-01,09002,Azcapotzalco,CAIDA DE CICLISTA,0,0,0,ampliada
2018-06-01,09002,Azcapotzalco,CAIDA DE PASAJERO,1,1,0,ampliada
2018-06-01,09002,Azcapotzalco,CHOQUE,31,37,1,ampliada
2018-06-01,09002,Azcapotzalco,DERRAPADO,3,3,0,ampliada
2018-06-01,09002,Azcapotzalco,VOLCADURA,2,2,0,ampliada
2018-06-01,09003,Coyoacán,ATROPELLADO,34,38,0,ampliada
2018-06-01,09003,Coyoacán,CAIDA DE CICLISTA,1,1,0,ampliada
2018-06-01,09003,Coyoacán,CAIDA DE PASAJERO,3,3,0,ampliada
2018-06-01,09003,Coyoacán,CHOQUE,50,59,0,ampliada
2018-06-01,09003,Coyoacán,DERRAPADO,11,12,0,ampliada
2018-06-01,09003,Coyoacán,VOLCADURA,2,2,0,ampliada
2018-06-01,09004,Cuajimalpa de Morelos,ATROPELLADO,2,2,0,ampliada
2018-06-01,09004,Cuajimalpa de Morelos,CAIDA DE CICLISTA,0,0,0,ampliada
2018-06-01,09004,Cuajimalpa de Morelos,CAIDA DE PASAJERO,0,0,0,ampliada
2018-06-01,09004,Cuajimalpa de Morelos,CHOQUE,8,11,1,ampliada
2018-06-01,09004,Cuajimalpa de Morelos,DERRAPADO,3,3,0,ampliada
2018-06-01,09004,Cuajimalpa de Morelos,VOLCADURA,0,0,0,ampliada
2018-06-01,09005,Gustavo A. Madero,ATROPELLADO,49,53,1,ampliada
2018-06-01,09005,Gustavo A. Madero,CAIDA DE CICLISTA,2,2,0,ampliada
2018-06-01,09005,Gustavo A. Madero,CAIDA DE PASAJERO,4,4,0,ampliada
2018-06-01,09005,Gustavo A. Madero,CHOQUE,88,118,1,ampliada
2018-06-01,09005,Gustavo A. Madero,DERRAPADO,25,28,0,ampliada
2018-06-01,09005,Gustavo A. Madero,VOLCADURA,5,5,0,ampliada
2018-06-01,09006,Iztacalco,ATROPELLADO,11,10,1,ampliada
2018-06-01,09006,Iztacalco,CAIDA DE CICLISTA,2,2,0,ampliada
2018-06-01,09006,Iztacalco,CAIDA DE PASAJERO,1,1,0,ampliada
2018-06-01,09006,Iztacalco,CHOQUE,41,54,0,ampliada
2018-06-01,09006,Iztacalco,DERRAPADO,7,8,0,ampliada
2018-06-01,09006,Iztacalco,VOLCADURA,0,0,0,ampliada
2018-06-01,09007,Iztapalapa,ATROPELLADO,41,42,3,ampliada
2018-06-01,09007,Iztapalapa,CAIDA DE CICLISTA,0,0,0,ampliada
2018-06-01,09007,Iztapalapa,CAIDA DE PASAJERO,2,2,0,ampliada
2018-06-01,09007,Iztapalapa,CHOQUE,82,133,4,ampliada
2018-06-01,09007,Iztapalapa,DERRAPADO,19,20,1,ampliada
2018-06-01,09007,Iztapalapa,VOLCADURA,5,5,0,ampliada
2018-06-01,09008,La Magdalena Contreras,ATROPELLADO,4,4,0,ampliada
2018-06-01,09008,La Magdalena Contreras,CAIDA DE CICLISTA,0,0,0,ampliada
2018-06-01,09008,La Magdalena Contreras,CAIDA DE PASAJERO,1,1,0,ampliada
2018-06-01,09008,La Magdalena Contreras,CHOQUE,1,2,0,ampliada
2018-06-01,09008,La Magdalena Contreras,DERRAPADO,3,3,0,ampliada
2018-06-01,09008,La Magdalena Contreras,VOLCADURA,0,0,0,ampliada
2018-06-01,09009,Milpa Alta,ATROPELLADO,1,1,0,ampliada
2018-06-01,09009,Milpa Alta,CAIDA DE CICLISTA,0,0,0,ampliada
2018-06-01,09009,Milpa Alta,CAIDA DE PASAJERO,0,0,0,ampliada
2018-06-01,09009,Milpa Alta,CHOQUE,2,2,0,ampliada
2018-06-01,09009,Milpa Alta,DERRAPADO,0,0,0,ampliada
2018-06-01,09009,Milpa Alta,VOLCADURA,0,0,0,ampliada
2018-06-01,09010,Álvaro Obregón,ATROPELLADO,27,28,2,ampliada
2018-06-01,09010,Álvaro Obregón,CAIDA DE CICLISTA,0,0,0,ampliada
2018-06-01,09010,Álvaro Obregón,CAIDA DE PASAJERO,4,4,0,ampliada
2018-06-01,09010,Álvaro Obregón,CHOQUE,48,53,3,ampliada
2018-06-01,09010,Álvaro Obregón,DERRAPADO,7,8,0,ampliada
2018-06-01,09010,Álvaro Obregón,VOLCADURA,2,2,0,ampliada
2018-06-01,09011,Tláhuac,ATROPELLADO,4,4,0,ampliada
2018-06-01,09011,Tláhuac,CAIDA DE CICLISTA,0,0,0,ampliada
2018-06-01,09011,Tláhuac,CAIDA DE PASAJERO,0,0,0,ampliada
2018-06-01,09011,Tláhuac,CHOQUE,14,29,2,ampliada
2018-06-01,09011,Tláhuac,DERRAPADO,1,1,0,ampliada
2018-06-01,09011,Tláhuac,VOLCADURA,0,0,0,ampliada
2018-06-01,09012,Tlalpan,ATROPELLADO,15,13,2,ampliada
2018-06-01,09012,Tlalpan,CAIDA DE CICLISTA,0,0,0,ampliada
2018-06-01,09012,Tlalpan,CAIDA DE PASAJERO,4,4,0,ampliada
2018-06-01,09012,Tlalpan,CHOQUE,42,57,2,ampliada
2018-06-01,09012,Tlalpan,DERRAPADO,7,7,0,ampliada
2018-06-01,09012,Tlalpan,VOLCADURA,2,2,0,ampliada
2018-06-01,09013,Xochimilco,ATROPELLADO,7,7,0,ampliada
2018-06-01,09013,Xochimilco,CAIDA DE CICLISTA,0,0,0,ampliada
2018-06-01,09013,Xochimilco,CAIDA DE PASAJERO,0,0,0,ampliada
2018-06-01,09013,Xochimilco,CHOQUE,11,16,0,ampliada
2018-06-01,09013,Xochimilco,DERRAPADO,5,6,0,ampliada
2018-06-01,09013,Xochimilco,VOLCADURA,1,1,0,ampliada
2018-06-01,09014,Benito Juárez,ATROPELLADO,17,17,1,ampliada
2018-06-01,09014,Benito Juárez,CAIDA DE CICLISTA,1,1,0,ampliada
2018-06-01,09014,Benito Juárez,CAIDA DE PASAJERO,2,2,0,ampliada
2018-06-01,09014,Benito Juárez,CHOQUE,64,77,0,ampliada
2018-06-01,09014,Benito Juárez,DERRAPADO,11,12,0,ampliada
2018-06-01,09014,Benito Juárez,VOLCADURA,0,0,0,ampliada
2018-06-01,09015,Cuauhtémoc,ATROPELLADO,77,79,2,ampliada
2018-06-01,09015,Cuauhtémoc,CAIDA DE CICLISTA,5,5,0,ampliada
2018-06-01,09015,Cuauhtémoc,CAIDA DE PASAJERO,20,21,0,ampliada
2018-06-01,09015,Cuauhtémoc,CHOQUE,120,150,2,ampliada
2018-06-01,09015,Cuauhtémoc,DERRAPADO,22,23,0,ampliada
2018-06-01,09015,Cuauhtémoc,VOLCADURA,1,1,0,ampliada
2018-06-01,09016,Miguel Hidalgo,ATROPELLADO,19,17,2,ampliada
2018-06-01,09016,Miguel Hidalgo,CAIDA DE CICLISTA,1,1,0,ampliada
2018-06-01,09016,Miguel Hidalgo,CAIDA DE PASAJERO,3,3,0,ampliada
2018-06-01,09016,Miguel Hidalgo,CHOQUE,74,83,1,ampliada
2018-06-01,09016,Miguel Hidalgo,DERRAPADO,19,19,0,ampliada
2018-06-01,09016,Miguel Hidalgo,VOLCADURA,2,2,0,ampliada
2018-06-01,09017,Venustiano Carranza,ATROPELLADO,25,27,0,ampliada
2018-06-01,09017,Venustiano Carranza,CAIDA DE CICLISTA,2,2,0,ampliada
2018-06-01,09017,Venustiano Carranza,CAIDA DE PASAJERO,4,5,0,ampliada
2018-06-01,09017,Venustiano Carranza,CHOQUE,51,68,0,ampliada
2018-06-01,09017,Venustiano Carranza,DERRAPADO,12,12,0,ampliada
2018-06-01,09017,Venustiano Carranza,VOLCADURA,1,1,0,ampliada
2018-07-01,09002,Azcapotzalco,ATROPELLADO,13,13,0,ampliada
2018-07-01,09002,Azcapotzalco,CAIDA DE CICLISTA,0,0,0,ampliada
2018-07-01,09002,Azcapotzalco,CAIDA DE PASAJERO,1,1,0,ampliada
2018-07-01,09002,Azcapotzalco,CHOQUE,51,67,0,ampliada
2018-07-01,09002,Azcapotzalco,DERRAPADO,15,18,0,ampliada
2018-07-01,09002,Azcapotzalco,VOLCADURA,1,1,0,ampliada
2018-07-01,09003,Coyoacán,ATROPELLADO,30,33,0,ampliada
2018-07-01,09003,Coyoacán,CAIDA DE CICLISTA,0,0,0,ampliada
2018-07-01,09003,Coyoacán,CAIDA DE PASAJERO,3,5,0,ampliada
2018-07-01,09003,Coyoacán,CHOQUE,81,112,2,ampliada
2018-07-01,09003,Coyoacán,DERRAPADO,11,11,0,ampliada
2018-07-01,09003,Coyoacán,VOLCADURA,1,1,0,ampliada
2018-07-01,09004,Cuajimalpa de Morelos,ATROPELLADO,4,3,1,ampliada
2018-07-01,09004,Cuajimalpa de Morelos,CAIDA DE CICLISTA,1,1,0,ampliada
2018-07-01,09004,Cuajimalpa de Morelos,CAIDA DE PASAJERO,1,1,0,ampliada
2018-07-01,09004,Cuajimalpa de Morelos,CHOQUE,9,11,0,ampliada
2018-07-01,09004,Cuajimalpa de Morelos,DERRAPADO,3,4,0,ampliada
2018-07-01,09004,Cuajimalpa de Morelos,VOLCADURA,0,0,0,ampliada
2018-07-01,09005,Gustavo A. Madero,ATROPELLADO,50,53,1,ampliada
2018-07-01,09005,Gustavo A. Madero,CAIDA DE CICLISTA,0,0,0,ampliada
2018-07-01,09005,Gustavo A. Madero,CAIDA DE PASAJERO,5,17,0,ampliada
2018-07-01,09005,Gustavo A. Madero,CHOQUE,119,151,3,ampliada
2018-07-01,09005,Gustavo A. Madero,DERRAPADO,27,30,0,ampliada
2018-07-01,09005,Gustavo A. Madero,VOLCADURA,3,4,0,ampliada
2018-07-01,09006,Iztacalco,ATROPELLADO,24,25,1,ampliada
2018-07-01,09006,Iztacalco,CAIDA DE CICLISTA,2,2,0,ampliada
2018-07-01,09006,Iztacalco,CAIDA DE PASAJERO,1,1,0,ampliada
2018-07-01,09006,Iztacalco,CHOQUE,58,65,0,ampliada
2018-07-01,09006,Iztacalco,DERRAPADO,13,18,0,ampliada
2018-07-01,09006,Iztacalco,VOLCADURA,1,1,0,ampliada
2018-07-01,09007,Iztapalapa,ATROPELLADO,64,69,2,ampliada
2018-07-01,09007,Iztapalapa,CAIDA DE CICLISTA,1,1,0,ampliada
2018-07-01,09007,Iztapalapa,CAIDA DE PASAJERO,5,6,0,ampliada
2018-07-01,09007,Iztapalapa,CHOQUE,97,130,5,ampliada
2018-07-01,09007,Iztapalapa,DERRAPADO,32,38,0,ampliada
2018-07-01,09007,Iztapalapa,VOLCADURA,7,7,0,ampliada
2018-07-01,09008,La Magdalena Contreras,ATROPELLADO,3,3,0,ampliada
2018-07-01,09008,La Magdalena Contreras,CAIDA DE CICLISTA,0,0,0,ampliada
2018-07-01,09008,La Magdalena Contreras,CAIDA DE PASAJERO,1,2,0,ampliada
2018-07-01,09008,La Magdalena Contreras,CHOQUE,11,13,0,ampliada
2018-07-01,09008,La Magdalena Contreras,DERRAPADO,4,5,0,ampliada
2018-07-01,09008,La Magdalena Contreras,VOLCADURA,1,1,0,ampliada
2018-07-01,09009,Milpa Alta,ATROPELLADO,4,4,0,ampliada
2018-07-01,09009,Milpa Alta,CAIDA DE CICLISTA,0,0,0,ampliada
2018-07-01,09009,Milpa Alta,CAIDA DE PASAJERO,1,1,0,ampliada
2018-07-01,09009,Milpa Alta,CHOQUE,1,1,0,ampliada
2018-07-01,09009,Milpa Alta,DERRAPADO,1,1,0,ampliada
2018-07-01,09009,Milpa Alta,VOLCADURA,0,0,0,ampliada
2018-07-01,09010,Álvaro Obregón,ATROPELLADO,28,31,0,ampliada
2018-07-01,09010,Álvaro Obregón,CAIDA DE CICLISTA,0,0,0,ampliada
2018-07-01,09010,Álvaro Obregón,CAIDA DE PASAJERO,2,2,0,ampliada
2018-07-01,09010,Álvaro Obregón,CHOQUE,60,84,1,ampliada
2018-07-01,09010,Álvaro Obregón,DERRAPADO,12,12,0,ampliada
2018-07-01,09010,Álvaro Obregón,VOLCADURA,6,6,0,ampliada
2018-07-01,09011,Tláhuac,ATROPELLADO,13,15,1,ampliada
2018-07-01,09011,Tláhuac,CAIDA DE CICLISTA,0,0,0,ampliada
2018-07-01,09011,Tláhuac,CAIDA DE PASAJERO,0,0,0,ampliada
2018-07-01,09011,Tláhuac,CHOQUE,24,27,0,ampliada
2018-07-01,09011,Tláhuac,DERRAPADO,12,12,0,ampliada
2018-07-01,09011,Tláhuac,VOLCADURA,0,0,0,ampliada
2018-07-01,09012,Tlalpan,ATROPELLADO,11,15,1,ampliada
2018-07-01,09012,Tlalpan,CAIDA DE CICLISTA,0,0,0,ampliada
2018-07-01,09012,Tlalpan,CAIDA DE PASAJERO,2,7,0,ampliada
2018-07-01,09012,Tlalpan,CHOQUE,45,65,0,ampliada
2018-07-01,09012,Tlalpan,DERRAPADO,10,10,1,ampliada
2018-07-01,09012,Tlalpan,VOLCADURA,1,0,1,ampliada
2018-07-01,09013,Xochimilco,ATROPELLADO,28,40,2,ampliada
2018-07-01,09013,Xochimilco,CAIDA DE CICLISTA,1,1,0,ampliada
2018-07-01,09013,Xochimilco,CAIDA DE PASAJERO,2,2,0,ampliada
2018-07-01,09013,Xochimilco,CHOQUE,19,26,0,ampliada
2018-07-01,09013,Xochimilco,DERRAPADO,9,11,0,ampliada
2018-07-01,09013,Xochimilco,VOLCADURA,3,7,0,ampliada
2018-07-01,09014,Benito Juárez,ATROPELLADO,27,31,0,ampliada
2018-07-01,09014,Benito Juárez,CAIDA DE CICLISTA,0,0,0,ampliada
2018-07-01,09014,Benito Juárez,CAIDA DE PASAJERO,1,1,0,ampliada
2018-07-01,09014,Benito Juárez,CHOQUE,117,153,0,ampliada
2018-07-01,09014,Benito Juárez,DERRAPADO,24,26,0,ampliada
2018-07-01,09014,Benito Juárez,VOLCADURA,2,2,0,ampliada
2018-07-01,09015,Cuauhtémoc,ATROPELLADO,98,101,1,ampliada
2018-07-01,09015,Cuauhtémoc,CAIDA DE CICLISTA,6,6,0,ampliada
2018-07-01,09015,Cuauhtémoc,CAIDA DE PASAJERO,3,3,0,ampliada
2018-07-01,09015,Cuauhtémoc,CHOQUE,167,215,0,ampliada
2018-07-01,09015,Cuauhtémoc,DERRAPADO,39,43,0,ampliada
2018-07-01,09015,Cuauhtémoc,VOLCADURA,0,0,0,ampliada
2018-07-01,09016,Miguel Hidalgo,ATROPELLADO,30,30,0,ampliada
2018-07-01,09016,Miguel Hidalgo,CAIDA DE CICLISTA,1,1,0,ampliada
2018-07-01,09016,Miguel Hidalgo,CAIDA DE PASAJERO,1,1,0,ampliada
2018-07-01,09016,Miguel Hidalgo,CHOQUE,99,127,0,ampliada
2018-07-01,09016,Miguel Hidalgo,DERRAPADO,18,18,0,ampliada
2018-07-01,09016,Miguel Hidalgo,VOLCADURA,5,7,0,ampliada
2018-07-01,09017,Venustiano Carranza,ATROPELLADO,25,26,1,ampliada
2018-07-01,09017,Venustiano Carranza,CAIDA DE CICLISTA,0,0,0,ampliada
2018-07-01,09017,Venustiano Carranza,CAIDA DE PASAJERO,2,2,0,ampliada
2018-07-01,09017,Venustiano Carranza,CHOQUE,83,102,3,ampliada
2018-07-01,09017,Venustiano Carranza,DERRAPADO,26,30,0,ampliada
2018-07-01,09017,Venustiano Carranza,VOLCADURA,0,0,0,ampliada
2018-08-01,09002,Azcapotzalco,ATROPELLADO,24,25,1,ampliada
2018-08-01,09002,Azcapotzalco,CAIDA DE CICLISTA,0,0,0,ampliada
2018-08-01,09002,Azcapotzalco,CAIDA DE PASAJERO,1,1,0,ampliada
2018-08-01,09002,Azcapotzalco,CHOQUE,43,55,0,ampliada
2018-08-01,09002,Azcapotzalco,DERRAPADO,16,17,0,ampliada
2018-08-01,09002,Azcapotzalco,VOLCADURA,3,9,0,ampliada
2018-08-01,09003,Coyoacán,ATROPELLADO,32,33,1,ampliada
2018-08-01,09003,Coyoacán,CAIDA DE CICLISTA,2,2,0,ampliada
2018-08-01,09003,Coyoacán,CAIDA DE PASAJERO,0,0,0,ampliada
2018-08-01,09003,Coyoacán,CHOQUE,70,90,0,ampliada
2018-08-01,09003,Coyoacán,DERRAPADO,21,25,0,ampliada
2018-08-01,09003,Coyoacán,VOLCADURA,2,3,0,ampliada
2018-08-01,09004,Cuajimalpa de Morelos,ATROPELLADO,2,2,0,ampliada
2018-08-01,09004,Cuajimalpa de Morelos,CAIDA DE CICLISTA,0,0,0,ampliada
2018-08-01,09004,Cuajimalpa de Morelos,CAIDA DE PASAJERO,0,0,0,ampliada
2018-08-01,09004,Cuajimalpa de Morelos,CHOQUE,11,15,0,ampliada
2018-08-01,09004,Cuajimalpa de Morelos,DERRAPADO,6,6,0,ampliada
2018-08-01,09004,Cuajimalpa de Morelos,VOLCADURA,1,1,0,ampliada
2018-08-01,09005,Gustavo A. Madero,ATROPELLADO,55,60,1,ampliada
2018-08-01,09005,Gustavo A. Madero,CAIDA DE CICLISTA,3,3,0,ampliada
2018-08-01,09005,Gustavo A. Madero,CAIDA DE PASAJERO,5,5,0,ampliada
2018-08-01,09005,Gustavo A. Madero,CHOQUE,140,171,1,ampliada
2018-08-01,09005,Gustavo A. Madero,DERRAPADO,29,31,0,ampliada
2018-08-01,09005,Gustavo A. Madero,VOLCADURA,4,5,0,ampliada
2018-08-01,09006,Iztacalco,ATROPELLADO,24,23,1,ampliada
2018-08-01,09006,Iztacalco,CAIDA DE CICLISTA,2,2,0,ampliada
2018-08-01,09006,Iztacalco,CAIDA DE PASAJERO,1,1,0,ampliada
2018-08-01,09006,Iztacalco,CHOQUE,55,65,0,ampliada
2018-08-01,09006,Iztacalco,DERRAPADO,15,16,0,ampliada
2018-08-01,09006,Iztacalco,VOLCADURA,1,2,0,ampliada
2018-08-01,09007,Iztapalapa,ATROPELLADO,63,59,4,ampliada
2018-08-01,09007,Iztapalapa,CAIDA DE CICLISTA,2,2,0,ampliada
2018-08-01,09007,Iztapalapa,CAIDA DE PASAJERO,2,2,0,ampliada
2018-08-01,09007,Iztapalapa,CHOQUE,118,163,1,ampliada
2018-08-01,09007,Iztapalapa,DERRAPADO,33,33,0,ampliada
2018-08-01,09007,Iztapalapa,VOLCADURA,1,2,0,ampliada
2018-08-01,09008,La Magdalena Contreras,ATROPELLADO,7,6,1,ampliada
2018-08-01,09008,La Magdalena Contreras,CAIDA DE CICLISTA,1,1,0,ampliada
2018-08-01,09008,La Magdalena Contreras,CAIDA DE PASAJERO,3,3,0,ampliada
2018-08-01,09008,La Magdalena Contreras,CHOQUE,17,19,1,ampliada
2018-08-01,09008,La Magdalena Contreras,DERRAPADO,3,3,0,ampliada
2018-08-01,09008,La Magdalena Contreras,VOLCADURA,0,0,0,ampliada
2018-08-01,09009,Milpa Alta,ATROPELLADO,3,3,0,ampliada
2018-08-01,09009,Milpa Alta,CAIDA DE CICLISTA,1,1,0,ampliada
2018-08-01,09009,Milpa Alta,CAIDA DE PASAJERO,0,0,0,ampliada
2018-08-01,09009,Milpa Alta,CHOQUE,6,6,1,ampliada
2018-08-01,09009,Milpa Alta,DERRAPADO,3,4,0,ampliada
2018-08-01,09009,Milpa Alta,VOLCADURA,1,2,0,ampliada
2018-08-01,09010,Álvaro Obregón,ATROPELLADO,29,29,2,ampliada
2018-08-01,09010,Álvaro Obregón,CAIDA DE CICLISTA,1,1,0,ampliada
2018-08-01,09010,Álvaro Obregón,CAIDA DE PASAJERO,2,2,0,ampliada
2018-08-01,09010,Álvaro Obregón,CHOQUE,56,68,0,ampliada
2018-08-01,09010,Álvaro Obregón,DERRAPADO,19,22,0,ampliada
2018-08-01,09010,Álvaro Obregón,VOLCADURA,4,5,0,ampliada
2018-08-01,09011,Tláhuac,ATROPELLADO,13,14,0,ampliada
2018-08-01,09011,Tláhuac,CAIDA DE CICLISTA,1,1,0,ampliada
2018-08-01,09011,Tláhuac,CAIDA DE PASAJERO,2,5,0,ampliada
2018-08-01,09011,Tláhuac,CHOQUE,33,37,0,ampliada
2018-08-01,09011,Tláhuac,DERRAPADO,14,18,0,ampliada
2018-08-01,09011,Tláhuac,VOLCADURA,1,1,0,ampliada
2018-08-01,09012,Tlalpan,ATROPELLADO,10,9,1,ampliada
2018-08-01,09012,Tlalpan,CAIDA DE CICLISTA,1,1,0,ampliada
2018-08-01,09012,Tlalpan,CAIDA DE PASAJERO,3,3,0,ampliada
2018-08-01,09012,Tlalpan,CHOQUE,61,79,0,ampliada
2018-08-01,09012,Tlalpan,DERRAPADO,14,16,0,ampliada
2018-08-01,09012,Tlalpan,VOLCADURA,6,7,0,ampliada
2018-08-01,09013,Xochimilco,ATROPELLADO,15,16,0,ampliada
2018-08-01,09013,Xochimilco,CAIDA DE CICLISTA,0,0,0,ampliada
2018-08-01,09013,Xochimilco,CAIDA DE PASAJERO,0,0,0,ampliada
2018-08-01,09013,Xochimilco,CHOQUE,24,29,0,ampliada
2018-08-01,09013,Xochimilco,DERRAPADO,11,12,0,ampliada
2018-08-01,09013,Xochimilco,VOLCADURA,0,0,0,ampliada
2018-08-01,09014,Benito Juárez,ATROPELLADO,35,36,0,ampliada
2018-08-01,09014,Benito Juárez,CAIDA DE CICLISTA,0,0,0,ampliada
2018-08-01,09014,Benito Juárez,CAIDA DE PASAJERO,2,2,0,ampliada
2018-08-01,09014,Benito Juárez,CHOQUE,87,102,2,ampliada
2018-08-01,09014,Benito Juárez,DERRAPADO,20,20,0,ampliada
2018-08-01,09014,Benito Juárez,VOLCADURA,2,3,0,ampliada
2018-08-01,09015,Cuauhtémoc,ATROPELLADO,95,98,1,ampliada
2018-08-01,09015,Cuauhtémoc,CAIDA DE CICLISTA,3,4,0,ampliada
2018-08-01,09015,Cuauhtémoc,CAIDA DE PASAJERO,2,2,0,ampliada
2018-08-01,09015,Cuauhtémoc,CHOQUE,141,173,0,ampliada
2018-08-01,09015,Cuauhtémoc,DERRAPADO,35,42,0,ampliada
2018-08-01,09015,Cuauhtémoc,VOLCADURA,0,0,0,ampliada
2018-08-01,09016,Miguel Hidalgo,ATROPELLADO,28,27,2,ampliada
2018-08-01,09016,Miguel Hidalgo,CAIDA DE CICLISTA,1,1,0,ampliada
2018-08-01,09016,Miguel Hidalgo,CAIDA DE PASAJERO,3,3,0,ampliada
2018-08-01,09016,Miguel Hidalgo,CHOQUE,67,84,1,ampliada
2018-08-01,09016,Miguel Hidalgo,DERRAPADO,21,21,0,ampliada
2018-08-01,09016,Miguel Hidalgo,VOLCADURA,4,4,0,ampliada
2018-08-01,09017,Venustiano Carranza,ATROPELLADO,39,39,1,ampliada
2018-08-01,09017,Venustiano Carranza,CAIDA DE CICLISTA,1,1,0,ampliada
2018-08-01,09017,Venustiano Carranza,CAIDA DE PASAJERO,0,0,0,ampliada
2018-08-01,09017,Venustiano Carranza,CHOQUE,83,104,2,ampliada
2018-08-01,09017,Venustiano Carranza,DERRAPADO,27,29,0,ampliada
2018-08-01,09017,Venustiano Carranza,VOLCADURA,0,0,0,ampliada
2018-09-01,09002,Azcapotzalco,ATROPELLADO,24,24,0,ampliada
2018-09-01,09002,Azcapotzalco,CAIDA DE CICLISTA,1,1,0,ampliada
2018-09-01,09002,Azcapotzalco,CAIDA DE PASAJERO,4,4,0,ampliada
2018-09-01,09002,Azcapotzalco,CHOQUE,43,54,0,ampliada
2018-09-01,09002,Azcapotzalco,DERRAPADO,16,16,0,ampliada
2018-09-01,09002,Azcapotzalco,VOLCADURA,2,2,0,ampliada
2018-09-01,09003,Coyoacán,ATROPELLADO,28,29,0,ampliada
2018-09-01,09003,Coyoacán,CAIDA DE CICLISTA,1,1,0,ampliada
2018-09-01,09003,Coyoacán,CAIDA DE PASAJERO,0,0,0,ampliada
2018-09-01,09003,Coyoacán,CHOQUE,71,85,0,ampliada
2018-09-01,09003,Coyoacán,DERRAPADO,11,12,0,ampliada
2018-09-01,09003,Coyoacán,VOLCADURA,5,6,0,ampliada
2018-09-01,09004,Cuajimalpa de Morelos,ATROPELLADO,10,10,1,ampliada
2018-09-01,09004,Cuajimalpa de Morelos,CAIDA DE CICLISTA,0,0,0,ampliada
2018-09-01,09004,Cuajimalpa de Morelos,CAIDA DE PASAJERO,2,3,0,ampliada
2018-09-01,09004,Cuajimalpa de Morelos,CHOQUE,11,22,0,ampliada
2018-09-01,09004,Cuajimalpa de Morelos,DERRAPADO,6,6,0,ampliada
2018-09-01,09004,Cuajimalpa de Morelos,VOLCADURA,3,4,0,ampliada
2018-09-01,09005,Gustavo A. Madero,ATROPELLADO,48,46,3,ampliada
2018-09-01,09005,Gustavo A. Madero,CAIDA DE CICLISTA,0,0,0,ampliada
2018-09-01,09005,Gustavo A. Madero,CAIDA DE PASAJERO,4,7,0,ampliada
2018-09-01,09005,Gustavo A. Madero,CHOQUE,110,162,1,ampliada
2018-09-01,09005,Gustavo A. Madero,DERRAPADO,26,26,1,ampliada
2018-09-01,09005,Gustavo A. Madero,VOLCADURA,2,3,0,ampliada
2018-09-01,09006,Iztacalco,ATROPELLADO,21,21,0,ampliada
2018-09-01,09006,Iztacalco,CAIDA DE CICLISTA,0,0,0,ampliada
2018-09-01,09006,Iztacalco,CAIDA DE PASAJERO,0,0,0,ampliada
2018-09-01,09006,Iztacalco,CHOQUE,39,53,0,ampliada
2018-09-01,09006,Iztacalco,DERRAPADO,13,15,0,ampliada
2018-09-01,09006,Iztacalco,VOLCADURA,1,1,0,ampliada
2018-09-01,09007,Iztapalapa,ATROPELLADO,55,57,0,ampliada
2018-09-01,09007,Iztapalapa,CAIDA DE CICLISTA,1,1,0,ampliada
2018-09-01,09007,Iztapalapa,CAIDA DE PASAJERO,6,7,0,ampliada
2018-09-01,09007,Iztapalapa,CHOQUE,120,168,3,ampliada
2018-09-01,09007,Iztapalapa,DERRAPADO,26,27,0,ampliada
2018-09-01,09007,Iztapalapa,VOLCADURA,8,9,1,ampliada
2018-09-01,09008,La Magdalena Contreras,ATROPELLADO,11,12,0,ampliada
2018-09-01,09008,La Magdalena Contreras,CAIDA DE CICLISTA,0,0,0,ampliada
2018-09-01,09008,La Magdalena Contreras,CAIDA DE PASAJERO,0,0,0,ampliada
2018-09-01,09008,La Magdalena Contreras,CHOQUE,14,16,0,ampliada
2018-09-01,09008,La Magdalena Contreras,DERRAPADO,5,6,0,ampliada
2018-09-01,09008,La Magdalena Contreras,VOLCADURA,1,1,0,ampliada
2018-09-01,09009,Milpa Alta,ATROPELLADO,0,0,0,ampliada
2018-09-01,09009,Milpa Alta,CAIDA DE CICLISTA,0,0,0,ampliada
2018-09-01,09009,Milpa Alta,CAIDA DE PASAJERO,0,0,0,ampliada
2018-09-01,09009,Milpa Alta,CHOQUE,2,2,0,ampliada
2018-09-01,09009,Milpa Alta,DERRAPADO,3,5,0,ampliada
2018-09-01,09009,Milpa Alta,VOLCADURA,0,0,0,ampliada
2018-09-01,09010,Álvaro Obregón,ATROPELLADO,22,21,1,ampliada
2018-09-01,09010,Álvaro Obregón,CAIDA DE CICLISTA,1,1,0,ampliada
2018-09-01,09010,Álvaro Obregón,CAIDA DE PASAJERO,2,4,0,ampliada
2018-09-01,09010,Álvaro Obregón,CHOQUE,56,73,0,ampliada
2018-09-01,09010,Álvaro Obregón,DERRAPADO,15,16,1,ampliada
2018-09-01,09010,Álvaro Obregón,VOLCADURA,3,3,0,ampliada
2018-09-01,09011,Tláhuac,ATROPELLADO,7,7,0,ampliada
2018-09-01,09011,Tláhuac,CAIDA DE CICLISTA,0,0,0,ampliada
2018-09-01,09011,Tláhuac,CAIDA DE PASAJERO,0,0,0,ampliada
2018-09-01,09011,Tláhuac,CHOQUE,21,27,0,ampliada
2018-09-01,09011,Tláhuac,DERRAPADO,5,7,0,ampliada
2018-09-01,09011,Tláhuac,VOLCADURA,1,1,0,ampliada
2018-09-01,09012,Tlalpan,ATROPELLADO,15,16,1,ampliada
2018-09-01,09012,Tlalpan,CAIDA DE CICLISTA,0,0,0,ampliada
2018-09-01,09012,Tlalpan,CAIDA DE PASAJERO,1,1,0,ampliada
2018-09-01,09012,Tlalpan,CHOQUE,42,55,0,ampliada
2018-09-01,09012,Tlalpan,DERRAPADO,11,10,2,ampliada
2018-09-01,09012,Tlalpan,VOLCADURA,1,1,0,ampliada
2018-09-01,09013,Xochimilco,ATROPELLADO,15,16,1,ampliada
2018-09-01,09013,Xochimilco,CAIDA DE CICLISTA,0,0,0,ampliada
2018-09-01,09013,Xochimilco,CAIDA DE PASAJERO,2,1,1,ampliada
2018-09-01,09013,Xochimilco,CHOQUE,18,22,1,ampliada
2018-09-01,09013,Xochimilco,DERRAPADO,9,9,1,ampliada
2018-09-01,09013,Xochimilco,VOLCADURA,1,1,0,ampliada
2018-09-01,09014,Benito Juárez,ATROPELLADO,39,39,0,ampliada
2018-09-01,09014,Benito Juárez,CAIDA DE CICLISTA,0,0,0,ampliada
2018-09-01,09014,Benito Juárez,CAIDA DE PASAJERO,2,2,0,ampliada
2018-09-01,09014,Benito Juárez,CHOQUE,84,99,0,ampliada
2018-09-01,09014,Benito Juárez,DERRAPADO,25,25,0,ampliada
2018-09-01,09014,Benito Juárez,VOLCADURA,3,3,0,ampliada
2018-09-01,09015,Cuauhtémoc,ATROPELLADO,103,107,2,ampliada
2018-09-01,09015,Cuauhtémoc,CAIDA DE CICLISTA,1,1,0,ampliada
2018-09-01,09015,Cuauhtémoc,CAIDA DE PASAJERO,1,5,0,ampliada
2018-09-01,09015,Cuauhtémoc,CHOQUE,147,206,0,ampliada
2018-09-01,09015,Cuauhtémoc,DERRAPADO,28,33,0,ampliada
2018-09-01,09015,Cuauhtémoc,VOLCADURA,2,2,0,ampliada
2018-09-01,09016,Miguel Hidalgo,ATROPELLADO,34,35,1,ampliada
2018-09-01,09016,Miguel Hidalgo,CAIDA DE CICLISTA,1,1,0,ampliada
2018-09-01,09016,Miguel Hidalgo,CAIDA DE PASAJERO,1,1,0,ampliada
2018-09-01,09016,Miguel Hidalgo,CHOQUE,69,78,0,ampliada
2018-09-01,09016,Miguel Hidalgo,DERRAPADO,24,24,0,ampliada
2018-09-01,09016,Miguel Hidalgo,VOLCADURA,0,0,0,ampliada
2018-09-01,09017,Venustiano Carranza,ATROPELLADO,15,16,0,ampliada
2018-09-01,09017,Venustiano Carranza,CAIDA DE CICLISTA,1,1,0,ampliada
2018-09-01,09017,Venustiano Carranza,CAIDA DE PASAJERO,1,1,0,ampliada
2018-09-01,09017,Venustiano Carranza,CHOQUE,68,81,2,ampliada
2018-09-01,09017,Venustiano Carranza,DERRAPADO,24,25,0,ampliada
2018-09-01,09017,Venustiano Carranza,VOLCADURA,4,7,0,ampliada
2018-10-01,09002,Azcapotzalco,ATROPELLADO,15,16,1,ampliada
2018-10-01,09002,Azcapotzalco,CAIDA DE CICLISTA,0,0,0,ampliada
2018-10-01,09002,Azcapotzalco,CAIDA DE PASAJERO,1,1,0,ampliada
2018-10-01,09002,Azcapotzalco,CHOQUE,48,60,0,ampliada
2018-10-01,09002,Azcapotzalco,DERRAPADO,8,10,0,ampliada
2018-10-01,09002,Azcapotzalco,VOLCADURA,2,2,0,ampliada
2018-10-01,09003,Coyoacán,ATROPELLADO,41,39,2,ampliada
2018-10-01,09003,Coyoacán,CAIDA DE CICLISTA,0,0,0,ampliada
2018-10-01,09003,Coyoacán,CAIDA DE PASAJERO,1,1,0,ampliada
2018-10-01,09003,Coyoacán,CHOQUE,71,86,1,ampliada
2018-10-01,09003,Coyoacán,DERRAPADO,11,10,1,ampliada
2018-10-01,09003,Coyoacán,VOLCADURA,3,3,0,ampliada
2018-10-01,09004,Cuajimalpa de Morelos,ATROPELLADO,7,7,0,ampliada
2018-10-01,09004,Cuajimalpa de Morelos,CAIDA DE CICLISTA,0,0,0,ampliada
2018-10-01,09004,Cuajimalpa de Morelos,CAIDA DE PASAJERO,0,0,0,ampliada
2018-10-01,09004,Cuajimalpa de Morelos,CHOQUE,5,12,0,ampliada
2018-10-01,09004,Cuajimalpa de Morelos,DERRAPADO,8,8,0,ampliada
2018-10-01,09004,Cuajimalpa de Morelos,VOLCADURA,0,0,0,ampliada
2018-10-01,09005,Gustavo A. Madero,ATROPELLADO,53,54,2,ampliada
2018-10-01,09005,Gustavo A. Madero,CAIDA DE CICLISTA,3,3,0,ampliada
2018-10-01,09005,Gustavo A. Madero,CAIDA DE PASAJERO,8,8,0,ampliada
2018-10-01,09005,Gustavo A. Madero,CHOQUE,112,142,2,ampliada
2018-10-01,09005,Gustavo A. Madero,DERRAPADO,22,21,1,ampliada
2018-10-01,09005,Gustavo A. Madero,VOLCADURA,5,5,0,ampliada
2018-10-01,09006,Iztacalco,ATROPELLADO,25,27,0,ampliada
2018-10-01,09006,Iztacalco,CAIDA DE CICLISTA,1,1,0,ampliada
2018-10-01,09006,Iztacalco,CAIDA DE PASAJERO,4,4,0,ampliada
2018-10-01,09006,Iztacalco,CHOQUE,38,43,0,ampliada
2018-10-01,09006,Iztacalco,DERRAPADO,12,13,0,ampliada
2018-10-01,09006,Iztacalco,VOLCADURA,4,3,1,ampliada
2018-10-01,09007,Iztapalapa,ATROPELLADO,56,57,3,ampliada
2018-10-01,09007,Iztapalapa,CAIDA DE CICLISTA,1,1,0,ampliada
2018-10-01,09007,Iztapalapa,CAIDA DE PASAJERO,2,2,0,ampliada
2018-10-01,09007,Iztapalapa,CHOQUE,117,134,3,ampliada
2018-10-01,09007,Iztapalapa,DERRAPADO,30,31,1,ampliada
2018-10-01,09007,Iztapalapa,VOLCADURA,2,2,0,ampliada
2018-10-01,09008,La Magdalena Contreras,ATROPELLADO,8,8,0,ampliada
2018-10-01,09008,La Magdalena Contreras,CAIDA DE CICLISTA,0,0,0,ampliada
2018-10-01,09008,La Magdalena Contreras,CAIDA DE PASAJERO,1,1,0,ampliada
2018-10-01,09008,La Magdalena Contreras,CHOQUE,11,12,1,ampliada
2018-10-01,09008,La Magdalena Contreras,DERRAPADO,4,4,0,ampliada
2018-10-01,09008,La Magdalena Contreras,VOLCADURA,0,0,0,ampliada
2018-10-01,09009,Milpa Alta,ATROPELLADO,2,1,1,ampliada
2018-10-01,09009,Milpa Alta,CAIDA DE CICLISTA,0,0,0,ampliada
2018-10-01,09009,Milpa Alta,CAIDA DE PASAJERO,0,0,0,ampliada
2018-10-01,09009,Milpa Alta,CHOQUE,7,7,0,ampliada
2018-10-01,09009,Milpa Alta,DERRAPADO,1,1,0,ampliada
2018-10-01,09009,Milpa Alta,VOLCADURA,1,1,1,ampliada
2018-10-01,09010,Álvaro Obregón,ATROPELLADO,28,28,2,ampliada
2018-10-01,09010,Álvaro Obregón,CAIDA DE CICLISTA,0,0,0,ampliada
2018-10-01,09010,Álvaro Obregón,CAIDA DE PASAJERO,6,6,0,ampliada
2018-10-01,09010,Álvaro Obregón,CHOQUE,78,113,1,ampliada
2018-10-01,09010,Álvaro Obregón,DERRAPADO,19,22,0,ampliada
2018-10-01,09010,Álvaro Obregón,VOLCADURA,2,2,0,ampliada
2018-10-01,09011,Tláhuac,ATROPELLADO,11,9,2,ampliada
2018-10-01,09011,Tláhuac,CAIDA DE CICLISTA,0,0,0,ampliada
2018-10-01,09011,Tláhuac,CAIDA DE PASAJERO,0,0,0,ampliada
2018-10-01,09011,Tláhuac,CHOQUE,23,29,1,ampliada
2018-10-01,09011,Tláhuac,DERRAPADO,2,2,0,ampliada
2018-10-01,09011,Tláhuac,VOLCADURA,1,1,0,ampliada
2018-10-01,09012,Tlalpan,ATROPELLADO,22,23,2,ampliada
2018-10-01,09012,Tlalpan,CAIDA DE CICLISTA,0,0,0,ampliada
2018-10-01,09012,Tlalpan,CAIDA DE PASAJERO,3,2,1,ampliada
2018-10-01,09012,Tlalpan,CHOQUE,47,57,0,ampliada
2018-10-01,09012,Tlalpan,DERRAPADO,14,18,0,ampliada
2018-10-01,09012,Tlalpan,VOLCADURA,2,2,0,ampliada
2018-10-01,09013,Xochimilco,ATROPELLADO,17,19,0,ampliada
2018-10-01,09013,Xochimilco,CAIDA DE CICLISTA,2,2,0,ampliada
2018-10-01,09013,Xochimilco,CAIDA DE PASAJERO,1,1,0,ampliada
2018-10-01,09013,Xochimilco,CHOQUE,22,36,1,ampliada
2018-10-01,09013,Xochimilco,DERRAPADO,10,11,0,ampliada
2018-10-01,09013,Xochimilco,VOLCADURA,1,2,0,ampliada
2018-10-01,09014,Benito Juárez,ATROPELLADO,32,33,0,ampliada
2018-10-01,09014,Benito Juárez,CAIDA DE CICLISTA,1,1,0,ampliada
2018-10-01,09014,Benito Juárez,CAIDA DE PASAJERO,1,2,0,ampliada
2018-10-01,09014,Benito Juárez,CHOQUE,101,127,0,ampliada
2018-10-01,09014,Benito Juárez,DERRAPADO,12,12,1,ampliada
2018-10-01,09014,Benito Juárez,VOLCADURA,1,1,0,ampliada
2018-10-01,09015,Cuauhtémoc,ATROPELLADO,104,114,0,ampliada
2018-10-01,09015,Cuauhtémoc,CAIDA DE CICLISTA,1,1,0,ampliada
2018-10-01,09015,Cuauhtémoc,CAIDA DE PASAJERO,4,5,0,ampliada
2018-10-01,09015,Cuauhtémoc,CHOQUE,142,163,3,ampliada
2018-10-01,09015,Cuauhtémoc,DERRAPADO,43,45,1,ampliada
2018-10-01,09015,Cuauhtémoc,VOLCADURA,5,6,0,ampliada
2018-10-01,09016,Miguel Hidalgo,ATROPELLADO,29,30,2,ampliada
2018-10-01,09016,Miguel Hidalgo,CAIDA DE CICLISTA,1,1,0,ampliada
2018-10-01,09016,Miguel Hidalgo,CAIDA DE PASAJERO,3,3,0,ampliada
2018-10-01,09016,Miguel Hidalgo,CHOQUE,68,80,1,ampliada
2018-10-01,09016,Miguel Hidalgo,DERRAPADO,20,23,0,ampliada
2018-10-01,09016,Miguel Hidalgo,VOLCADURA,4,5,0,ampliada
2018-10-01,09017,Venustiano Carranza,ATROPELLADO,34,33,3,ampliada
2018-10-01,09017,Venustiano Carranza,CAIDA DE CICLISTA,1,1,0,ampliada
2018-10-01,09017,Venustiano Carranza,CAIDA DE PASAJERO,1,1,0,ampliada
2018-10-01,09017,Venustiano Carranza,CHOQUE,67,81,1,ampliada
2018-10-01,09017,Venustiano Carranza,DERRAPADO,22,23,0,ampliada
2018-10-01,09017,Venustiano Carranza,VOLCADURA,1,1,0,ampliada
2018-11-01,09002,Azcapotzalco,ATROPELLADO,22,23,0,ampliada
2018-11-01,09002,Azcapotzalco,CAIDA DE CICLISTA,0,0,0,ampliada
2018-11-01,09002,Azcapotzalco,CAIDA DE PASAJERO,0,0,0,ampliada
2018-11-01,09002,Azcapotzalco,CHOQUE,46,61,0,ampliada
2018-11-01,09002,Azcapotzalco,DERRAPADO,11,12,0,ampliada
2018-11-01,09002,Azcapotzalco,VOLCADURA,0,0,0,ampliada
2018-11-01,09003,Coyoacán,ATROPELLADO,39,38,1,ampliada
2018-11-01,09003,Coyoacán,CAIDA DE CICLISTA,1,1,0,ampliada
2018-11-01,09003,Coyoacán,CAIDA DE PASAJERO,0,0,0,ampliada
2018-11-01,09003,Coyoacán,CHOQUE,96,124,3,ampliada
2018-11-01,09003,Coyoacán,DERRAPADO,16,17,0,ampliada
2018-11-01,09003,Coyoacán,VOLCADURA,1,1,0,ampliada
2018-11-01,09004,Cuajimalpa de Morelos,ATROPELLADO,8,8,0,ampliada
2018-11-01,09004,Cuajimalpa de Morelos,CAIDA DE CICLISTA,0,0,0,ampliada
2018-11-01,09004,Cuajimalpa de Morelos,CAIDA DE PASAJERO,1,1,0,ampliada
2018-11-01,09004,Cuajimalpa de Morelos,CHOQUE,10,13,0,ampliada
2018-11-01,09004,Cuajimalpa de Morelos,DERRAPADO,6,7,0,ampliada
2018-11-01,09004,Cuajimalpa de Morelos,VOLCADURA,2,2,0,ampliada
2018-11-01,09005,Gustavo A. Madero,ATROPELLADO,61,62,2,ampliada
2018-11-01,09005,Gustavo A. Madero,CAIDA DE CICLISTA,0,0,0,ampliada
2018-11-01,09005,Gustavo A. Madero,CAIDA DE PASAJERO,6,7,0,ampliada
2018-11-01,09005,Gustavo A. Madero,CHOQUE,110,145,1,ampliada
2018-11-01,09005,Gustavo A. Madero,DERRAPADO,23,25,0,ampliada
2018-11-01,09005,Gustavo A. Madero,VOLCADURA,4,8,0,ampliada
2018-11-01,09006,Iztacalco,ATROPELLADO,23,22,1,ampliada
2018-11-01,09006,Iztacalco,CAIDA DE CICLISTA,1,1,0,ampliada
2018-11-01,09006,Iztacalco,CAIDA DE PASAJERO,1,1,0,ampliada
2018-11-01,09006,Iztacalco,CHOQUE,53,70,0,ampliada
2018-11-01,09006,Iztacalco,DERRAPADO,11,13,0,ampliada
2018-11-01,09006,Iztacalco,VOLCADURA,1,1,0,ampliada
2018-11-01,09007,Iztapalapa,ATROPELLADO,63,65,4,ampliada
2018-11-01,09007,Iztapalapa,CAIDA DE CICLISTA,0,0,0,ampliada
2018-11-01,09007,Iztapalapa,CAIDA DE PASAJERO,2,2,0,ampliada
2018-11-01,09007,Iztapalapa,CHOQUE,100,120,5,ampliada
2018-11-01,09007,Iztapalapa,DERRAPADO,17,19,0,ampliada
2018-11-01,09007,Iztapalapa,VOLCADURA,4,4,0,ampliada
2018-11-01,09008,La Magdalena Contreras,ATROPELLADO,7,6,1,ampliada
2018-11-01,09008,La Magdalena Contreras,CAIDA DE CICLISTA,0,0,0,ampliada
2018-11-01,09008,La Magdalena Contreras,CAIDA DE PASAJERO,0,0,0,ampliada
2018-11-01,09008,La Magdalena Contreras,CHOQUE,16,20,2,ampliada
2018-11-01,09008,La Magdalena Contreras,DERRAPADO,5,5,0,ampliada
2018-11-01,09008,La Magdalena Contreras,VOLCADURA,4,6,0,ampliada
2018-11-01,09009,Milpa Alta,ATROPELLADO,2,2,0,ampliada
2018-11-01,09009,Milpa Alta,CAIDA DE CICLISTA,0,0,0,ampliada
2018-11-01,09009,Milpa Alta,CAIDA DE PASAJERO,0,0,0,ampliada
2018-11-01,09009,Milpa Alta,CHOQUE,4,5,0,ampliada
2018-11-01,09009,Milpa Alta,DERRAPADO,2,5,0,ampliada
2018-11-01,09009,Milpa Alta,VOLCADURA,0,0,0,ampliada
2018-11-01,09010,Álvaro Obregón,ATROPELLADO,26,27,1,ampliada
2018-11-01,09010,Álvaro Obregón,CAIDA DE CICLISTA,0,0,0,ampliada
2018-11-01,09010,Álvaro Obregón,CAIDA DE PASAJERO,3,5,0,ampliada
2018-11-01,09010,Álvaro Obregón,CHOQUE,60,95,11,ampliada
2018-11-01,09010,Álvaro Obregón,DERRAPADO,15,17,0,ampliada
2018-11-01,09010,Álvaro Obregón,VOLCADURA,0,0,0,ampliada
2018-11-01,09011,Tláhuac,ATROPELLADO,11,11,0,ampliada
2018-11-01,09011,Tláhuac,CAIDA DE CICLISTA,0,0,0,ampliada
2018-11-01,09011,Tláhuac,CAIDA DE PASAJERO,0,0,0,ampliada
2018-11-01,09011,Tláhuac,CHOQUE,30,31,5,ampliada
2018-11-01,09011,Tláhuac,DERRAPADO,8,8,0,ampliada
2018-11-01,09011,Tláhuac,VOLCADURA,1,1,0,ampliada
2018-11-01,09012,Tlalpan,ATROPELLADO,11,11,0,ampliada
2018-11-01,09012,Tlalpan,CAIDA DE CICLISTA,0,0,0,ampliada
2018-11-01,09012,Tlalpan,CAIDA DE PASAJERO,0,0,0,ampliada
2018-11-01,09012,Tlalpan,CHOQUE,48,69,0,ampliada
2018-11-01,09012,Tlalpan,DERRAPADO,12,13,0,ampliada
2018-11-01,09012,Tlalpan,VOLCADURA,1,1,0,ampliada
2018-11-01,09013,Xochimilco,ATROPELLADO,20,22,0,ampliada
2018-11-01,09013,Xochimilco,CAIDA DE CICLISTA,1,1,0,ampliada
2018-11-01,09013,Xochimilco,CAIDA DE PASAJERO,0,0,0,ampliada
2018-11-01,09013,Xochimilco,CHOQUE,22,26,1,ampliada
2018-11-01,09013,Xochimilco,DERRAPADO,7,9,0,ampliada
2018-11-01,09013,Xochimilco,VOLCADURA,1,1,0,ampliada
2018-11-01,09014,Benito Juárez,ATROPELLADO,41,43,0,ampliada
2018-11-01,09014,Benito Juárez,CAIDA DE CICLISTA,1,1,0,ampliada
2018-11-01,09014,Benito Juárez,CAIDA DE PASAJERO,1,1,0,ampliada
2018-11-01,09014,Benito Juárez,CHOQUE,102,138,0,ampliada
2018-11-01,09014,Benito Juárez,DERRAPADO,19,20,0,ampliada
2018-11-01,09014,Benito Juárez,VOLCADURA,1,1,0,ampliada
2018-11-01,09015,Cuauhtémoc,ATROPELLADO,90,94,4,ampliada
2018-11-01,09015,Cuauhtémoc,CAIDA DE CICLISTA,2,2,0,ampliada
2018-11-01,09015,Cuauhtémoc,CAIDA DE PASAJERO,6,7,0,ampliada
2018-11-01,09015,Cuauhtémoc,CHOQUE,145,169,1,ampliada
2018-11-01,09015,Cuauhtémoc,DERRAPADO,45,49,0,ampliada
2018-11-01,09015,Cuauhtémoc,VOLCADURA,4,6,0,ampliada
2018-11-01,09016,Miguel Hidalgo,ATROPELLADO,34,32,2,ampliada
2018-11-01,09016,Miguel Hidalgo,CAIDA DE CICLISTA,1,1,0,ampliada
2018-11-01,09016,Miguel Hidalgo,CAIDA DE PASAJERO,0,0,0,ampliada
2018-11-01,09016,Miguel Hidalgo,CHOQUE,52,63,0,ampliada
2018-11-01,09016,Miguel Hidalgo,DERRAPADO,25,28,0,ampliada
2018-11-01,09016,Miguel Hidalgo,VOLCADURA,5,5,0,ampliada
2018-11-01,09017,Venustiano Carranza,ATROPELLADO,31,34,2,ampliada
2018-11-01,09017,Venustiano Carranza,CAIDA DE CICLISTA,0,0,0,ampliada
2018-11-01,09017,Venustiano Carranza,CAIDA DE PASAJERO,0,0,0,ampliada
2018-11-01,09017,Venustiano Carranza,CHOQUE,66,82,1,ampliada
2018-11-01,09017,Venustiano Carranza,DERRAPADO,25,29,0,ampliada
2018-11-01,09017,Venustiano Carranza,VOLCADURA,0,0,0,ampliada
2018-12-01,09002,Azcapotzalco,ATROPELLADO,21,20,1,ampliada
2018-12-01,09002,Azcapotzalco,CAIDA DE CICLISTA,0,0,0,ampliada
2018-12-01,09002,Azcapotzalco,CAIDA DE PASAJERO,1,1,0,ampliada
2018-12-01,09002,Azcapotzalco,CHOQUE,51,65,2,ampliada
2018-12-01,09002,Azcapotzalco,DERRAPADO,13,14,0,ampliada
2018-12-01,09002,Azcapotzalco,VOLCADURA,0,0,0,ampliada
2018-12-01,09003,Coyoacán,ATROPELLADO,27,30,1,ampliada
2018-12-01,09003,Coyoacán,CAIDA DE CICLISTA,1,1,0,ampliada
2018-12-01,09003,Coyoacán,CAIDA DE PASAJERO,2,2,0,ampliada
2018-12-01,09003,Coyoacán,CHOQUE,74,98,0,ampliada
2018-12-01,09003,Coyoacán,DERRAPADO,14,16,1,ampliada
2018-12-01,09003,Coyoacán,VOLCADURA,4,4,0,ampliada
2018-12-01,09004,Cuajimalpa de Morelos,ATROPELLADO,7,8,0,ampliada
2018-12-01,09004,Cuajimalpa de Morelos,CAIDA DE CICLISTA,1,1,0,ampliada
2018-12-01,09004,Cuajimalpa de Morelos,CAIDA DE PASAJERO,0,0,0,ampliada
2018-12-01,09004,Cuajimalpa de Morelos,CHOQUE,10,13,0,ampliada
2018-12-01,09004,Cuajimalpa de Morelos,DERRAPADO,5,5,0,ampliada
2018-12-01,09004,Cuajimalpa de Morelos,VOLCADURA,1,1,0,ampliada
2018-12-01,09005,Gustavo A. Madero,ATROPELLADO,43,47,3,ampliada
2018-12-01,09005,Gustavo A. Madero,CAIDA DE CICLISTA,0,0,0,ampliada
2018-12-01,09005,Gustavo A. Madero,CAIDA DE PASAJERO,2,6,0,ampliada
2018-12-01,09005,Gustavo A. Madero,CHOQUE,131,177,1,ampliada
2018-12-01,09005,Gustavo A. Madero,DERRAPADO,32,35,0,ampliada
2018-12-01,09005,Gustavo A. Madero,VOLCADURA,3,3,0,ampliada
2018-12-01,09006,Iztacalco,ATROPELLADO,16,16,0,ampliada
2018-12-01,09006,Iztacalco,CAIDA DE CICLISTA,1,1,0,ampliada
2018-12-01,09006,Iztacalco,CAIDA DE PASAJERO,3,4,0,ampliada
2018-12-01,09006,Iztacalco,CHOQUE,60,83,0,ampliada
2018-12-01,09006,Iztacalco,DERRAPADO,17,19,0,ampliada
2018-12-01,09006,Iztacalco,VOLCADURA,4,4,0,ampliada
2018-12-01,09007,Iztapalapa,ATROPELLADO,62,66,2,ampliada
2018-12-01,09007,Iztapalapa,CAIDA DE CICLISTA,0,0,0,ampliada
2018-12-01,09007,Iztapalapa,CAIDA DE PASAJERO,2,2,0,ampliada
2018-12-01,09007,Iztapalapa,CHOQUE,114,165,1,ampliada
2018-12-01,09007,Iztapalapa,DERRAPADO,28,27,3,ampliada
2018-12-01,09007,Iztapalapa,VOLCADURA,5,8,0,ampliada
2018-12-01,09008,La Magdalena Contreras,ATROPELLADO,7,7,0,ampliada
2018-12-01,09008,La Magdalena Contreras,CAIDA DE CICLISTA,0,0,0,ampliada
2018-12-01,09008,La Magdalena Contreras,CAIDA DE PASAJERO,0,0,0,ampliada
2018-12-01,09008,La Magdalena Contreras,CHOQUE,15,18,0,ampliada
2018-12-01,09008,La Magdalena Contreras,DERRAPADO,5,6,0,ampliada
2018-12-01,09008,La Magdalena Contreras,VOLCADURA,0,0,0,ampliada
2018-12-01,09009,Milpa Alta,ATROPELLADO,3,3,0,ampliada
2018-12-01,09009,Milpa Alta,CAIDA DE CICLISTA,0,0,0,ampliada
2018-12-01,09009,Milpa Alta,CAIDA DE PASAJERO,1,1,0,ampliada
2018-12-01,09009,Milpa Alta,CHOQUE,3,5,0,ampliada
2018-12-01,09009,Milpa Alta,DERRAPADO,3,2,1,ampliada
2018-12-01,09009,Milpa Alta,VOLCADURA,1,1,0,ampliada
2018-12-01,09010,Álvaro Obregón,ATROPELLADO,20,21,0,ampliada
2018-12-01,09010,Álvaro Obregón,CAIDA DE CICLISTA,0,0,0,ampliada
2018-12-01,09010,Álvaro Obregón,CAIDA DE PASAJERO,2,4,0,ampliada
2018-12-01,09010,Álvaro Obregón,CHOQUE,59,72,0,ampliada
2018-12-01,09010,Álvaro Obregón,DERRAPADO,25,27,0,ampliada
2018-12-01,09010,Álvaro Obregón,VOLCADURA,1,1,0,ampliada
2018-12-01,09011,Tláhuac,ATROPELLADO,6,6,0,ampliada
2018-12-01,09011,Tláhuac,CAIDA DE CICLISTA,0,0,0,ampliada
2018-12-01,09011,Tláhuac,CAIDA DE PASAJERO,0,0,0,ampliada
2018-12-01,09011,Tláhuac,CHOQUE,23,32,1,ampliada
2018-12-01,09011,Tláhuac,DERRAPADO,7,8,0,ampliada
2018-12-01,09011,Tláhuac,VOLCADURA,1,1,0,ampliada
2018-12-01,09012,Tlalpan,ATROPELLADO,23,23,0,ampliada
2018-12-01,09012,Tlalpan,CAIDA DE CICLISTA,0,0,0,ampliada
2018-12-01,09012,Tlalpan,CAIDA DE PASAJERO,1,1,0,ampliada
2018-12-01,09012,Tlalpan,CHOQUE,74,105,2,ampliada
2018-12-01,09012,Tlalpan,DERRAPADO,10,10,0,ampliada
2018-12-01,09012,Tlalpan,VOLCADURA,0,0,0,ampliada
2018-12-01,09013,Xochimilco,ATROPELLADO,21,20,1,ampliada
2018-12-01,09013,Xochimilco,CAIDA DE CICLISTA,1,1,0,ampliada
2018-12-01,09013,Xochimilco,CAIDA DE PASAJERO,1,1,0,ampliada
2018-12-01,09013,Xochimilco,CHOQUE,36,38,0,ampliada
2018-12-01,09013,Xochimilco,DERRAPADO,22,22,2,ampliada
2018-12-01,09013,Xochimilco,VOLCADURA,1,1,0,ampliada
2018-12-01,09014,Benito Juárez,ATROPELLADO,36,34,2,ampliada
2018-12-01,09014,Benito Juárez,CAIDA DE CICLISTA,1,1,0,ampliada
2018-12-01,09014,Benito Juárez,CAIDA DE PASAJERO,1,1,0,ampliada
2018-12-01,09014,Benito Juárez,CHOQUE,102,121,3,ampliada
2018-12-01,09014,Benito Juárez,DERRAPADO,20,20,0,ampliada
2018-12-01,09014,Benito Juárez,VOLCADURA,0,0,0,ampliada
2018-12-01,09015,Cuauhtémoc,ATROPELLADO,91,92,2,ampliada
2018-12-01,09015,Cuauhtémoc,CAIDA DE CICLISTA,1,1,0,ampliada
2018-12-01,09015,Cuauhtémoc,CAIDA DE PASAJERO,4,5,0,ampliada
2018-12-01,09015,Cuauhtémoc,CHOQUE,160,199,1,ampliada
2018-12-01,09015,Cuauhtémoc,DERRAPADO,46,50,0,ampliada
2018-12-01,09015,Cuauhtémoc,VOLCADURA,3,3,0,ampliada
2018-12-01,09016,Miguel Hidalgo,ATROPELLADO,21,22,0,ampliada
2018-12-01,09016,Miguel Hidalgo,CAIDA DE CICLISTA,3,3,0,ampliada
2018-12-01,09016,Miguel Hidalgo,CAIDA DE PASAJERO,0,0,0,ampliada
2018-12-01,09016,Miguel Hidalgo,CHOQUE,71,89,0,ampliada
2018-12-01,09016,Miguel Hidalgo,DERRAPADO,27,29,0,ampliada
2018-12-01,09016,Miguel Hidalgo,VOLCADURA,3,3,0,ampliada
2018-12-01,09017,Venustiano Carranza,ATROPELLADO,29,34,3,ampliada
2018-12-01,09017,Venustiano Carranza,CAIDA DE CICLISTA,1,1,0,ampliada
2018-12-01,09017,Venustiano Carranza,CAIDA DE PASAJERO,3,4,0,ampliada
2018-12-01,09017,Venustiano Carranza,CHOQUE,80,98,2,ampliada
2018-12-01,09017,Venustiano Carranza,DERRAPADO,28,30,0,ampliada
2018-12-01,09017,Venustiano Carranza,VOLCADURA,1,3,0,ampliada
2019-01-01,09002,Azcapotzalco,ATROPELLADO,19,19,0,ampliada
2019-01-01,09002,Azcapotzalco,CAIDA DE CICLISTA,0,0,0,ampliada
2019-01-01,09002,Azcapotzalco,CAIDA DE PASAJERO,2,2,1,ampliada
2019-01-01,09002,Azcapotzalco,CHOQUE,42,56,0,ampliada
2019-01-01,09002,Azcapotzalco,DERRAPADO,12,11,1,ampliada
2019-01-01,09002,Azcapotzalco,VOLCADURA,2,2,0,ampliada
2019-01-01,09003,Coyoacán,ATROPELLADO,31,32,0,ampliada
2019-01-01,09003,Coyoacán,CAIDA DE CICLISTA,0,0,0,ampliada
2019-01-01,09003,Coyoacán,CAIDA DE PASAJERO,4,4,0,ampliada
2019-01-01,09003,Coyoacán,CHOQUE,46,59,0,ampliada
2019-01-01,09003,Coyoacán,DERRAPADO,19,21,1,ampliada
2019-01-01,09003,Coyoacán,VOLCADURA,1,1,0,ampliada
2019-01-01,09004,Cuajimalpa de Morelos,ATROPELLADO,8,8,0,ampliada
2019-01-01,09004,Cuajimalpa de Morelos,CAIDA DE CICLISTA,0,0,0,ampliada
2019-01-01,09004,Cuajimalpa de Morelos,CAIDA DE PASAJERO,1,1,0,ampliada
2019-01-01,09004,Cuajimalpa de Morelos,CHOQUE,13,13,1,ampliada
2019-01-01,09004,Cuajimalpa de Morelos,DERRAPADO,5,6,0,ampliada
2019-01-01,09004,Cuajimalpa de Morelos,VOLCADURA,2,2,0,ampliada
2019-01-01,09005,Gustavo A. Madero,ATROPELLADO,35,34,1,ampliada
2019-01-01,09005,Gustavo A. Madero,CAIDA DE CICLISTA,0,0,0,ampliada
2019-01-01,09005,Gustavo A. Madero,CAIDA DE PASAJERO,3,3,0,ampliada
2019-01-01,09005,Gustavo A. Madero,CHOQUE,89,123,2,ampliada
2019-01-01,09005,Gustavo A. Madero,DERRAPADO,35,37,2,ampliada
2019-01-01,09005,Gustavo A. Madero,VOLCADURA,2,2,0,ampliada
2019-01-01,09006,Iztacalco,ATROPELLADO,11,15,0,ampliada
2019-01-01,09006,Iztacalco,CAIDA DE CICLISTA,0,0,0,ampliada
2019-01-01,09006,Iztacalco,CAIDA DE PASAJERO,2,2,0,ampliada
2019-01-01,09006,Iztacalco,CHOQUE,38,54,1,ampliada
2019-01-01,09006,Iztacalco,DERRAPADO,13,13,0,ampliada
2019-01-01,09006,Iztacalco,VOLCADURA,0,0,0,ampliada
2019-01-01,09007,Iztapalapa,ATROPELLADO,50,53,4,ampliada
2019-01-01,09007,Iztapalapa,CAIDA DE CICLISTA,1,1,0,ampliada
2019-01-01,09007,Iztapalapa,CAIDA DE PASAJERO,4,3,1,ampliada
2019-01-01,09007,Iztapalapa,CHOQUE,69,85,1,ampliada
2019-01-01,09007,Iztapalapa,DERRAPADO,29,31,0,ampliada
2019-01-01,09007,Iztapalapa,VOLCADURA,4,4,0,ampliada
2019-01-01,09008,La Magdalena Contreras,ATROPELLADO,8,9,0,ampliada
2019-01-01,09008,La Magdalena Contreras,CAIDA DE CICLISTA,0,0,0,ampliada
2019-01-01,09008,La Magdalena Contreras,CAIDA DE PASAJERO,0,0,0,ampliada
2019-01-01,09008,La Magdalena Contreras,CHOQUE,10,12,0,ampliada
2019-01-01,09008,La Magdalena Contreras,DERRAPADO,4,4,0,ampliada
2019-01-01,09008,La Magdalena Contreras,VOLCADURA,1,2,0,ampliada
2019-01-01,09009,Milpa Alta,ATROPELLADO,1,1,0,ampliada
2019-01-01,09009,Milpa Alta,CAIDA DE CICLISTA,0,0,0,ampliada
2019-01-01,09009,Milpa Alta,CAIDA DE PASAJERO,0,0,0,ampliada
2019-01-01,09009,Milpa Alta,CHOQUE,7,12,1,ampliada
2019-01-01,09009,Milpa Alta,DERRAPADO,4,4,0,ampliada
2019-01-01,09009,Milpa Alta,VOLCADURA,0,0,0,ampliada
2019-01-01,09010,Álvaro Obregón,ATROPELLADO,34,39,1,ampliada
2019-01-01,09010,Álvaro Obregón,CAIDA DE CICLISTA,0,0,0,ampliada
2019-01-01,09010,Álvaro Obregón,CAIDA DE PASAJERO,4,5,0,ampliada
2019-01-01,09010,Álvaro Obregón,CHOQUE,55,71,3,ampliada
2019-01-01,09010,Álvaro Obregón,DERRAPADO,16,18,0,ampliada
2019-01-01,09010,Álvaro Obregón,VOLCADURA,2,3,0,ampliada
2019-01-01,09011,Tláhuac,ATROPELLADO,14,18,1,ampliada
2019-01-01,09011,Tláhuac,CAIDA DE CICLISTA,0,0,0,ampliada
2019-01-01,09011,Tláhuac,CAIDA DE PASAJERO,0,0,0,ampliada
2019-01-01,09011,Tláhuac,CHOQUE,23,26,0,ampliada
2019-01-01,09011,Tláhuac,DERRAPADO,6,6,0,ampliada
2019-01-01,09011,Tláhuac,VOLCADURA,0,0,0,ampliada
2019-01-01,09012,Tlalpan,ATROPELLADO,20,23,0,ampliada
2019-01-01,09012,Tlalpan,CAIDA DE CICLISTA,0,0,0,ampliada
2019-01-01,09012,Tlalpan,CAIDA DE PASAJERO,1,1,0,ampliada
2019-01-01,09012,Tlalpan,CHOQUE,32,35,0,ampliada
2019-01-01,09012,Tlalpan,DERRAPADO,14,15,0,ampliada
2019-01-01,09012,Tlalpan,VOLCADURA,5,10,0,ampliada
2019-01-01,09013,Xochimilco,ATROPELLADO,12,12,0,ampliada
2019-01-01,09013,Xochimilco,CAIDA DE CICLISTA,0,0,0,ampliada
2019-01-01,09013,Xochimilco,CAIDA DE PASAJERO,0,0,0,ampliada
2019-01-01,09013,Xochimilco,CHOQUE,17,23,0,ampliada
2019-01-01,09013,Xochimilco,DERRAPADO,4,4,0,ampliada
2019-01-01,09013,Xochimilco,VOLCADURA,0,0,0,ampliada
2019-01-01,09014,Benito Juárez,ATROPELLADO,35,35,0,ampliada
2019-01-01,09014,Benito Juárez,CAIDA DE CICLISTA,2,2,0,ampliada
2019-01-01,09014,Benito Juárez,CAIDA DE PASAJERO,0,0,0,ampliada
2019-01-01,09014,Benito Juárez,CHOQUE,59,68,0,ampliada
2019-01-01,09014,Benito Juárez,DERRAPADO,10,11,0,ampliada
2019-01-01,09014,Benito Juárez,VOLCADURA,3,4,0,ampliada
2019-01-01,09015,Cuauhtémoc,ATROPELLADO,85,87,0,ampliada
2019-01-01,09015,Cuauhtémoc,CAIDA DE CICLISTA,1,1,0,ampliada
2019-01-01,09015,Cuauhtémoc,CAIDA DE PASAJERO,2,2,0,ampliada
2019-01-01,09015,Cuauhtémoc,CHOQUE,102,126,2,ampliada
2019-01-01,09015,Cuauhtémoc,DERRAPADO,36,42,0,ampliada
2019-01-01,09015,Cuauhtémoc,VOLCADURA,1,2,0,ampliada
2019-01-01,09016,Miguel Hidalgo,ATROPELLADO,28,26,2,ampliada
2019-01-01,09016,Miguel Hidalgo,CAIDA DE CICLISTA,1,1,0,ampliada
2019-01-01,09016,Miguel Hidalgo,CAIDA DE PASAJERO,3,3,0,ampliada
2019-01-01,09016,Miguel Hidalgo,CHOQUE,63,80,1,ampliada
2019-01-01,09016,Miguel Hidalgo,DERRAPADO,20,21,0,ampliada
2019-01-01,09016,Miguel Hidalgo,VOLCADURA,2,2,0,ampliada
2019-01-01,09017,Venustiano Carranza,ATROPELLADO,23,23,1,ampliada
2019-01-01,09017,Venustiano Carranza,CAIDA DE CICLISTA,0,0,0,ampliada
2019-01-01,09017,Venustiano Carranza,CAIDA DE PASAJERO,3,3,0,ampliada
2019-01-01,09017,Venustiano Carranza,CHOQUE,57,71,1,ampliada
2019-01-01,09017,Venustiano Carranza,DERRAPADO,20,21,0,ampliada
2019-01-01,09017,Venustiano Carranza,VOLCADURA,2,2,0,ampliada
2019-02-01,09002,Azcapotzalco,ATROPELLADO,9,9,1,ampliada
2019-02-01,09002,Azcapotzalco,CAIDA DE CICLISTA,0,0,0,ampliada
2019-02-01,09002,Azcapotzalco,CAIDA DE PASAJERO,1,1,0,ampliada
2019-02-01,09002,Azcapotzalco,CHOQUE,33,49,0,ampliada
2019-02-01,09002,Azcapotzalco,DERRAPADO,12,12,0,ampliada
2019-02-01,09002,Azcapotzalco,VOLCADURA,1,1,0,ampliada
2019-02-01,09003,Coyoacán,ATROPELLADO,20,19,2,ampliada
2019-02-01,09003,Coyoacán,CAIDA DE CICLISTA,0,0,0,ampliada
2019-02-01,09003,Coyoacán,CAIDA DE PASAJERO,2,3,0,ampliada
2019-02-01,09003,Coyoacán,CHOQUE,71,90,1,ampliada
2019-02-01,09003,Coyoacán,DERRAPADO,16,16,0,ampliada
2019-02-01,09003,Coyoacán,VOLCADURA,0,0,0,ampliada
2019-02-01,09004,Cuajimalpa de Morelos,ATROPELLADO,9,9,0,ampliada
2019-02-01,09004,Cuajimalpa de Morelos,CAIDA DE CICLISTA,0,0,0,ampliada
2019-02-01,09004,Cuajimalpa de Morelos,CAIDA DE PASAJERO,1,1,0,ampliada
2019-02-01,09004,Cuajimalpa de Morelos,CHOQUE,8,10,0,ampliada
2019-02-01,09004,Cuajimalpa de Morelos,DERRAPADO,9,11,0,ampliada
2019-02-01,09004,Cuajimalpa de Morelos,VOLCADURA,1,1,0,ampliada
2019-02-01,09005,Gustavo A. Madero,ATROPELLADO,55,58,1,ampliada
2019-02-01,09005,Gustavo A. Madero,CAIDA DE CICLISTA,0,0,0,ampliada
2019-02-01,09005,Gustavo A. Madero,CAIDA DE PASAJERO,4,5,0,ampliada
2019-02-01,09005,Gustavo A. Madero,CHOQUE,91,146,1,ampliada
2019-02-01,09005,Gustavo A. Madero,DERRAPADO,33,38,0,ampliada
2019-02-01,09005,Gustavo A. Madero,VOLCADURA,3,4,0,ampliada
2019-02-01,09006,Iztacalco,ATROPELLADO,19,23,0,ampliada
2019-02-01,09006,Iztacalco,CAIDA DE CICLISTA,0,0,0,ampliada
2019-02-01,09006,Iztacalco,CAIDA DE PASAJERO,1,1,0,ampliada
2019-02-01,09006,Iztacalco,CHOQUE,41,50,1,ampliada
2019-02-01,09006,Iztacalco,DERRAPADO,13,13,0,ampliada
2019-02-01,09006,Iztacalco,VOLCADURA,0,0,0,ampliada
2019-02-01,09007,Iztapalapa,ATROPELLADO,50,53,0,ampliada
2019-02-01,09007,Iztapalapa,CAIDA DE CICLISTA,0,0,0,ampliada
2019-02-01,09007,Iztapalapa,CAIDA DE PASAJERO,2,2,0,ampliada
2019-02-01,09007,Iztapalapa,CHOQUE,76,106,2,ampliada
2019-02-01,09007,Iztapalapa,DERRAPADO,34,37,1,ampliada
2019-02-01,09007,Iztapalapa,VOLCADURA,3,3,0,ampliada
2019-02-01,09008,La Magdalena Contreras,ATROPELLADO,9,10,0,ampliada
2019-02-01,09008,La Magdalena Contreras,CAIDA DE CICLISTA,0,0,0,ampliada
2019-02-01,09008,La Magdalena Contreras,CAIDA DE PASAJERO,0,0,0,ampliada
2019-02-01,09008,La Magdalena Contreras,CHOQUE,8,8,0,ampliada
2019-02-01,09008,La Magdalena Contreras,DERRAPADO,3,4,0,ampliada
2019-02-01,09008,La Magdalena Contreras,VOLCADURA,1,1,0,ampliada
2019-02-01,09009,Milpa Alta,ATROPELLADO,1,1,0,ampliada
2019-02-01,09009,Milpa Alta,CAIDA DE CICLISTA,0,0,0,ampliada
2019-02-01,09009,Milpa Alta,CAIDA DE PASAJERO,0,0,0,ampliada
2019-02-01,09009,Milpa Alta,CHOQUE,2,2,0,ampliada
2019-02-01,09009,Milpa Alta,DERRAPADO,0,0,0,ampliada
2019-02-01,09009,Milpa Alta,VOLCADURA,0,0,0,ampliada
2019-02-01,09010,Álvaro Obregón,ATROPELLADO,26,27,0,ampliada
2019-02-01,09010,Álvaro Obregón,CAIDA DE CICLISTA,0,0,0,ampliada
2019-02-01,09010,Álvaro Obregón,CAIDA DE PASAJERO,2,5,0,ampliada
2019-02-01,09010,Álvaro Obregón,CHOQUE,40,47,0,ampliada
2019-02-01,09010,Álvaro Obregón,DERRAPADO,17,16,1,ampliada
2019-02-01,09010,Álvaro Obregón,VOLCADURA,3,7,0,ampliada
2019-02-01,09011,Tláhuac,ATROPELLADO,8,8,0,ampliada
2019-02-01,09011,Tláhuac,CAIDA DE CICLISTA,0,0,0,ampliada
2019-02-01,09011,Tláhuac,CAIDA DE PASAJERO,0,0,0,ampliada
2019-02-01,09011,Tláhuac,CHOQUE,19,25,1,ampliada
2019-02-01,09011,Tláhuac,DERRAPADO,6,7,1,ampliada
2019-02-01,09011,Tláhuac,VOLCADURA,2,2,0,ampliada
2019-02-01,09012,Tlalpan,ATROPELLADO,12,12,1,ampliada
2019-02-01,09012,Tlalpan,CAIDA DE CICLISTA,1,1,0,ampliada
2019-02-01,09012,Tlalpan,CAIDA DE PASAJERO,0,0,0,ampliada
2019-02-01,09012,Tlalpan,CHOQUE,30,39,2,ampliada
2019-02-01,09012,Tlalpan,DERRAPADO,5,5,0,ampliada
2019-02-01,09012,Tlalpan,VOLCADURA,1,1,0,ampliada
2019-02-01,09013,Xochimilco,ATROPELLADO,8,8,0,ampliada
2019-02-01,09013,Xochimilco,CAIDA DE CICLISTA,0,0,0,ampliada
2019-02-01,09013,Xochimilco,CAIDA DE PASAJERO,0,0,0,ampliada
2019-02-01,09013,Xochimilco,CHOQUE,17,20,0,ampliada
2019-02-01,09013,Xochimilco,DERRAPADO,2,3,0,ampliada
2019-02-01,09013,Xochimilco,VOLCADURA,2,3,0,ampliada
2019-02-01,09014,Benito Juárez,ATROPELLADO,35,37,0,ampliada
2019-02-01,09014,Benito Juárez,CAIDA DE CICLISTA,3,4,0,ampliada
2019-02-01,09014,Benito Juárez,CAIDA DE PASAJERO,0,0,0,ampliada
2019-02-01,09014,Benito Juárez,CHOQUE,66,83,2,ampliada
2019-02-01,09014,Benito Juárez,DERRAPADO,12,11,1,ampliada
2019-02-01,09014,Benito Juárez,VOLCADURA,0,0,0,ampliada
2019-02-01,09015,Cuauhtémoc,ATROPELLADO,63,58,6,ampliada
2019-02-01,09015,Cuauhtémoc,CAIDA DE CICLISTA,1,1,0,ampliada
2019-02-01,09015,Cuauhtémoc,CAIDA DE PASAJERO,0,0,0,ampliada
2019-02-01,09015,Cuauhtémoc,CHOQUE,89,109,0,ampliada
2019-02-01,09015,Cuauhtémoc,DERRAPADO,50,56,0,ampliada
2019-02-01,09015,Cuauhtémoc,VOLCADURA,1,1,0,ampliada
2019-02-01,09016,Miguel Hidalgo,ATROPELLADO,30,30,1,ampliada
2019-02-01,09016,Miguel Hidalgo,CAIDA DE CICLISTA,0,0,0,ampliada
2019-02-01,09016,Miguel Hidalgo,CAIDA DE PASAJERO,1,1,0,ampliada
2019-02-01,09016,Miguel Hidalgo,CHOQUE,62,68,0,ampliada
2019-02-01,09016,Miguel Hidalgo,DERRAPADO,30,34,0,ampliada
2019-02-01,09016,Miguel Hidalgo,VOLCADURA,3,4,0,ampliada
2019-02-01,09017,Venustiano Carranza,ATROPELLADO,23,24,3,ampliada
2019-02-01,09017,Venustiano Carranza,CAIDA DE CICLISTA,0,0,0,ampliada
2019-02-01,09017,Venustiano Carranza,CAIDA DE PASAJERO,1,6,0,ampliada
2019-02-01,09017,Venustiano Carranza,CHOQUE,42,63,0,ampliada
2019-02-01,09017,Venustiano Carranza,DERRAPADO,24,25,1,ampliada
2019-02-01,09017,Venustiano Carranza,VOLCADURA,3,3,0,ampliada
2019-03-01,09002,Azcapotzalco,ATROPELLADO,17,18,0,ampliada
2019-03-01,09002,Azcapotzalco,CAIDA DE CICLISTA,0,0,0,ampliada
2019-03-01,09002,Azcapotzalco,CAIDA DE PASAJERO,2,2,0,ampliada
2019-03-01,09002,Azcapotzalco,CHOQUE,36,45,2,ampliada
2019-03-01,09002,Azcapotzalco,DERRAPADO,17,18,0,ampliada
2019-03-01,09002,Azcapotzalco,VOLCADURA,1,1,0,ampliada
2019-03-01,09003,Coyoacán,ATROPELLADO,26,26,0,ampliada
2019-03-01,09003,Coyoacán,CAIDA DE CICLISTA,2,2,0,ampliada
2019-03-01,09003,Coyoacán,CAIDA DE PASAJERO,3,3,0,ampliada
2019-03-01,09003,Coyoacán,CHOQUE,72,85,0,ampliada
2019-03-01,09003,Coyoacán,DERRAPADO,22,23,0,ampliada
2019-03-01,09003,Coyoacán,VOLCADURA,0,0,0,ampliada
2019-03-01,09004,Cuajimalpa de Morelos,ATROPELLADO,3,2,1,ampliada
2019-03-01,09004,Cuajimalpa de Morelos,CAIDA DE CICLISTA,0,0,0,ampliada
2019-03-01,09004,Cuajimalpa de Morelos,CAIDA DE PASAJERO,0,0,0,ampliada
2019-03-01,09004,Cuajimalpa de Morelos,CHOQUE,14,16,0,ampliada
2019-03-01,09004,Cuajimalpa de Morelos,DERRAPADO,5,5,0,ampliada
2019-03-01,09004,Cuajimalpa de Morelos,VOLCADURA,1,2,0,ampliada
2019-03-01,09005,Gustavo A. Madero,ATROPELLADO,42,43,1,ampliada
2019-03-01,09005,Gustavo A. Madero,CAIDA DE CICLISTA,0,0,0,ampliada
2019-03-01,09005,Gustavo A. Madero,CAIDA DE PASAJERO,7,7,1,ampliada
2019-03-01,09005,Gustavo A. Madero,CHOQUE,89,112,0,ampliada
2019-03-01,09005,Gustavo A. Madero,DERRAPADO,30,33,0,ampliada
2019-03-01,09005,Gustavo A. Madero,VOLCADURA,4,15,0,ampliada
2019-03-01,09006,Iztacalco,ATROPELLADO,24,23,4,ampliada
2019-03-01,09006,Iztacalco,CAIDA DE CICLISTA,1,1,0,ampliada
2019-03-01,09006,Iztacalco,CAIDA DE PASAJERO,1,1,0,ampliada
2019-03-01,09006,Iztacalco,CHOQUE,32,42,0,ampliada
2019-03-01,09006,Iztacalco,DERRAPADO,20,23,0,ampliada
2019-03-01,09006,Iztacalco,VOLCADURA,1,1,0,ampliada
2019-03-01,09007,Iztapalapa,ATROPELLADO,51,52,4,ampliada
2019-03-01,09007,Iztapalapa,CAIDA DE CICLISTA,0,0,0,ampliada
2019-03-01,09007,Iztapalapa,CAIDA DE PASAJERO,1,2,0,ampliada
2019-03-01,09007,Iztapalapa,CHOQUE,99,116,5,ampliada
2019-03-01,09007,Iztapalapa,DERRAPADO,40,43,0,ampliada
2019-03-01,09007,Iztapalapa,VOLCADURA,2,2,0,ampliada
2019-03-01,09008,La Magdalena Contreras,ATROPELLADO,7,7,0,ampliada
2019-03-01,09008,La Magdalena Contreras,CAIDA DE CICLISTA,0,0,0,ampliada
2019-03-01,09008,La Magdalena Contreras,CAIDA DE PASAJERO,1,2,0,ampliada
2019-03-01,09008,La Magdalena Contreras,CHOQUE,20,49,0,ampliada
2019-03-01,09008,La Magdalena Contreras,DERRAPADO,4,5,0,ampliada
2019-03-01,09008,La Magdalena Contreras,VOLCADURA,0,0,0,ampliada
2019-03-01,09009,Milpa Alta,ATROPELLADO,5,5,0,ampliada
2019-03-01,09009,Milpa Alta,CAIDA DE CICLISTA,0,0,0,ampliada
2019-03-01,09009,Milpa Alta,CAIDA DE PASAJERO,0,0,0,ampliada
2019-03-01,09009,Milpa Alta,CHOQUE,2,2,0,ampliada
2019-03-01,09009,Milpa Alta,DERRAPADO,6,6,1,ampliada
2019-03-01,09009,Milpa Alta,VOLCADURA,1,4,0,ampliada
2019-03-01,09010,Álvaro Obregón,ATROPELLADO,26,26,1,ampliada
2019-03-01,09010,Álvaro Obregón,CAIDA DE CICLISTA,0,0,0,ampliada
2019-03-01,09010,Álvaro Obregón,CAIDA DE PASAJERO,3,5,0,ampliada
2019-03-01,09010,Álvaro Obregón,CHOQUE,50,72,0,ampliada
2019-03-01,09010,Álvaro Obregón,DERRAPADO,21,22,0,ampliada
2019-03-01,09010,Álvaro Obregón,VOLCADURA,2,2,0,ampliada
2019-03-01,09011,Tláhuac,ATROPELLADO,10,10,0,ampliada
2019-03-01,09011,Tláhuac,CAIDA DE CICLISTA,0,0,0,ampliada
2019-03-01,09011,Tláhuac,CAIDA DE PASAJERO,0,0,0,ampliada
2019-03-01,09011,Tláhuac,CHOQUE,26,35,0,ampliada
2019-03-01,09011,Tláhuac,DERRAPADO,9,10,0,ampliada
2019-03-01,09011,Tláhuac,VOLCADURA,0,0,0,ampliada
2019-03-01,09012,Tlalpan,ATROPELLADO,26,22,4,ampliada
2019-03-01,09012,Tlalpan,CAIDA DE CICLISTA,0,0,0,ampliada
2019-03-01,09012,Tlalpan,CAIDA DE PASAJERO,5,5,0,ampliada
2019-03-01,09012,Tlalpan,CHOQUE,40,64,3,ampliada
2019-03-01,09012,Tlalpan,DERRAPADO,15,14,1,ampliada
2019-03-01,09012,Tlalpan,VOLCADURA,6,7,1,ampliada
2019-03-01,09013,Xochimilco,ATROPELLADO,18,21,0,ampliada
2019-03-01,09013,Xochimilco,CAIDA DE CICLISTA,1,1,0,ampliada
2019-03-01,09013,Xochimilco,CAIDA DE PASAJERO,0,0,0,ampliada
2019-03-01,09013,Xochimilco,CHOQUE,20,24,1,ampliada
2019-03-01,09013,Xochimilco,DERRAPADO,11,11,1,ampliada
2019-03-01,09013,Xochimilco,VOLCADURA,0,0,0,ampliada
2019-03-01,09014,Benito Juárez,ATROPELLADO,35,35,0,ampliada
2019-03-01,09014,Benito Juárez,CAIDA DE CICLISTA,3,3,0,ampliada
2019-03-01,09014,Benito Juárez,CAIDA DE PASAJERO,2,2,0,ampliada
2019-03-01,09014,Benito Juárez,CHOQUE,83,99,0,ampliada
2019-03-01,09014,Benito Juárez,DERRAPADO,22,22,0,ampliada
2019-03-01,09014,Benito Juárez,VOLCADURA,1,2,0,ampliada
2019-03-01,09015,Cuauhtémoc,ATROPELLADO,80,82,0,ampliada
2019-03-01,09015,Cuauhtémoc,CAIDA DE CICLISTA,1,1,0,ampliada
2019-03-01,09015,Cuauhtémoc,CAIDA DE PASAJERO,1,1,0,ampliada
2019-03-01,09015,Cuauhtémoc,CHOQUE,121,143,1,ampliada
2019-03-01,09015,Cuauhtémoc,DERRAPADO,30,34,0,ampliada
2019-03-01,09015,Cuauhtémoc,VOLCADURA,1,1,0,ampliada
2019-03-01,09016,Miguel Hidalgo,ATROPELLADO,24,25,0,ampliada
2019-03-01,09016,Miguel Hidalgo,CAIDA DE CICLISTA,1,1,0,ampliada
2019-03-01,09016,Miguel Hidalgo,CAIDA DE PASAJERO,0,0,0,ampliada
2019-03-01,09016,Miguel Hidalgo,CHOQUE,58,68,1,ampliada
2019-03-01,09016,Miguel Hidalgo,DERRAPADO,25,25,0,ampliada
2019-03-01,09016,Miguel Hidalgo,VOLCADURA,5,5,0,ampliada
2019-03-01,09017,Venustiano Carranza,ATROPELLADO,27,28,0,ampliada
2019-03-01,09017,Venustiano Carranza,CAIDA DE CICLISTA,0,0,0,ampliada
2019-03-01,09017,Venustiano Carranza,CAIDA DE PASAJERO,0,0,0,ampliada
2019-03-01,09017,Venustiano Carranza,CHOQUE,74,99,1,ampliada
2019-03-01,09017,Venustiano Carranza,DERRAPADO,27,29,0,ampliada
2019-03-01,09017,Venustiano Carranza,VOLCADURA,4,7,0,ampliada
2019-04-01,09002,Azcapotzalco,ATROPELLADO,18,19,1,ampliada
2019-04-01,09002,Azcapotzalco,CAIDA DE CICLISTA,1,1,0,ampliada
2019-04-01,09002,Azcapotzalco,CAIDA DE PASAJERO,2,2,0,ampliada
2019-04-01,09002,Azcapotzalco,CHOQUE,36,42,1,ampliada
2019-04-01,09002,Azcapotzalco,DERRAPADO,10,12,0,ampliada
2019-04-01,09002,Azcapotzalco,VOLCADURA,0,0,0,ampliada
2019-04-01,09003,Coyoacán,ATROPELLADO,28,30,1,ampliada
2019-04-01,09003,Coyoacán,CAIDA DE CICLISTA,2,2,0,ampliada
2019-04-01,09003,Coyoacán,CAIDA DE PASAJERO,0,0,0,ampliada
2019-04-01,09003,Coyoacán,CHOQUE,57,74,2,ampliada
2019-04-01,09003,Coyoacán,DERRAPADO,22,23,0,ampliada
2019-04-01,09003,Coyoacán,VOLCADURA,0,0,0,ampliada
2019-04-01,09004,Cuajimalpa de Morelos,ATROPELLADO,8,9,0,ampliada
2019-04-01,09004,Cuajimalpa de Morelos,CAIDA DE CICLISTA,0,0,0,ampliada
2019-04-01,09004,Cuajimalpa de Morelos,CAIDA DE PASAJERO,0,0,0,ampliada
2019-04-01,09004,Cuajimalpa de Morelos,CHOQUE,12,14,0,ampliada
2019-04-01,09004,Cuajimalpa de Morelos,DERRAPADO,19,19,1,ampliada
2019-04-01,09004,Cuajimalpa de Morelos,VOLCADURA,2,2,0,ampliada
2019-04-01,09005,Gustavo A. Madero,ATROPELLADO,38,39,2,ampliada
2019-04-01,09005,Gustavo A. Madero,CAIDA DE CICLISTA,1,1,0,ampliada
2019-04-01,09005,Gustavo A. Madero,CAIDA DE PASAJERO,1,1,0,ampliada
2019-04-01,09005,Gustavo A. Madero,CHOQUE,84,99,1,ampliada
2019-04-01,09005,Gustavo A. Madero,DERRAPADO,33,34,0,ampliada
2019-04-01,09005,Gustavo A. Madero,VOLCADURA,2,3,1,ampliada
2019-04-01,09006,Iztacalco,ATROPELLADO,21,21,0,ampliada
2019-04-01,09006,Iztacalco,CAIDA DE CICLISTA,0,0,0,ampliada
2019-04-01,09006,Iztacalco,CAIDA DE PASAJERO,1,1,0,ampliada
2019-04-01,09006,Iztacalco,CHOQUE,30,30,2,ampliada
2019-04-01,09006,Iztacalco,DERRAPADO,17,18,0,ampliada
2019-04-01,09006,Iztacalco,VOLCADURA,1,1,0,ampliada
2019-04-01,09007,Iztapalapa,ATROPELLADO,46,49,1,ampliada
2019-04-01,09007,Iztapalapa,CAIDA DE CICLISTA,0,0,0,ampliada
2019-04-01,09007,Iztapalapa,CAIDA DE PASAJERO,4,4,0,ampliada
2019-04-01,09007,Iztapalapa,CHOQUE,86,101,1,ampliada
2019-04-01,09007,Iztapalapa,DERRAPADO,44,49,0,ampliada
2019-04-01,09007,Iztapalapa,VOLCADURA,3,4,0,ampliada
2019-04-01,09008,La Magdalena Contreras,ATROPELLADO,0,0,0,ampliada
2019-04-01,09008,La Magdalena Contreras,CAIDA DE CICLISTA,0,0,0,ampliada
2019-04-01,09008,La Magdalena Contreras,CAIDA DE PASAJERO,1,3,0,ampliada
2019-04-01,09008,La Magdalena Contreras,CHOQUE,7,8,1,ampliada
2019-04-01,09008,La Magdalena Contreras,DERRAPADO,7,8,0,ampliada
2019-04-01,09008,La Magdalena Contreras,VOLCADURA,1,1,0,ampliada
2019-04-01,09009,Milpa Alta,ATROPELLADO,3,3,1,ampliada
2019-04-01,09009,Milpa Alta,CAIDA DE CICLISTA,1,1,0,ampliada
2019-04-01,09009,Milpa Alta,CAIDA DE PASAJERO,0,0,0,ampliada
2019-04-01,09009,Milpa Alta,CHOQUE,6,7,0,ampliada
2019-04-01,09009,Milpa Alta,DERRAPADO,3,2,1,ampliada
2019-04-01,09009,Milpa Alta,VOLCADURA,2,2,0,ampliada
2019-04-01,09010,Álvaro Obregón,ATROPELLADO,22,20,2,ampliada
2019-04-01,09010,Álvaro Obregón,CAIDA DE CICLISTA,1,1,0,ampliada
2019-04-01,09010,Álvaro Obregón,CAIDA DE PASAJERO,2,2,0,ampliada
2019-04-01,09010,Álvaro Obregón,CHOQUE,37,50,0,ampliada
2019-04-01,09010,Álvaro Obregón,DERRAPADO,18,21,0,ampliada
2019-04-01,09010,Álvaro Obregón,VOLCADURA,2,2,0,ampliada
2019-04-01,09011,Tláhuac,ATROPELLADO,12,12,0,ampliada
2019-04-01,09011,Tláhuac,CAIDA DE CICLISTA,0,0,0,ampliada
2019-04-01,09011,Tláhuac,CAIDA DE PASAJERO,1,1,0,ampliada
2019-04-01,09011,Tláhuac,CHOQUE,24,26,0,ampliada
2019-04-01,09011,Tláhuac,DERRAPADO,10,11,0,ampliada
2019-04-01,09011,Tláhuac,VOLCADURA,1,1,0,ampliada
2019-04-01,09012,Tlalpan,ATROPELLADO,18,19,1,ampliada
2019-04-01,09012,Tlalpan,CAIDA DE CICLISTA,0,0,0,ampliada
2019-04-01,09012,Tlalpan,CAIDA DE PASAJERO,2,3,0,ampliada
2019-04-01,09012,Tlalpan,CHOQUE,39,67,1,ampliada
2019-04-01,09012,Tlalpan,DERRAPADO,12,13,1,ampliada
2019-04-01,09012,Tlalpan,VOLCADURA,2,2,0,ampliada
2019-04-01,09013,Xochimilco,ATROPELLADO,8,7,1,ampliada
2019-04-01,09013,Xochimilco,CAIDA DE CICLISTA,0,0,0,ampliada
2019-04-01,09013,Xochimilco,CAIDA DE PASAJERO,0,0,0,ampliada
2019-04-01,09013,Xochimilco,CHOQUE,16,19,0,ampliada
2019-04-01,09013,Xochimilco,DERRAPADO,13,13,0,ampliada
2019-04-01,09013,Xochimilco,VOLCADURA,2,3,1,ampliada
2019-04-01,09014,Benito Juárez,ATROPELLADO,21,21,1,ampliada
2019-04-01,09014,Benito Juárez,CAIDA DE CICLISTA,0,0,0,ampliada
2019-04-01,09014,Benito Juárez,CAIDA DE PASAJERO,2,2,0,ampliada
2019-04-01,09014,Benito Juárez,CHOQUE,67,77,0,ampliada
2019-04-01,09014,Benito Juárez,DERRAPADO,22,23,0,ampliada
2019-04-01,09014,Benito Juárez,VOLCADURA,3,3,0,ampliada
2019-04-01,09015,Cuauhtémoc,ATROPELLADO,60,60,1,ampliada
2019-04-01,09015,Cuauhtémoc,CAIDA DE CICLISTA,2,3,0,ampliada
2019-04-01,09015,Cuauhtémoc,CAIDA DE PASAJERO,1,1,0,ampliada
2019-04-01,09015,Cuauhtémoc,CHOQUE,99,126,0,ampliada
2019-04-01,09015,Cuauhtémoc,DERRAPADO,26,28,0,ampliada
2019-04-01,09015,Cuauhtémoc,VOLCADURA,2,2,0,ampliada
2019-04-01,09016,Miguel Hidalgo,ATROPELLADO,17,16,1,ampliada
2019-04-01,09016,Miguel Hidalgo,CAIDA DE CICLISTA,2,2,0,ampliada
2019-04-01,09016,Miguel Hidalgo,CAIDA DE PASAJERO,1,1,0,ampliada
2019-04-01,09016,Miguel Hidalgo,CHOQUE,65,77,0,ampliada
2019-04-01,09016,Miguel Hidalgo,DERRAPADO,30,32,0,ampliada
2019-04-01,09016,Miguel Hidalgo,VOLCADURA,2,3,0,ampliada
2019-04-01,09017,Venustiano Carranza,ATROPELLADO,29,30,2,ampliada
2019-04-01,09017,Venustiano Carranza,CAIDA DE CICLISTA,1,1,0,ampliada
2019-04-01,09017,Venustiano Carranza,CAIDA DE PASAJERO,0,0,0,ampliada
2019-04-01,09017,Venustiano Carranza,CHOQUE,56,66,0,ampliada
2019-04-01,09017,Venustiano Carranza,DERRAPADO,30,32,0,ampliada
2019-04-01,09017,Venustiano Carranza,VOLCADURA,3,4,1,ampliada
2019-05-01,09002,Azcapotzalco,ATROPELLADO,26,25,1,ampliada
2019-05-01,09002,Azcapotzalco,CAIDA DE CICLISTA,1,1,0,ampliada
2019-05-01,09002,Azcapotzalco,CAIDA DE PASAJERO,2,2,0,ampliada
2019-05-01,09002,Azcapotzalco,CHOQUE,36,47,0,ampliada
2019-05-01,09002,Azcapotzalco,DERRAPADO,17,17,0,ampliada
2019-05-01,09002,Azcapotzalco,VOLCADURA,0,0,0,ampliada
2019-05-01,09003,Coyoacán,ATROPELLADO,30,31,1,ampliada
2019-05-01,09003,Coyoacán,CAIDA DE CICLISTA,0,0,0,ampliada
2019-05-01,09003,Coyoacán,CAIDA DE PASAJERO,2,2,0,ampliada
2019-05-01,09003,Coyoacán,CHOQUE,63,76,0,ampliada
2019-05-01,09003,Coyoacán,DERRAPADO,16,19,0,ampliada
2019-05-01,09003,Coyoacán,VOLCADURA,4,4,0,ampliada
2019-05-01,09004,Cuajimalpa de Morelos,ATROPELLADO,4,4,0,ampliada
2019-05-01,09004,Cuajimalpa de Morelos,CAIDA DE CICLISTA,0,0,0,ampliada
2019-05-01,09004,Cuajimalpa de Morelos,CAIDA DE PASAJERO,0,0,0,ampliada
2019-05-01,09004,Cuajimalpa de Morelos,CHOQUE,12,12,0,ampliada
2019-05-01,09004,Cuajimalpa de Morelos,DERRAPADO,7,7,0,ampliada
2019-05-01,09004,Cuajimalpa de Morelos,VOLCADURA,0,0,0,ampliada
2019-05-01,09005,Gustavo A. Madero,ATROPELLADO,40,39,2,ampliada
2019-05-01,09005,Gustavo A. Madero,CAIDA DE CICLISTA,1,1,0,ampliada
2019-05-01,09005,Gustavo A. Madero,CAIDA DE PASAJERO,5,5,0,ampliada
2019-05-01,09005,Gustavo A. Madero,CHOQUE,85,116,0,ampliada
2019-05-01,09005,Gustavo A. Madero,DERRAPADO,35,36,1,ampliada
2019-05-01,09005,Gustavo A. Madero,VOLCADURA,3,3,0,ampliada
2019-05-01,09006,Iztacalco,ATROPELLADO,14,16,0,ampliada
2019-05-01,09006,Iztacalco,CAIDA DE CICLISTA,0,0,0,ampliada
2019-05-01,09006,Iztacalco,CAIDA DE PASAJERO,2,2,0,ampliada
2019-05-01,09006,Iztacalco,CHOQUE,33,42,0,ampliada
2019-05-01,09006,Iztacalco,DERRAPADO,9,10,0,ampliada
2019-05-01,09006,Iztacalco,VOLCADURA,0,0,0,ampliada
2019-05-01,09007,Iztapalapa,ATROPELLADO,48,56,2,ampliada
2019-05-01,09007,Iztapalapa,CAIDA DE CICLISTA,3,3,0,ampliada
2019-05-01,09007,Iztapalapa,CAIDA DE PASAJERO,3,3,0,ampliada
2019-05-01,09007,Iztapalapa,CHOQUE,89,104,2,ampliada
2019-05-01,09007,Iztapalapa,DERRAPADO,34,35,2,ampliada
2019-05-01,09007,Iztapalapa,VOLCADURA,4,6,0,ampliada
2019-05-01,09008,La Magdalena Contreras,ATROPELLADO,7,8,0,ampliada
2019-05-01,09008,La Magdalena Contreras,CAIDA DE CICLISTA,0,0,0,ampliada
2019-05-01,09008,La Magdalena Contreras,CAIDA DE PASAJERO,0,0,0,ampliada
2019-05-01,09008,La Magdalena Contreras,CHOQUE,7,8,0,ampliada
2019-05-01,09008,La Magdalena Contreras,DERRAPADO,1,1,0,ampliada
2019-05-01,09008,La Magdalena Contreras,VOLCADURA,0,0,0,ampliada
2019-05-01,09009,Milpa Alta,ATROPELLADO,3,3,0,ampliada
2019-05-01,09009,Milpa Alta,CAIDA DE CICLISTA,0,0,0,ampliada
2019-05-01,09009,Milpa Alta,CAIDA DE PASAJERO,0,0,0,ampliada
2019-05-01,09009,Milpa Alta,CHOQUE,3,3,0,ampliada
2019-05-01,09009,Milpa Alta,DERRAPADO,3,3,0,ampliada
2019-05-01,09009,Milpa Alta,VOLCADURA,0,0,0,ampliada
2019-05-01,09010,Álvaro Obregón,ATROPELLADO,19,22,0,ampliada
2019-05-01,09010,Álvaro Obregón,CAIDA DE CICLISTA,1,1,0,ampliada
2019-05-01,09010,Álvaro Obregón,CAIDA DE PASAJERO,3,6,0,ampliada
2019-05-01,09010,Álvaro Obregón,CHOQUE,35,50,4,ampliada
2019-05-01,09010,Álvaro Obregón,DERRAPADO,28,31,0,ampliada
2019-05-01,09010,Álvaro Obregón,VOLCADURA,5,5,0,ampliada
2019-05-01,09011,Tláhuac,ATROPELLADO,12,13,0,ampliada
2019-05-01,09011,Tláhuac,CAIDA DE CICLISTA,1,1,0,ampliada
2019-05-01,09011,Tláhuac,CAIDA DE PASAJERO,1,1,0,ampliada
2019-05-01,09011,Tláhuac,CHOQUE,34,52,0,ampliada
2019-05-01,09011,Tláhuac,DERRAPADO,13,13,0,ampliada
2019-05-01,09011,Tláhuac,VOLCADURA,1,1,0,ampliada
2019-05-01,09012,Tlalpan,ATROPELLADO,17,20,0,ampliada
2019-05-01,09012,Tlalpan,CAIDA DE CICLISTA,0,0,0,ampliada
2019-05-01,09012,Tlalpan,CAIDA DE PASAJERO,1,1,0,ampliada
2019-05-01,09012,Tlalpan,CHOQUE,35,38,1,ampliada
2019-05-01,09012,Tlalpan,DERRAPADO,15,16,1,ampliada
2019-05-01,09012,Tlalpan,VOLCADURA,3,3,0,ampliada
2019-05-01,09013,Xochimilco,ATROPELLADO,10,12,1,ampliada
2019-05-01,09013,Xochimilco,CAIDA DE CICLISTA,1,1,0,ampliada
2019-05-01,09013,Xochimilco,CAIDA DE PASAJERO,0,0,0,ampliada
2019-05-01,09013,Xochimilco,CHOQUE,25,45,0,ampliada
2019-05-01,09013,Xochimilco,DERRAPADO,9,9,1,ampliada
2019-05-01,09013,Xochimilco,VOLCADURA,2,4,0,ampliada
2019-05-01,09014,Benito Juárez,ATROPELLADO,25,29,4,ampliada
2019-05-01,09014,Benito Juárez,CAIDA DE CICLISTA,2,2,0,ampliada
2019-05-01,09014,Benito Juárez,CAIDA DE PASAJERO,1,1,0,ampliada
2019-05-01,09014,Benito Juárez,CHOQUE,69,84,0,ampliada
2019-05-01,09014,Benito Juárez,DERRAPADO,23,24,0,ampliada
2019-05-01,09014,Benito Juárez,VOLCADURA,1,1,0,ampliada
2019-05-01,09015,Cuauhtémoc,ATROPELLADO,61,59,2,ampliada
2019-05-01,09015,Cuauhtémoc,CAIDA DE CICLISTA,4,5,0,ampliada
2019-05-01,09015,Cuauhtémoc,CAIDA DE PASAJERO,4,4,0,ampliada
2019-05-01,09015,Cuauhtémoc,CHOQUE,118,137,1,ampliada
2019-05-01,09015,Cuauhtémoc,DERRAPADO,29,32,1,ampliada
2019-05-01,09015,Cuauhtémoc,VOLCADURA,2,2,0,ampliada
2019-05-01,09016,Miguel Hidalgo,ATROPELLADO,30,30,0,ampliada
2019-05-01,09016,Miguel Hidalgo,CAIDA DE CICLISTA,0,0,0,ampliada
2019-05-01,09016,Miguel Hidalgo,CAIDA DE PASAJERO,0,0,0,ampliada
2019-05-01,09016,Miguel Hidalgo,CHOQUE,50,59,4,ampliada
2019-05-01,09016,Miguel Hidalgo,DERRAPADO,20,21,0,ampliada
2019-05-01,09016,Miguel Hidalgo,VOLCADURA,2,2,0,ampliada
2019-05-01,09017,Venustiano Carranza,ATROPELLADO,27,26,1,ampliada
2019-05-01,09017,Venustiano Carranza,CAIDA DE CICLISTA,1,1,0,ampliada
2019-05-01,09017,Venustiano Carranza,CAIDA DE PASAJERO,1,1,0,ampliada
2019-05-01,09017,Venustiano Carranza,CHOQUE,58,67,0,ampliada
2019-05-01,09017,Venustiano Carranza,DERRAPADO,22,22,1,ampliada
2019-05-01,09017,Venustiano Carranza,VOLCADURA,1,1,0,ampliada
2019-06-01,09002,Azcapotzalco,ATROPELLADO,21,23,0,ampliada
2019-06-01,09002,Azcapotzalco,CAIDA DE CICLISTA,1,1,0,ampliada
2019-06-01,09002,Azcapotzalco,CAIDA DE PASAJERO,0,0,0,ampliada
2019-06-01,09002,Azcapotzalco,CHOQUE,37,42,1,ampliada
2019-06-01,09002,Azcapotzalco,DERRAPADO,6,6,0,ampliada
2019-06-01,09002,Azcapotzalco,VOLCADURA,4,5,1,ampliada
2019-06-01,09003,Coyoacán,ATROPELLADO,33,34,2,ampliada
2019-06-01,09003,Coyoacán,CAIDA DE CICLISTA,1,1,0,ampliada
2019-06-01,09003,Coyoacán,CAIDA DE PASAJERO,3,3,0,ampliada
2019-06-01,09003,Coyoacán,CHOQUE,53,62,1,ampliada
2019-06-01,09003,Coyoacán,DERRAPADO,17,18,0,ampliada
2019-06-01,09003,Coyoacán,VOLCADURA,1,1,0,ampliada
2019-06-01,09004,Cuajimalpa de Morelos,ATROPELLADO,3,3,0,ampliada
2019-06-01,09004,Cuajimalpa de Morelos,CAIDA DE CICLISTA,0,0,0,ampliada
2019-06-01,09004,Cuajimalpa de Morelos,CAIDA DE PASAJERO,0,0,0,ampliada
2019-06-01,09004,Cuajimalpa de Morelos,CHOQUE,9,9,0,ampliada
2019-06-01,09004,Cuajimalpa de Morelos,DERRAPADO,4,4,0,ampliada
2019-06-01,09004,Cuajimalpa de Morelos,VOLCADURA,0,0,0,ampliada
2019-06-01,09005,Gustavo A. Madero,ATROPELLADO,40,42,0,ampliada
2019-06-01,09005,Gustavo A. Madero,CAIDA DE CICLISTA,0,0,0,ampliada
2019-06-01,09005,Gustavo A. Madero,CAIDA DE PASAJERO,4,4,0,ampliada
2019-06-01,09005,Gustavo A. Madero,CHOQUE,78,100,0,ampliada
2019-06-01,09005,Gustavo A. Madero,DERRAPADO,33,34,0,ampliada
2019-06-01,09005,Gustavo A. Madero,VOLCADURA,4,5,0,ampliada
2019-06-01,09006,Iztacalco,ATROPELLADO,19,19,0,ampliada
2019-06-01,09006,Iztacalco,CAIDA DE CICLISTA,2,2,0,ampliada
2019-06-01,09006,Iztacalco,CAIDA DE PASAJERO,1,1,0,ampliada
2019-06-01,09006,Iztacalco,CHOQUE,35,41,0,ampliada
2019-06-01,09006,Iztacalco,DERRAPADO,14,13,1,ampliada
2019-06-01,09006,Iztacalco,VOLCADURA,0,0,0,ampliada
2019-06-01,09007,Iztapalapa,ATROPELLADO,64,73,1,ampliada
2019-06-01,09007,Iztapalapa,CAIDA DE CICLISTA,3,3,0,ampliada
2019-06-01,09007,Iztapalapa,CAIDA DE PASAJERO,6,6,0,ampliada
2019-06-01,09007,Iztapalapa,CHOQUE,73,86,2,ampliada
2019-06-01,09007,Iztapalapa,DERRAPADO,41,46,1,ampliada
2019-06-01,09007,Iztapalapa,VOLCADURA,6,6,0,ampliada
2019-06-01,09008,La Magdalena Contreras,ATROPELLADO,6,6,0,ampliada
2019-06-01,09008,La Magdalena Contreras,CAIDA DE CICLISTA,0,0,0,ampliada
2019-06-01,09008,La Magdalena Contreras,CAIDA DE PASAJERO,1,1,0,ampliada
2019-06-01,09008,La Magdalena Contreras,CHOQUE,9,11,0,ampliada
2019-06-01,09008,La Magdalena Contreras,DERRAPADO,4,4,0,ampliada
2019-06-01,09008,La Magdalena Contreras,VOLCADURA,0,0,0,ampliada
2019-06-01,09009,Milpa Alta,ATROPELLADO,4,4,0,ampliada
2019-06-01,09009,Milpa Alta,CAIDA DE CICLISTA,0,0,0,ampliada
2019-06-01,09009,Milpa Alta,CAIDA DE PASAJERO,0,0,0,ampliada
2019-06-01,09009,Milpa Alta,CHOQUE,3,5,0,ampliada
2019-06-01,09009,Milpa Alta,DERRAPADO,1,1,0,ampliada
2019-06-01,09009,Milpa Alta,VOLCADURA,0,0,0,ampliada
2019-06-01,09010,Álvaro Obregón,ATROPELLADO,26,27,0,ampliada
2019-06-01,09010,Álvaro Obregón,CAIDA DE CICLISTA,0,0,0,ampliada
2019-06-01,09010,Álvaro Obregón,CAIDA DE PASAJERO,3,3,0,ampliada
2019-06-01,09010,Álvaro Obregón,CHOQUE,47,54,1,ampliada
2019-06-01,09010,Álvaro Obregón,DERRAPADO,26,27,0,ampliada
2019-06-01,09010,Álvaro Obregón,VOLCADURA,3,5,0,ampliada
2019-06-01,09011,Tláhuac,ATROPELLADO,18,18,0,ampliada
2019-06-01,09011,Tláhuac,CAIDA DE CICLISTA,0,0,0,ampliada
2019-06-01,09011,Tláhuac,CAIDA DE PASAJERO,0,0,0,ampliada
2019-06-01,09011,Tláhuac,CHOQUE,25,29,0,ampliada
2019-06-01,09011,Tláhuac,DERRAPADO,11,11,0,ampliada
2019-06-01,09011,Tláhuac,VOLCADURA,1,1,0,ampliada
2019-06-01,09012,Tlalpan,ATROPELLADO,15,14,1,ampliada
2019-06-01,09012,Tlalpan,CAIDA DE CICLISTA,0,0,0,ampliada
2019-06-01,09012,Tlalpan,CAIDA DE PASAJERO,3,5,0,ampliada
2019-06-01,09012,Tlalpan,CHOQUE,40,48,1,ampliada
2019-06-01,09012,Tlalpan,DERRAPADO,17,17,0,ampliada
2019-06-01,09012,Tlalpan,VOLCADURA,3,3,0,ampliada
2019-06-01,09013,Xochimilco,ATROPELLADO,12,14,1,ampliada
2019-06-01,09013,Xochimilco,CAIDA DE CICLISTA,1,1,0,ampliada
2019-06-01,09013,Xochimilco,CAIDA DE PASAJERO,1,1,0,ampliada
2019-06-01,09013,Xochimilco,CHOQUE,11,12,1,ampliada
2019-06-01,09013,Xochimilco,DERRAPADO,5,6,0,ampliada
2019-06-01,09013,Xochimilco,VOLCADURA,1,1,0,ampliada
2019-06-01,09014,Benito Juárez,ATROPELLADO,28,30,0,ampliada
2019-06-01,09014,Benito Juárez,CAIDA DE CICLISTA,0,0,0,ampliada
2019-06-01,09014,Benito Juárez,CAIDA DE PASAJERO,1,1,0,ampliada
2019-06-01,09014,Benito Juárez,CHOQUE,60,68,0,ampliada
2019-06-01,09014,Benito Juárez,DERRAPADO,23,23,0,ampliada
2019-06-01,09014,Benito Juárez,VOLCADURA,5,8,0,ampliada
2019-06-01,09015,Cuauhtémoc,ATROPELLADO,60,61,2,ampliada
2019-06-01,09015,Cuauhtémoc,CAIDA DE CICLISTA,5,5,0,ampliada
2019-06-01,09015,Cuauhtémoc,CAIDA DE PASAJERO,8,11,0,ampliada
2019-06-01,09015,Cuauhtémoc,CHOQUE,91,109,3,ampliada
2019-06-01,09015,Cuauhtémoc,DERRAPADO,39,41,0,ampliada
2019-06-01,09015,Cuauhtémoc,VOLCADURA,1,0,1,ampliada
2019-06-01,09016,Miguel Hidalgo,ATROPELLADO,26,32,0,ampliada
2019-06-01,09016,Miguel Hidalgo,CAIDA DE CICLISTA,2,2,0,ampliada
2019-06-01,09016,Miguel Hidalgo,CAIDA DE PASAJERO,2,2,0,ampliada
2019-06-01,09016,Miguel Hidalgo,CHOQUE,58,74,1,ampliada
2019-06-01,09016,Miguel Hidalgo,DERRAPADO,27,33,0,ampliada
2019-06-01,09016,Miguel Hidalgo,VOLCADURA,7,9,0,ampliada
2019-06-01,09017,Venustiano Carranza,ATROPELLADO,34,35,1,ampliada
2019-06-01,09017,Venustiano Carranza,CAIDA DE CICLISTA,2,2,0,ampliada
2019-06-01,09017,Venustiano Carranza,CAIDA DE PASAJERO,1,1,0,ampliada
2019-06-01,09017,Venustiano Carranza,CHOQUE,55,80,0,ampliada
2019-06-01,09017,Venustiano Carranza,DERRAPADO,17,17,0,ampliada
2019-06-01,09017,Venustiano Carranza,VOLCADURA,4,3,3,ampliada
2019-07-01,09002,Azcapotzalco,ATROPELLADO,21,21,2,ampliada
2019-07-01,09002,Azcapotzalco,CAIDA DE CICLISTA,1,1,0,ampliada
2019-07-01,09002,Azcapotzalco,CAIDA DE PASAJERO,1,1,0,ampliada
2019-07-01,09002,Azcapotzalco,CHOQUE,36,39,2,ampliada
2019-07-01,09002,Azcapotzalco,DERRAPADO,9,11,0,ampliada
2019-07-01,09002,Azcapotzalco,VOLCADURA,1,1,0,ampliada
2019-07-01,09003,Coyoacán,ATROPELLADO,33,34,0,ampliada
2019-07-01,09003,Coyoacán,CAIDA DE CICLISTA,1,1,0,ampliada
2019-07-01,09003,Coyoacán,CAIDA DE PASAJERO,2,3,0,ampliada
2019-07-01,09003,Coyoacán,CHOQUE,53,61,0,ampliada
2019-07-01,09003,Coyoacán,DERRAPADO,18,19,0,ampliada
2019-07-01,09003,Coyoacán,VOLCADURA,4,5,0,ampliada
2019-07-01,09004,Cuajimalpa de Morelos,ATROPELLADO,3,3,0,ampliada
2019-07-01,09004,Cuajimalpa de Morelos,CAIDA DE CICLISTA,0,0,0,ampliada
2019-07-01,09004,Cuajimalpa de Morelos,CAIDA DE PASAJERO,0,0,0,ampliada
2019-07-01,09004,Cuajimalpa de Morelos,CHOQUE,6,7,0,ampliada
2019-07-01,09004,Cuajimalpa de Morelos,DERRAPADO,6,7,0,ampliada
2019-07-01,09004,Cuajimalpa de Morelos,VOLCADURA,1,1,0,ampliada
2019-07-01,09005,Gustavo A. Madero,ATROPELLADO,36,37,1,ampliada
2019-07-01,09005,Gustavo A. Madero,CAIDA DE CICLISTA,0,0,0,ampliada
2019-07-01,09005,Gustavo A. Madero,CAIDA DE PASAJERO,5,11,0,ampliada
2019-07-01,09005,Gustavo A. Madero,CHOQUE,60,72,0,ampliada
2019-07-01,09005,Gustavo A. Madero,DERRAPADO,29,33,0,ampliada
2019-07-01,09005,Gustavo A. Madero,VOLCADURA,3,5,0,ampliada
2019-07-01,09006,Iztacalco,ATROPELLADO,13,12,2,ampliada
2019-07-01,09006,Iztacalco,CAIDA DE CICLISTA,1,1,0,ampliada
2019-07-01,09006,Iztacalco,CAIDA DE PASAJERO,1,5,0,ampliada
2019-07-01,09006,Iztacalco,CHOQUE,38,53,0,ampliada
2019-07-01,09006,Iztacalco,DERRAPADO,15,15,0,ampliada
2019-07-01,09006,Iztacalco,VOLCADURA,0,0,0,ampliada
2019-07-01,09007,Iztapalapa,ATROPELLADO,69,67,4,ampliada
2019-07-01,09007,Iztapalapa,CAIDA DE CICLISTA,1,1,0,ampliada
2019-07-01,09007,Iztapalapa,CAIDA DE PASAJERO,4,6,0,ampliada
2019-07-01,09007,Iztapalapa,CHOQUE,93,114,3,ampliada
2019-07-01,09007,Iztapalapa,DERRAPADO,42,46,1,ampliada
2019-07-01,09007,Iztapalapa,VOLCADURA,8,15,0,ampliada
2019-07-01,09008,La Magdalena Contreras,ATROPELLADO,2,2,0,ampliada
2019-07-01,09008,La Magdalena Contreras,CAIDA DE CICLISTA,0,0,0,ampliada
2019-07-01,09008,La Magdalena Contreras,CAIDA DE PASAJERO,1,1,0,ampliada
2019-07-01,09008,La Magdalena Contreras,CHOQUE,3,2,1,ampliada
2019-07-01,09008,La Magdalena Contreras,DERRAPADO,3,3,0,ampliada
2019-07-01,09008,La Magdalena Contreras,VOLCADURA,0,0,0,ampliada
2019-07-01,09009,Milpa Alta,ATROPELLADO,2,2,0,ampliada
2019-07-01,09009,Milpa Alta,CAIDA DE CICLISTA,0,0,0,ampliada
2019-07-01,09009,Milpa Alta,CAIDA DE PASAJERO,0,0,0,ampliada
2019-07-01,09009,Milpa Alta,CHOQUE,4,4,0,ampliada
2019-07-01,09009,Milpa Alta,DERRAPADO,3,4,0,ampliada
2019-07-01,09009,Milpa Alta,VOLCADURA,1,1,0,ampliada
2019-07-01,09010,Álvaro Obregón,ATROPELLADO,19,20,0,ampliada
2019-07-01,09010,Álvaro Obregón,CAIDA DE CICLISTA,0,0,0,ampliada
2019-07-01,09010,Álvaro Obregón,CAIDA DE PASAJERO,4,4,0,ampliada
2019-07-01,09010,Álvaro Obregón,CHOQUE,39,43,2,ampliada
2019-07-01,09010,Álvaro Obregón,DERRAPADO,24,25,1,ampliada
2019-07-01,09010,Álvaro Obregón,VOLCADURA,4,7,0,ampliada
2019-07-01,09011,Tláhuac,ATROPELLADO,16,16,0,ampliada
2019-07-01,09011,Tláhuac,CAIDA DE CICLISTA,0,0,0,ampliada
2019-07-01,09011,Tláhuac,CAIDA DE PASAJERO,1,1,0,ampliada
2019-07-01,09011,Tláhuac,CHOQUE,23,27,0,ampliada
2019-07-01,09011,Tláhuac,DERRAPADO,10,9,2,ampliada
2019-07-01,09011,Tláhuac,VOLCADURA,0,0,0,ampliada
2019-07-01,09012,Tlalpan,ATROPELLADO,18,19,1,ampliada
2019-07-01,09012,Tlalpan,CAIDA DE CICLISTA,0,0,0,ampliada
2019-07-01,09012,Tlalpan,CAIDA DE PASAJERO,3,3,0,ampliada
2019-07-01,09012,Tlalpan,CHOQUE,29,41,0,ampliada
2019-07-01,09012,Tlalpan,DERRAPADO,14,15,0,ampliada
2019-07-01,09012,Tlalpan,VOLCADURA,4,5,0,ampliada
2019-07-01,09013,Xochimilco,ATROPELLADO,15,16,0,ampliada
2019-07-01,09013,Xochimilco,CAIDA DE CICLISTA,0,0,0,ampliada
2019-07-01,09013,Xochimilco,CAIDA DE PASAJERO,0,0,0,ampliada
2019-07-01,09013,Xochimilco,CHOQUE,23,28,1,ampliada
2019-07-01,09013,Xochimilco,DERRAPADO,12,12,0,ampliada
2019-07-01,09013,Xochimilco,VOLCADURA,0,0,0,ampliada
2019-07-01,09014,Benito Juárez,ATROPELLADO,34,36,0,ampliada
2019-07-01,09014,Benito Juárez,CAIDA DE CICLISTA,2,2,0,ampliada
2019-07-01,09014,Benito Juárez,CAIDA DE PASAJERO,0,0,0,ampliada
2019-07-01,09014,Benito Juárez,CHOQUE,62,75,0,ampliada
2019-07-01,09014,Benito Juárez,DERRAPADO,19,21,0,ampliada
2019-07-01,09014,Benito Juárez,VOLCADURA,0,0,0,ampliada
2019-07-01,09015,Cuauhtémoc,ATROPELLADO,73,76,2,ampliada
2019-07-01,09015,Cuauhtémoc,CAIDA DE CICLISTA,3,3,0,ampliada
2019-07-01,09015,Cuauhtémoc,CAIDA DE PASAJERO,4,4,0,ampliada
2019-07-01,09015,Cuauhtémoc,CHOQUE,86,105,1,ampliada
2019-07-01,09015,Cuauhtémoc,DERRAPADO,34,35,0,ampliada
2019-07-01,09015,Cuauhtémoc,VOLCADURA,2,2,0,ampliada
2019-07-01,09016,Miguel Hidalgo,ATROPELLADO,29,30,0,ampliada
2019-07-01,09016,Miguel Hidalgo,CAIDA DE CICLISTA,3,3,0,ampliada
2019-07-01,09016,Miguel Hidalgo,CAIDA DE PASAJERO,0,0,0,ampliada
2019-07-01,09016,Miguel Hidalgo,CHOQUE,60,68,0,ampliada
2019-07-01,09016,Miguel Hidalgo,DERRAPADO,23,23,0,ampliada
2019-07-01,09016,Miguel Hidalgo,VOLCADURA,5,5,0,ampliada
2019-07-01,09017,Venustiano Carranza,ATROPELLADO,28,27,1,ampliada
2019-07-01,09017,Venustiano Carranza,CAIDA DE CICLISTA,1,1,0,ampliada
2019-07-01,09017,Venustiano Carranza,CAIDA DE PASAJERO,1,1,0,ampliada
2019-07-01,09017,Venustiano Carranza,CHOQUE,63,91,0,ampliada
2019-07-01,09017,Venustiano Carranza,DERRAPADO,24,30,0,ampliada
2019-07-01,09017,Venustiano Carranza,VOLCADURA,4,5,0,ampliada
2019-08-01,09002,Azcapotzalco,ATROPELLADO,23,26,0,ampliada
2019-08-01,09002,Azcapotzalco,CAIDA DE CICLISTA,0,0,0,ampliada
2019-08-01,09002,Azcapotzalco,CAIDA DE PASAJERO,2,2,0,ampliada
2019-08-01,09002,Azcapotzalco,CHOQUE,34,44,0,ampliada
2019-08-01,09002,Azcapotzalco,DERRAPADO,15,16,0,ampliada
2019-08-01,09002,Azcapotzalco,VOLCADURA,0,0,0,ampliada
2019-08-01,09003,Coyoacán,ATROPELLADO,47,50,4,ampliada
2019-08-01,09003,Coyoacán,CAIDA DE CICLISTA,3,3,0,ampliada
2019-08-01,09003,Coyoacán,CAIDA DE PASAJERO,3,3,0,ampliada
2019-08-01,09003,Coyoacán,CHOQUE,59,70,0,ampliada
2019-08-01,09003,Coyoacán,DERRAPADO,20,21,0,ampliada
2019-08-01,09003,Coyoacán,VOLCADURA,1,1,0,ampliada
2019-08-01,09004,Cuajimalpa de Morelos,ATROPELLADO,8,8,0,ampliada
2019-08-01,09004,Cuajimalpa de Morelos,CAIDA DE CICLISTA,1,2,0,ampliada
2019-08-01,09004,Cuajimalpa de Morelos,CAIDA DE PASAJERO,0,0,0,ampliada
2019-08-01,09004,Cuajimalpa de Morelos,CHOQUE,8,12,0,ampliada
2019-08-01,09004,Cuajimalpa de Morelos,DERRAPADO,7,8,0,ampliada
2019-08-01,09004,Cuajimalpa de Morelos,VOLCADURA,2,2,0,ampliada
2019-08-01,09005,Gustavo A. Madero,ATROPELLADO,39,39,4,ampliada
2019-08-01,09005,Gustavo A. Madero,CAIDA DE CICLISTA,1,1,0,ampliada
2019-08-01,09005,Gustavo A. Madero,CAIDA DE PASAJERO,6,6,0,ampliada
2019-08-01,09005,Gustavo A. Madero,CHOQUE,62,87,5,ampliada
2019-08-01,09005,Gustavo A. Madero,DERRAPADO,35,39,0,ampliada
2019-08-01,09005,Gustavo A. Madero,VOLCADURA,2,3,1,ampliada
2019-08-01,09006,Iztacalco,ATROPELLADO,24,28,1,ampliada
2019-08-01,09006,Iztacalco,CAIDA DE CICLISTA,0,0,0,ampliada
2019-08-01,09006,Iztacalco,CAIDA DE PASAJERO,3,4,0,ampliada
2019-08-01,09006,Iztacalco,CHOQUE,30,52,0,ampliada
2019-08-01,09006,Iztacalco,DERRAPADO,14,16,0,ampliada
2019-08-01,09006,Iztacalco,VOLCADURA,2,6,0,ampliada
2019-08-01,09007,Iztapalapa,ATROPELLADO,51,53,0,ampliada
2019-08-01,09007,Iztapalapa,CAIDA DE CICLISTA,1,1,0,ampliada
2019-08-01,09007,Iztapalapa,CAIDA DE PASAJERO,6,6,0,ampliada
2019-08-01,09007,Iztapalapa,CHOQUE,107,140,3,ampliada
2019-08-01,09007,Iztapalapa,DERRAPADO,41,43,2,ampliada
2019-08-01,09007,Iztapalapa,VOLCADURA,6,6,0,ampliada
2019-08-01,09008,La Magdalena Contreras,ATROPELLADO,5,5,0,ampliada
2019-08-01,09008,La Magdalena Contreras,CAIDA DE CICLISTA,0,0,0,ampliada
2019-08-01,09008,La Magdalena Contreras,CAIDA DE PASAJERO,0,0,0,ampliada
2019-08-01,09008,La Magdalena Contreras,CHOQUE,5,8,0,ampliada
2019-08-01,09008,La Magdalena Contreras,DERRAPADO,2,2,0,ampliada
2019-08-01,09008,La Magdalena Contreras,VOLCADURA,0,0,0,ampliada
2019-08-01,09009,Milpa Alta,ATROPELLADO,3,3,0,ampliada
2019-08-01,09009,Milpa Alta,CAIDA DE CICLISTA,0,0,0,ampliada
2019-08-01,09009,Milpa Alta,CAIDA DE PASAJERO,0,0,0,ampliada
2019-08-01,09009,Milpa Alta,CHOQUE,4,5,0,ampliada
2019-08-01,09009,Milpa Alta,DERRAPADO,6,6,0,ampliada
2019-08-01,09009,Milpa Alta,VOLCADURA,2,5,1,ampliada
2019-08-01,09010,Álvaro Obregón,ATROPELLADO,28,29,2,ampliada
2019-08-01,09010,Álvaro Obregón,CAIDA DE CICLISTA,1,1,0,ampliada
2019-08-01,09010,Álvaro Obregón,CAIDA DE PASAJERO,5,12,0,ampliada
2019-08-01,09010,Álvaro Obregón,CHOQUE,34,42,0,ampliada
2019-08-01,09010,Álvaro Obregón,DERRAPADO,19,20,1,ampliada
2019-08-01,09010,Álvaro Obregón,VOLCADURA,3,3,0,ampliada
2019-08-01,09011,Tláhuac,ATROPELLADO,8,10,1,ampliada
2019-08-01,09011,Tláhuac,CAIDA DE CICLISTA,1,1,0,ampliada
2019-08-01,09011,Tláhuac,CAIDA DE PASAJERO,1,1,0,ampliada
2019-08-01,09011,Tláhuac,CHOQUE,23,29,1,ampliada
2019-08-01,09011,Tláhuac,DERRAPADO,10,14,0,ampliada
2019-08-01,09011,Tláhuac,VOLCADURA,0,0,0,ampliada
2019-08-01,09012,Tlalpan,ATROPELLADO,20,21,1,ampliada
2019-08-01,09012,Tlalpan,CAIDA DE CICLISTA,0,0,0,ampliada
2019-08-01,09012,Tlalpan,CAIDA DE PASAJERO,1,1,0,ampliada
2019-08-01,09012,Tlalpan,CHOQUE,38,57,3,ampliada
2019-08-01,09012,Tlalpan,DERRAPADO,15,16,0,ampliada
2019-08-01,09012,Tlalpan,VOLCADURA,5,5,0,ampliada
2019-08-01,09013,Xochimilco,ATROPELLADO,23,24,0,ampliada
2019-08-01,09013,Xochimilco,CAIDA DE CICLISTA,2,2,0,ampliada
2019-08-01,09013,Xochimilco,CAIDA DE PASAJERO,1,1,0,ampliada
2019-08-01,09013,Xochimilco,CHOQUE,14,24,2,ampliada
2019-08-01,09013,Xochimilco,DERRAPADO,8,8,0,ampliada
2019-08-01,09013,Xochimilco,VOLCADURA,2,3,0,ampliada
2019-08-01,09014,Benito Juárez,ATROPELLADO,26,26,0,ampliada
2019-08-01,09014,Benito Juárez,CAIDA DE CICLISTA,0,0,0,ampliada
2019-08-01,09014,Benito Juárez,CAIDA DE PASAJERO,1,1,0,ampliada
2019-08-01,09014,Benito Juárez,CHOQUE,69,85,0,ampliada
2019-08-01,09014,Benito Juárez,DERRAPADO,23,26,0,ampliada
2019-08-01,09014,Benito Juárez,VOLCADURA,1,1,0,ampliada
2019-08-01,09015,Cuauhtémoc,ATROPELLADO,75,75,2,ampliada
2019-08-01,09015,Cuauhtémoc,CAIDA DE CICLISTA,4,6,0,ampliada
2019-08-01,09015,Cuauhtémoc,CAIDA DE PASAJERO,1,2,0,ampliada
2019-08-01,09015,Cuauhtémoc,CHOQUE,95,122,0,ampliada
2019-08-01,09015,Cuauhtémoc,DERRAPADO,39,43,0,ampliada
2019-08-01,09015,Cuauhtémoc,VOLCADURA,2,3,0,ampliada
2019-08-01,09016,Miguel Hidalgo,ATROPELLADO,28,25,3,ampliada
2019-08-01,09016,Miguel Hidalgo,CAIDA DE CICLISTA,0,0,0,ampliada
2019-08-01,09016,Miguel Hidalgo,CAIDA DE PASAJERO,0,0,0,ampliada
2019-08-01,09016,Miguel Hidalgo,CHOQUE,60,74,0,ampliada
2019-08-01,09016,Miguel Hidalgo,DERRAPADO,29,30,0,ampliada
2019-08-01,09016,Miguel Hidalgo,VOLCADURA,5,5,0,ampliada
2019-08-01,09017,Venustiano Carranza,ATROPELLADO,25,24,2,ampliada
2019-08-01,09017,Venustiano Carranza,CAIDA DE CICLISTA,0,0,0,ampliada
2019-08-01,09017,Venustiano Carranza,CAIDA DE PASAJERO,0,0,0,ampliada
2019-08-01,09017,Venustiano Carranza,CHOQUE,52,74,1,ampliada
2019-08-01,09017,Venustiano Carranza,DERRAPADO,14,16,0,ampliada
2019-08-01,09017,Venustiano Carranza,VOLCADURA,2,2,0,ampliada
2019-09-01,09002,Azcapotzalco,ATROPELLADO,23,22,1,ampliada
2019-09-01,09002,Azcapotzalco,CAIDA DE CICLISTA,1,1,0,ampliada
2019-09-01,09002,Azcapotzalco,CAIDA DE PASAJERO,0,0,0,ampliada
2019-09-01,09002,Azcapotzalco,CHOQUE,35,39,1,ampliada
2019-09-01,09002,Azcapotzalco,DERRAPADO,15,16,0,ampliada
2019-09-01,09002,Azcapotzalco,VOLCADURA,1,1,0,ampliada
2019-09-01,09003,Coyoacán,ATROPELLADO,30,29,3,ampliada
2019-09-01,09003,Coyoacán,CAIDA DE CICLISTA,2,2,0,ampliada
2019-09-01,09003,Coyoacán,CAIDA DE PASAJERO,4,4,0,ampliada
2019-09-01,09003,Coyoacán,CHOQUE,44,51,1,ampliada
2019-09-01,09003,Coyoacán,DERRAPADO,16,17,0,ampliada
2019-09-01,09003,Coyoacán,VOLCADURA,2,2,0,ampliada
2019-09-01,09004,Cuajimalpa de Morelos,ATROPELLADO,8,7,1,ampliada
2019-09-01,09004,Cuajimalpa de Morelos,CAIDA DE CICLISTA,0,0,0,ampliada
2019-09-01,09004,Cuajimalpa de Morelos,CAIDA DE PASAJERO,0,0,0,ampliada
2019-09-01,09004,Cuajimalpa de Morelos,CHOQUE,6,6,0,ampliada
2019-09-01,09004,Cuajimalpa de Morelos,DERRAPADO,6,6,0,ampliada
2019-09-01,09004,Cuajimalpa de Morelos,VOLCADURA,0,0,0,ampliada
2019-09-01,09005,Gustavo A. Madero,ATROPELLADO,34,34,1,ampliada
2019-09-01,09005,Gustavo A. Madero,CAIDA DE CICLISTA,2,2,0,ampliada
2019-09-01,09005,Gustavo A. Madero,CAIDA DE PASAJERO,3,3,0,ampliada
2019-09-01,09005,Gustavo A. Madero,CHOQUE,64,98,2,ampliada
2019-09-01,09005,Gustavo A. Madero,DERRAPADO,24,26,0,ampliada
2019-09-01,09005,Gustavo A. Madero,VOLCADURA,0,0,0,ampliada
2019-09-01,09006,Iztacalco,ATROPELLADO,21,25,0,ampliada
2019-09-01,09006,Iztacalco,CAIDA DE CICLISTA,2,2,0,ampliada
2019-09-01,09006,Iztacalco,CAIDA DE PASAJERO,0,0,0,ampliada
2019-09-01,09006,Iztacalco,CHOQUE,17,21,0,ampliada
2019-09-01,09006,Iztacalco,DERRAPADO,10,10,0,ampliada
2019-09-01,09006,Iztacalco,VOLCADURA,0,0,0,ampliada
2019-09-01,09007,Iztapalapa,ATROPELLADO,65,69,2,ampliada
2019-09-01,09007,Iztapalapa,CAIDA DE CICLISTA,0,0,0,ampliada
2019-09-01,09007,Iztapalapa,CAIDA DE PASAJERO,7,7,0,ampliada
2019-09-01,09007,Iztapalapa,CHOQUE,81,97,0,ampliada
2019-09-01,09007,Iztapalapa,DERRAPADO,46,48,2,ampliada
2019-09-01,09007,Iztapalapa,VOLCADURA,4,4,0,ampliada
2019-09-01,09008,La Magdalena Contreras,ATROPELLADO,7,7,0,ampliada
2019-09-01,09008,La Magdalena Contreras,CAIDA DE CICLISTA,0,0,0,ampliada
2019-09-01,09008,La Magdalena Contreras,CAIDA DE PASAJERO,1,1,0,ampliada
2019-09-01,09008,La Magdalena Contreras,CHOQUE,9,11,0,ampliada
2019-09-01,09008,La Magdalena Contreras,DERRAPADO,2,2,0,ampliada
2019-09-01,09008,La Magdalena Contreras,VOLCADURA,1,1,0,ampliada
2019-09-01,09009,Milpa Alta,ATROPELLADO,6,9,0,ampliada
2019-09-01,09009,Milpa Alta,CAIDA DE CICLISTA,0,0,0,ampliada
2019-09-01,09009,Milpa Alta,CAIDA DE PASAJERO,1,1,0,ampliada
2019-09-01,09009,Milpa Alta,CHOQUE,8,13,1,ampliada
2019-09-01,09009,Milpa Alta,DERRAPADO,4,4,0,ampliada
2019-09-01,09009,Milpa Alta,VOLCADURA,0,0,0,ampliada
2019-09-01,09010,Álvaro Obregón,ATROPELLADO,34,35,3,ampliada
2019-09-01,09010,Álvaro Obregón,CAIDA DE CICLISTA,0,0,0,ampliada
2019-09-01,09010,Álvaro Obregón,CAIDA DE PASAJERO,2,2,0,ampliada
2019-09-01,09010,Álvaro Obregón,CHOQUE,43,51,2,ampliada
2019-09-01,09010,Álvaro Obregón,DERRAPADO,28,28,1,ampliada
2019-09-01,09010,Álvaro Obregón,VOLCADURA,3,2,1,ampliada
2019-09-01,09011,Tláhuac,ATROPELLADO,12,12,0,ampliada
2019-09-01,09011,Tláhuac,CAIDA DE CICLISTA,0,0,0,ampliada
2019-09-01,09011,Tláhuac,CAIDA DE PASAJERO,3,3,0,ampliada
2019-09-01,09011,Tláhuac,CHOQUE,31,48,0,ampliada
2019-09-01,09011,Tláhuac,DERRAPADO,8,9,0,ampliada
2019-09-01,09011,Tláhuac,VOLCADURA,2,1,1,ampliada
2019-09-01,09012,Tlalpan,ATROPELLADO,15,18,0,ampliada
2019-09-01,09012,Tlalpan,CAIDA DE CICLISTA,4,4,0,ampliada
2019-09-01,09012,Tlalpan,CAIDA DE PASAJERO,1,1,0,ampliada
2019-09-01,09012,Tlalpan,CHOQUE,37,43,2,ampliada
2019-09-01,09012,Tlalpan,DERRAPADO,15,17,0,ampliada
2019-09-01,09012,Tlalpan,VOLCADURA,1,1,0,ampliada
2019-09-01,09013,Xochimilco,ATROPELLADO,14,18,0,ampliada
2019-09-01,09013,Xochimilco,CAIDA DE CICLISTA,0,0,0,ampliada
2019-09-01,09013,Xochimilco,CAIDA DE PASAJERO,1,1,0,ampliada
2019-09-01,09013,Xochimilco,CHOQUE,19,30,1,ampliada
2019-09-01,09013,Xochimilco,DERRAPADO,13,14,0,ampliada
2019-09-01,09013,Xochimilco,VOLCADURA,0,0,0,ampliada
2019-09-01,09014,Benito Juárez,ATROPELLADO,18,18,1,ampliada
2019-09-01,09014,Benito Juárez,CAIDA DE CICLISTA,3,4,0,ampliada
2019-09-01,09014,Benito Juárez,CAIDA DE PASAJERO,1,1,0,ampliada
2019-09-01,09014,Benito Juárez,CHOQUE,78,96,4,ampliada
2019-09-01,09014,Benito Juárez,DERRAPADO,28,28,0,ampliada
2019-09-01,09014,Benito Juárez,VOLCADURA,3,3,0,ampliada
2019-09-01,09015,Cuauhtémoc,ATROPELLADO,75,73,2,ampliada
2019-09-01,09015,Cuauhtémoc,CAIDA DE CICLISTA,0,0,0,ampliada
2019-09-01,09015,Cuauhtémoc,CAIDA DE PASAJERO,3,5,0,ampliada
2019-09-01,09015,Cuauhtémoc,CHOQUE,84,120,0,ampliada
2019-09-01,09015,Cuauhtémoc,DERRAPADO,56,62,0,ampliada
2019-09-01,09015,Cuauhtémoc,VOLCADURA,0,0,0,ampliada
2019-09-01,09016,Miguel Hidalgo,ATROPELLADO,37,38,3,ampliada
2019-09-01,09016,Miguel Hidalgo,CAIDA DE CICLISTA,1,1,0,ampliada
2019-09-01,09016,Miguel Hidalgo,CAIDA DE PASAJERO,2,2,0,ampliada
2019-09-01,09016,Miguel Hidalgo,CHOQUE,53,66,1,ampliada
2019-09-01,09016,Miguel Hidalgo,DERRAPADO,26,27,0,ampliada
2019-09-01,09016,Miguel Hidalgo,VOLCADURA,4,5,0,ampliada
2019-09-01,09017,Venustiano Carranza,ATROPELLADO,35,40,0,ampliada
2019-09-01,09017,Venustiano Carranza,CAIDA DE CICLISTA,0,0,0,ampliada
2019-09-01,09017,Venustiano Carranza,CAIDA DE PASAJERO,1,1,0,ampliada
2019-09-01,09017,Venustiano Carranza,CHOQUE,49,63,0,ampliada
2019-09-01,09017,Venustiano Carranza,DERRAPADO,30,30,0,ampliada
2019-09-01,09017,Venustiano Carranza,VOLCADURA,2,3,0,ampliada
2019-10-01,09002,Azcapotzalco,ATROPELLADO,27,28,0,ampliada
2019-10-01,09002,Azcapotzalco,CAIDA DE CICLISTA,0,0,0,ampliada
2019-10-01,09002,Azcapotzalco,CAIDA DE PASAJERO,1,1,0,ampliada
2019-10-01,09002,Azcapotzalco,CHOQUE,34,39,1,ampliada
2019-10-01,09002,Azcapotzalco,DERRAPADO,10,10,0,ampliada
2019-10-01,09002,Azcapotzalco,VOLCADURA,0,0,0,ampliada
2019-10-01,09003,Coyoacán,ATROPELLADO,19,20,0,ampliada
2019-10-01,09003,Coyoacán,CAIDA DE CICLISTA,0,0,0,ampliada
2019-10-01,09003,Coyoacán,CAIDA DE PASAJERO,2,3,0,ampliada
2019-10-01,09003,Coyoacán,CHOQUE,57,75,1,ampliada
2019-10-01,09003,Coyoacán,DERRAPADO,15,14,1,ampliada
2019-10-01,09003,Coyoacán,VOLCADURA,2,2,0,ampliada
2019-10-01,09004,Cuajimalpa de Morelos,ATROPELLADO,7,7,0,ampliada
2019-10-01,09004,Cuajimalpa de Morelos,CAIDA DE CICLISTA,0,0,0,ampliada
2019-10-01,09004,Cuajimalpa de Morelos,CAIDA DE PASAJERO,0,0,0,ampliada
2019-10-01,09004,Cuajimalpa de Morelos,CHOQUE,9,11,1,ampliada
2019-10-01,09004,Cuajimalpa de Morelos,DERRAPADO,3,3,0,ampliada
2019-10-01,09004,Cuajimalpa de Morelos,VOLCADURA,1,3,0,ampliada
2019-10-01,09005,Gustavo A. Madero,ATROPELLADO,61,64,2,ampliada
2019-10-01,09005,Gustavo A. Madero,CAIDA DE CICLISTA,1,1,0,ampliada
2019-10-01,09005,Gustavo A. Madero,CAIDA DE PASAJERO,2,2,0,ampliada
2019-10-01,09005,Gustavo A. Madero,CHOQUE,61,76,2,ampliada
2019-10-01,09005,Gustavo A. Madero,DERRAPADO,39,42,0,ampliada
2019-10-01,09005,Gustavo A. Madero,VOLCADURA,5,5,0,ampliada
2019-10-01,09006,Iztacalco,ATROPELLADO,13,13,1,ampliada
2019-10-01,09006,Iztacalco,CAIDA DE CICLISTA,0,0,0,ampliada
2019-10-01,09006,Iztacalco,CAIDA DE PASAJERO,0,0,0,ampliada
2019-10-01,09006,Iztacalco,CHOQUE,25,29,0,ampliada
2019-10-01,09006,Iztacalco,DERRAPADO,13,13,0,ampliada
2019-10-01,09006,Iztacalco,VOLCADURA,1,1,0,ampliada
2019-10-01,09007,Iztapalapa,ATROPELLADO,101,111,1,ampliada
2019-10-01,09007,Iztapalapa,CAIDA DE CICLISTA,1,1,0,ampliada
2019-10-01,09007,Iztapalapa,CAIDA DE PASAJERO,4,4,0,ampliada
2019-10-01,09007,Iztapalapa,CHOQUE,86,107,1,ampliada
2019-10-01,09007,Iztapalapa,DERRAPADO,43,45,1,ampliada
2019-10-01,09007,Iztapalapa,VOLCADURA,3,4,0,ampliada
2019-10-01,09008,La Magdalena Contreras,ATROPELLADO,10,13,0,ampliada
2019-10-01,09008,La Magdalena Contreras,CAIDA DE CICLISTA,0,0,0,ampliada
2019-10-01,09008,La Magdalena Contreras,CAIDA DE PASAJERO,2,2,0,ampliada
2019-10-01,09008,La Magdalena Contreras,CHOQUE,9,11,1,ampliada
2019-10-01,09008,La Magdalena Contreras,DERRAPADO,3,3,1,ampliada
2019-10-01,09008,La Magdalena Contreras,VOLCADURA,1,1,0,ampliada
2019-10-01,09009,Milpa Alta,ATROPELLADO,5,3,2,ampliada
2019-10-01,09009,Milpa Alta,CAIDA DE CICLISTA,0,0,0,ampliada
2019-10-01,09009,Milpa Alta,CAIDA DE PASAJERO,0,0,0,ampliada
2019-10-01,09009,Milpa Alta,CHOQUE,5,8,1,ampliada
2019-10-01,09009,Milpa Alta,DERRAPADO,6,7,0,ampliada
2019-10-01,09009,Milpa Alta,VOLCADURA,1,0,1,ampliada
2019-10-01,09010,Álvaro Obregón,ATROPELLADO,24,26,0,ampliada
2019-10-01,09010,Álvaro Obregón,CAIDA DE CICLISTA,0,0,0,ampliada
2019-10-01,09010,Álvaro Obregón,CAIDA DE PASAJERO,2,5,1,ampliada
2019-10-01,09010,Álvaro Obregón,CHOQUE,52,72,1,ampliada
2019-10-01,09010,Álvaro Obregón,DERRAPADO,20,20,0,ampliada
2019-10-01,09010,Álvaro Obregón,VOLCADURA,3,3,0,ampliada
2019-10-01,09011,Tláhuac,ATROPELLADO,13,15,0,ampliada
2019-10-01,09011,Tláhuac,CAIDA DE CICLISTA,0,0,0,ampliada
2019-10-01,09011,Tláhuac,CAIDA DE PASAJERO,1,1,0,ampliada
2019-10-01,09011,Tláhuac,CHOQUE,27,30,0,ampliada
2019-10-01,09011,Tláhuac,DERRAPADO,10,11,0,ampliada
2019-10-01,09011,Tláhuac,VOLCADURA,3,6,0,ampliada
2019-10-01,09012,Tlalpan,ATROPELLADO,27,28,1,ampliada
2019-10-01,09012,Tlalpan,CAIDA DE CICLISTA,0,0,0,ampliada
2019-10-01,09012,Tlalpan,CAIDA DE PASAJERO,3,7,0,ampliada
2019-10-01,09012,Tlalpan,CHOQUE,23,28,0,ampliada
2019-10-01,09012,Tlalpan,DERRAPADO,12,14,0,ampliada
2019-10-01,09012,Tlalpan,VOLCADURA,0,0,0,ampliada
2019-10-01,09013,Xochimilco,ATROPELLADO,12,13,0,ampliada
2019-10-01,09013,Xochimilco,CAIDA DE CICLISTA,0,0,0,ampliada
2019-10-01,09013,Xochimilco,CAIDA DE PASAJERO,1,1,0,ampliada
2019-10-01,09013,Xochimilco,CHOQUE,22,28,1,ampliada
2019-10-01,09013,Xochimilco,DERRAPADO,5,5,0,ampliada
2019-10-01,09013,Xochimilco,VOLCADURA,2,2,0,ampliada
2019-10-01,09014,Benito Juárez,ATROPELLADO,26,25,1,ampliada
2019-10-01,09014,Benito Juárez,CAIDA DE CICLISTA,1,1,0,ampliada
2019-10-01,09014,Benito Juárez,CAIDA DE PASAJERO,0,0,0,ampliada
2019-10-01,09014,Benito Juárez,CHOQUE,77,89,0,ampliada
2019-10-01,09014,Benito Juárez,DERRAPADO,22,25,0,ampliada
2019-10-01,09014,Benito Juárez,VOLCADURA,1,1,0,ampliada
2019-10-01,09015,Cuauhtémoc,ATROPELLADO,95,100,3,ampliada
2019-10-01,09015,Cuauhtémoc,CAIDA DE CICLISTA,2,2,0,ampliada
2019-10-01,09015,Cuauhtémoc,CAIDA DE PASAJERO,0,0,0,ampliada
2019-10-01,09015,Cuauhtémoc,CHOQUE,93,123,0,ampliada
2019-10-01,09015,Cuauhtémoc,DERRAPADO,40,41,0,ampliada
2019-10-01,09015,Cuauhtémoc,VOLCADURA,2,2,0,ampliada
2019-10-01,09016,Miguel Hidalgo,ATROPELLADO,35,39,1,ampliada
2019-10-01,09016,Miguel Hidalgo,CAIDA DE CICLISTA,0,0,0,ampliada
2019-10-01,09016,Miguel Hidalgo,CAIDA DE PASAJERO,2,2,0,ampliada
2019-10-01,09016,Miguel Hidalgo,CHOQUE,48,63,1,ampliada
2019-10-01,09016,Miguel Hidalgo,DERRAPADO,25,29,0,ampliada
2019-10-01,09016,Miguel Hidalgo,VOLCADURA,0,0,0,ampliada
2019-10-01,09017,Venustiano Carranza,ATROPELLADO,39,41,2,ampliada
2019-10-01,09017,Venustiano Carranza,CAIDA DE CICLISTA,0,0,0,ampliada
2019-10-01,09017,Venustiano Carranza,CAIDA DE PASAJERO,2,3,0,ampliada
2019-10-01,09017,Venustiano Carranza,CHOQUE,50,61,0,ampliada
2019-10-01,09017,Venustiano Carranza,DERRAPADO,21,26,0,ampliada
2019-10-01,09017,Venustiano Carranza,VOLCADURA,1,1,0,ampliada
2019-11-01,09002,Azcapotzalco,ATROPELLADO,27,27,1,ampliada
2019-11-01,09002,Azcapotzalco,CAIDA DE CICLISTA,1,1,0,ampliada
2019-11-01,09002,Azcapotzalco,CAIDA DE PASAJERO,0,0,0,ampliada
2019-11-01,09002,Azcapotzalco,CHOQUE,37,43,3,ampliada
2019-11-01,09002,Azcapotzalco,DERRAPADO,11,15,0,ampliada
2019-11-01,09002,Azcapotzalco,VOLCADURA,1,2,0,ampliada
2019-11-01,09003,Coyoacán,ATROPELLADO,25,23,2,ampliada
2019-11-01,09003,Coyoacán,CAIDA DE CICLISTA,2,2,0,ampliada
2019-11-01,09003,Coyoacán,CAIDA DE PASAJERO,5,9,0,ampliada
2019-11-01,09003,Coyoacán,CHOQUE,50,57,0,ampliada
2019-11-01,09003,Coyoacán,DERRAPADO,22,23,1,ampliada
2019-11-01,09003,Coyoacán,VOLCADURA,1,1,0,ampliada
2019-11-01,09004,Cuajimalpa de Morelos,ATROPELLADO,9,11,0,ampliada
2019-11-01,09004,Cuajimalpa de Morelos,CAIDA DE CICLISTA,0,0,0,ampliada
2019-11-01,09004,Cuajimalpa de Morelos,CAIDA DE PASAJERO,0,0,0,ampliada
2019-11-01,09004,Cuajimalpa de Morelos,CHOQUE,10,12,2,ampliada
2019-11-01,09004,Cuajimalpa de Morelos,DERRAPADO,3,3,0,ampliada
2019-11-01,09004,Cuajimalpa de Morelos,VOLCADURA,2,4,0,ampliada
2019-11-01,09005,Gustavo A. Madero,ATROPELLADO,45,42,3,ampliada
2019-11-01,09005,Gustavo A. Madero,CAIDA DE CICLISTA,3,3,0,ampliada
2019-11-01,09005,Gustavo A. Madero,CAIDA DE PASAJERO,2,2,0,ampliada
2019-11-01,09005,Gustavo A. Madero,CHOQUE,67,90,0,ampliada
2019-11-01,09005,Gustavo A. Madero,DERRAPADO,36,40,1,ampliada
2019-11-01,09005,Gustavo A. Madero,VOLCADURA,7,15,0,ampliada
2019-11-01,09006,Iztacalco,ATROPELLADO,14,16,0,ampliada
2019-11-01,09006,Iztacalco,CAIDA DE CICLISTA,1,1,0,ampliada
2019-11-01,09006,Iztacalco,CAIDA DE PASAJERO,0,0,0,ampliada
2019-11-01,09006,Iztacalco,CHOQUE,29,47,1,ampliada
2019-11-01,09006,Iztacalco,DERRAPADO,8,10,0,ampliada
2019-11-01,09006,Iztacalco,VOLCADURA,2,4,0,ampliada
2019-11-01,09007,Iztapalapa,ATROPELLADO,78,85,3,ampliada
2019-11-01,09007,Iztapalapa,CAIDA DE CICLISTA,1,1,0,ampliada
2019-11-01,09007,Iztapalapa,CAIDA DE PASAJERO,5,5,0,ampliada
2019-11-01,09007,Iztapalapa,CHOQUE,74,94,3,ampliada
2019-11-01,09007,Iztapalapa,DERRAPADO,54,55,0,ampliada
2019-11-01,09007,Iztapalapa,VOLCADURA,4,4,0,ampliada
2019-11-01,09008,La Magdalena Contreras,ATROPELLADO,14,14,0,ampliada
2019-11-01,09008,La Magdalena Contreras,CAIDA DE CICLISTA,1,1,0,ampliada
2019-11-01,09008,La Magdalena Contreras,CAIDA DE PASAJERO,0,0,0,ampliada
2019-11-01,09008,La Magdalena Contreras,CHOQUE,6,8,0,ampliada
2019-11-01,09008,La Magdalena Contreras,DERRAPADO,9,13,0,ampliada
2019-11-01,09008,La Magdalena Contreras,VOLCADURA,0,0,0,ampliada
2019-11-01,09009,Milpa Alta,ATROPELLADO,6,6,1,ampliada
2019-11-01,09009,Milpa Alta,CAIDA DE CICLISTA,1,1,0,ampliada
2019-11-01,09009,Milpa Alta,CAIDA DE PASAJERO,0,0,0,ampliada
2019-11-01,09009,Milpa Alta,CHOQUE,7,11,0,ampliada
2019-11-01,09009,Milpa Alta,DERRAPADO,3,3,0,ampliada
2019-11-01,09009,Milpa Alta,VOLCADURA,0,0,0,ampliada
2019-11-01,09010,Álvaro Obregón,ATROPELLADO,33,29,5,ampliada
2019-11-01,09010,Álvaro Obregón,CAIDA DE CICLISTA,0,0,0,ampliada
2019-11-01,09010,Álvaro Obregón,CAIDA DE PASAJERO,1,1,0,ampliada
2019-11-01,09010,Álvaro Obregón,CHOQUE,39,54,1,ampliada
2019-11-01,09010,Álvaro Obregón,DERRAPADO,31,32,0,ampliada
2019-11-01,09010,Álvaro Obregón,VOLCADURA,0,0,0,ampliada
2019-11-01,09011,Tláhuac,ATROPELLADO,17,17,0,ampliada
2019-11-01,09011,Tláhuac,CAIDA DE CICLISTA,0,0,0,ampliada
2019-11-01,09011,Tláhuac,CAIDA DE PASAJERO,0,0,0,ampliada
2019-11-01,09011,Tláhuac,CHOQUE,25,38,0,ampliada
2019-11-01,09011,Tláhuac,DERRAPADO,13,14,0,ampliada
2019-11-01,09011,Tláhuac,VOLCADURA,1,2,0,ampliada
2019-11-01,09012,Tlalpan,ATROPELLADO,26,29,2,ampliada
2019-11-01,09012,Tlalpan,CAIDA DE CICLISTA,2,2,0,ampliada
2019-11-01,09012,Tlalpan,CAIDA DE PASAJERO,0,0,0,ampliada
2019-11-01,09012,Tlalpan,CHOQUE,39,59,2,ampliada
2019-11-01,09012,Tlalpan,DERRAPADO,25,27,0,ampliada
2019-11-01,09012,Tlalpan,VOLCADURA,2,2,0,ampliada
2019-11-01,09013,Xochimilco,ATROPELLADO,16,16,2,ampliada
2019-11-01,09013,Xochimilco,CAIDA DE CICLISTA,1,1,0,ampliada
2019-11-01,09013,Xochimilco,CAIDA DE PASAJERO,1,1,0,ampliada
2019-11-01,09013,Xochimilco,CHOQUE,20,28,0,ampliada
2019-11-01,09013,Xochimilco,DERRAPADO,13,14,0,ampliada
2019-11-01,09013,Xochimilco,VOLCADURA,0,0,0,ampliada
2019-11-01,09014,Benito Juárez,ATROPELLADO,33,34,1,ampliada
2019-11-01,09014,Benito Juárez,CAIDA DE CICLISTA,0,0,0,ampliada
2019-11-01,09014,Benito Juárez,CAIDA DE PASAJERO,1,1,0,ampliada
2019-11-01,09014,Benito Juárez,CHOQUE,71,90,0,ampliada
2019-11-01,09014,Benito Juárez,DERRAPADO,19,21,0,ampliada
2019-11-01,09014,Benito Juárez,VOLCADURA,2,5,0,ampliada
2019-11-01,09015,Cuauhtémoc,ATROPELLADO,79,80,0,ampliada
2019-11-01,09015,Cuauhtémoc,CAIDA DE CICLISTA,3,3,0,ampliada
2019-11-01,09015,Cuauhtémoc,CAIDA DE PASAJERO,4,6,0,ampliada
2019-11-01,09015,Cuauhtémoc,CHOQUE,78,89,0,ampliada
2019-11-01,09015,Cuauhtémoc,DERRAPADO,23,24,0,ampliada
2019-11-01,09015,Cuauhtémoc,VOLCADURA,4,5,0,ampliada
2019-11-01,09016,Miguel Hidalgo,ATROPELLADO,51,52,0,ampliada
2019-11-01,09016,Miguel Hidalgo,CAIDA DE CICLISTA,1,1,0,ampliada
2019-11-01,09016,Miguel Hidalgo,CAIDA DE PASAJERO,1,1,0,ampliada
2019-11-01,09016,Miguel Hidalgo,CHOQUE,47,55,1,ampliada
2019-11-01,09016,Miguel Hidalgo,DERRAPADO,21,21,1,ampliada
2019-11-01,09016,Miguel Hidalgo,VOLCADURA,2,3,0,ampliada
2019-11-01,09017,Venustiano Carranza,ATROPELLADO,33,34,1,ampliada
2019-11-01,09017,Venustiano Carranza,CAIDA DE CICLISTA,1,1,0,ampliada
2019-11-01,09017,Venustiano Carranza,CAIDA DE PASAJERO,0,0,0,ampliada
2019-11-01,09017,Venustiano Carranza,CHOQUE,61,64,1,ampliada
2019-11-01,09017,Venustiano Carranza,DERRAPADO,29,31,0,ampliada
2019-11-01,09017,Venustiano Carranza,VOLCADURA,1,3,0,ampliada
2019-12-01,09002,Azcapotzalco,ATROPELLADO,26,26,0,ampliada
2019-12-01,09002,Azcapotzalco,CAIDA DE CICLISTA,0,0,0,ampliada
2019-12-01,09002,Azcapotzalco,CAIDA DE PASAJERO,0,0,0,ampliada
2019-12-01,09002,Azcapotzalco,CHOQUE,33,37,1,ampliada
2019-12-01,09002,Azcapotzalco,DERRAPADO,25,25,2,ampliada
2019-12-01,09002,Azcapotzalco,VOLCADURA,2,2,0,ampliada
2019-12-01,09003,Coyoacán,ATROPELLADO,32,33,1,ampliada
2019-12-01,09003,Coyoacán,CAIDA DE CICLISTA,0,0,0,ampliada
2019-12-01,09003,Coyoacán,CAIDA DE PASAJERO,4,5,0,ampliada
2019-12-01,09003,Coyoacán,CHOQUE,56,68,2,ampliada
2019-12-01,09003,Coyoacán,DERRAPADO,33,33,0,ampliada
2019-12-01,09003,Coyoacán,VOLCADURA,3,3,0,ampliada
2019-12-01,09004,Cuajimalpa de Morelos,ATROPELLADO,5,6,0,ampliada
2019-12-01,09004,Cuajimalpa de Morelos,CAIDA DE CICLISTA,1,1,0,ampliada
2019-12-01,09004,Cuajimalpa de Morelos,CAIDA DE PASAJERO,0,0,0,ampliada
2019-12-01,09004,Cuajimalpa de Morelos,CHOQUE,5,6,0,ampliada
2019-12-01,09004,Cuajimalpa de Morelos,DERRAPADO,6,7,0,ampliada
2019-12-01,09004,Cuajimalpa de Morelos,VOLCADURA,2,4,0,ampliada
2019-12-01,09005,Gustavo A. Madero,ATROPELLADO,36,34,4,ampliada
2019-12-01,09005,Gustavo A. Madero,CAIDA DE CICLISTA,0,0,0,ampliada
2019-12-01,09005,Gustavo A. Madero,CAIDA DE PASAJERO,4,5,1,ampliada
2019-12-01,09005,Gustavo A. Madero,CHOQUE,64,80,1,ampliada
2019-12-01,09005,Gustavo A. Madero,DERRAPADO,38,40,1,ampliada
2019-12-01,09005,Gustavo A. Madero,VOLCADURA,3,3,0,ampliada
2019-12-01,09006,Iztacalco,ATROPELLADO,22,24,0,ampliada
2019-12-01,09006,Iztacalco,CAIDA DE CICLISTA,0,0,0,ampliada
2019-12-01,09006,Iztacalco,CAIDA DE PASAJERO,0,0,0,ampliada
2019-12-01,09006,Iztacalco,CHOQUE,38,44,2,ampliada
2019-12-01,09006,Iztacalco,DERRAPADO,17,19,0,ampliada
2019-12-01,09006,Iztacalco,VOLCADURA,1,1,0,ampliada
2019-12-01,09007,Iztapalapa,ATROPELLADO,67,70,1,ampliada
2019-12-01,09007,Iztapalapa,CAIDA DE CICLISTA,0,0,0,ampliada
2019-12-01,09007,Iztapalapa,CAIDA DE PASAJERO,7,7,0,ampliada
2019-12-01,09007,Iztapalapa,CHOQUE,93,116,5,ampliada
2019-12-01,09007,Iztapalapa,DERRAPADO,75,85,2,ampliada
2019-12-01,09007,Iztapalapa,VOLCADURA,5,7,0,ampliada
2019-12-01,09008,La Magdalena Contreras,ATROPELLADO,7,7,0,ampliada
2019-12-01,09008,La Magdalena Contreras,CAIDA DE CICLISTA,0,0,0,ampliada
2019-12-01,09008,La Magdalena Contreras,CAIDA DE PASAJERO,0,0,0,ampliada
2019-12-01,09008,La Magdalena Contreras,CHOQUE,11,14,0,ampliada
2019-12-01,09008,La Magdalena Contreras,DERRAPADO,9,10,0,ampliada
2019-12-01,09008,La Magdalena Contreras,VOLCADURA,1,1,0,ampliada
2019-12-01,09009,Milpa Alta,ATROPELLADO,5,4,1,ampliada
2019-12-01,09009,Milpa Alta,CAIDA DE CICLISTA,0,0,0,ampliada
2019-12-01,09009,Milpa Alta,CAIDA DE PASAJERO,0,0,0,ampliada
2019-12-01,09009,Milpa Alta,CHOQUE,3,5,1,ampliada
2019-12-01,09009,Milpa Alta,DERRAPADO,6,7,0,ampliada
2019-12-01,09009,Milpa Alta,VOLCADURA,0,0,0,ampliada
2019-12-01,09010,Álvaro Obregón,ATROPELLADO,30,29,1,ampliada
2019-12-01,09010,Álvaro Obregón,CAIDA DE CICLISTA,0,0,0,ampliada
2019-12-01,09010,Álvaro Obregón,CAIDA DE PASAJERO,2,3,0,ampliada
2019-12-01,09010,Álvaro Obregón,CHOQUE,45,53,0,ampliada
2019-12-01,09010,Álvaro Obregón,DERRAPADO,37,40,0,ampliada
2019-12-01,09010,Álvaro Obregón,VOLCADURA,4,3,1,ampliada
2019-12-01,09011,Tláhuac,ATROPELLADO,14,13,2,ampliada
2019-12-01,09011,Tláhuac,CAIDA DE CICLISTA,0,0,0,ampliada
2019-12-01,09011,Tláhuac,CAIDA DE PASAJERO,2,2,0,ampliada
2019-12-01,09011,Tláhuac,CHOQUE,28,34,0,ampliada
2019-12-01,09011,Tláhuac,DERRAPADO,13,12,2,ampliada
2019-12-01,09011,Tláhuac,VOLCADURA,2,3,0,ampliada
2019-12-01,09012,Tlalpan,ATROPELLADO,18,17,1,ampliada
2019-12-01,09012,Tlalpan,CAIDA DE CICLISTA,0,0,0,ampliada
2019-12-01,09012,Tlalpan,CAIDA DE PASAJERO,0,0,0,ampliada
2019-12-01,09012,Tlalpan,CHOQUE,34,39,3,ampliada
2019-12-01,09012,Tlalpan,DERRAPADO,18,21,0,ampliada
2019-12-01,09012,Tlalpan,VOLCADURA,5,7,0,ampliada
2019-12-01,09013,Xochimilco,ATROPELLADO,6,5,1,ampliada
2019-12-01,09013,Xochimilco,CAIDA DE CICLISTA,2,2,0,ampliada
2019-12-01,09013,Xochimilco,CAIDA DE PASAJERO,0,0,0,ampliada
2019-12-01,09013,Xochimilco,CHOQUE,22,30,0,ampliada
2019-12-01,09013,Xochimilco,DERRAPADO,26,27,0,ampliada
2019-12-01,09013,Xochimilco,VOLCADURA,2,2,0,ampliada
2019-12-01,09014,Benito Juárez,ATROPELLADO,33,33,0,ampliada
2019-12-01,09014,Benito Juárez,CAIDA DE CICLISTA,2,2,0,ampliada
2019-12-01,09014,Benito Juárez,CAIDA DE PASAJERO,0,0,0,ampliada
2019-12-01,09014,Benito Juárez,CHOQUE,67,75,1,ampliada
2019-12-01,09014,Benito Juárez,DERRAPADO,26,27,0,ampliada
2019-12-01,09014,Benito Juárez,VOLCADURA,2,3,0,ampliada
2019-12-01,09015,Cuauhtémoc,ATROPELLADO,82,83,0,ampliada
2019-12-01,09015,Cuauhtémoc,CAIDA DE CICLISTA,1,1,0,ampliada
2019-12-01,09015,Cuauhtémoc,CAIDA DE PASAJERO,1,1,0,ampliada
2019-12-01,09015,Cuauhtémoc,CHOQUE,95,106,2,ampliada
2019-12-01,09015,Cuauhtémoc,DERRAPADO,53,53,2,ampliada
2019-12-01,09015,Cuauhtémoc,VOLCADURA,6,6,0,ampliada
2019-12-01,09016,Miguel Hidalgo,ATROPELLADO,29,29,0,ampliada
2019-12-01,09016,Miguel Hidalgo,CAIDA DE CICLISTA,0,0,0,ampliada
2019-12-01,09016,Miguel Hidalgo,CAIDA DE PASAJERO,2,3,0,ampliada
2019-12-01,09016,Miguel Hidalgo,CHOQUE,43,63,0,ampliada
2019-12-01,09016,Miguel Hidalgo,DERRAPADO,27,28,0,ampliada
2019-12-01,09016,Miguel Hidalgo,VOLCADURA,0,0,0,ampliada
2019-12-01,09017,Venustiano Carranza,ATROPELLADO,33,35,0,ampliada
2019-12-01,09017,Venustiano Carranza,CAIDA DE CICLISTA,0,0,0,ampliada
2019-12-01,09017,Venustiano Carranza,CAIDA DE PASAJERO,1,1,0,ampliada
2019-12-01,09017,Venustiano Carranza,CHOQUE,56,69,2,ampliada
2019-12-01,09017,Venustiano Carranza,DERRAPADO,33,36,0,ampliada
2019-12-01,09017,Venustiano Carranza,VOLCADURA,4,5,0,ampliada
2020-01-01,09002,Azcapotzalco,ATROPELLADO,18,19,0,ampliada
2020-01-01,09002,Azcapotzalco,CAIDA DE CICLISTA,0,0,0,ampliada
2020-01-01,09002,Azcapotzalco,CAIDA DE PASAJERO,1,1,0,ampliada
2020-01-01,09002,Azcapotzalco,CHOQUE,24,30,0,ampliada
2020-01-01,09002,Azcapotzalco,DERRAPADO,8,10,0,ampliada
2020-01-01,09002,Azcapotzalco,VOLCADURA,1,1,0,ampliada
2020-01-01,09003,Coyoacán,ATROPELLADO,16,17,0,ampliada
2020-01-01,09003,Coyoacán,CAIDA DE CICLISTA,1,1,0,ampliada
2020-01-01,09003,Coyoacán,CAIDA DE PASAJERO,0,0,0,ampliada
2020-01-01,09003,Coyoacán,CHOQUE,42,50,0,ampliada
2020-01-01,09003,Coyoacán,DERRAPADO,13,15,0,ampliada
2020-01-01,09003,Coyoacán,VOLCADURA,2,2,0,ampliada
2020-01-01,09004,Cuajimalpa de Morelos,ATROPELLADO,1,1,0,ampliada
2020-01-01,09004,Cuajimalpa de Morelos,CAIDA DE CICLISTA,0,0,0,ampliada
2020-01-01,09004,Cuajimalpa de Morelos,CAIDA DE PASAJERO,0,0,0,ampliada
2020-01-01,09004,Cuajimalpa de Morelos,CHOQUE,3,3,0,ampliada
2020-01-01,09004,Cuajimalpa de Morelos,DERRAPADO,3,3,0,ampliada
2020-01-01,09004,Cuajimalpa de Morelos,VOLCADURA,0,0,0,ampliada
2020-01-01,09005,Gustavo A. Madero,ATROPELLADO,35,38,2,ampliada
2020-01-01,09005,Gustavo A. Madero,CAIDA DE CICLISTA,3,3,0,ampliada
2020-01-01,09005,Gustavo A. Madero,CAIDA DE PASAJERO,6,6,0,ampliada
2020-01-01,09005,Gustavo A. Madero,CHOQUE,56,69,5,ampliada
2020-01-01,09005,Gustavo A. Madero,DERRAPADO,30,32,1,ampliada
2020-01-01,09005,Gustavo A. Madero,VOLCADURA,1,3,0,ampliada
2020-01-01,09006,Iztacalco,ATROPELLADO,14,13,1,ampliada
2020-01-01,09006,Iztacalco,CAIDA DE CICLISTA,0,0,0,ampliada
2020-01-01,09006,Iztacalco,CAIDA DE PASAJERO,1,1,0,ampliada
2020-01-01,09006,Iztacalco,CHOQUE,25,36,0,ampliada
2020-01-01,09006,Iztacalco,DERRAPADO,8,10,0,ampliada
2020-01-01,09006,Iztacalco,VOLCADURA,0,0,0,ampliada
2020-01-01,09007,Iztapalapa,ATROPELLADO,56,56,4,ampliada
2020-01-01,09007,Iztapalapa,CAIDA DE CICLISTA,1,1,0,ampliada
2020-01-01,09007,Iztapalapa,CAIDA DE PASAJERO,3,3,0,ampliada
2020-01-01,09007,Iztapalapa,CHOQUE,94,107,3,ampliada
2020-01-01,09007,Iztapalapa,DERRAPADO,44,45,1,ampliada
2020-01-01,09007,Iztapalapa,VOLCADURA,1,1,0,ampliada
2020-01-01,09008,La Magdalena Contreras,ATROPELLADO,11,11,0,ampliada
2020-01-01,09008,La Magdalena Contreras,CAIDA DE CICLISTA,0,0,0,ampliada
2020-01-01,09008,La Magdalena Contreras,CAIDA DE PASAJERO,1,1,0,ampliada
2020-01-01,09008,La Magdalena Contreras,CHOQUE,10,16,0,ampliada
2020-01-01,09008,La Magdalena Contreras,DERRAPADO,6,6,0,ampliada
2020-01-01,09008,La Magdalena Contreras,VOLCADURA,0,0,0,ampliada
2020-01-01,09009,Milpa Alta,ATROPELLADO,0,0,0,ampliada
2020-01-01,09009,Milpa Alta,CAIDA DE CICLISTA,0,0,0,ampliada
2020-01-01,09009,Milpa Alta,CAIDA DE PASAJERO,0,0,0,ampliada
2020-01-01,09009,Milpa Alta,CHOQUE,3,2,3,ampliada
2020-01-01,09009,Milpa Alta,DERRAPADO,2,2,0,ampliada
2020-01-01,09009,Milpa Alta,VOLCADURA,1,1,0,ampliada
2020-01-01,09010,Álvaro Obregón,ATROPELLADO,31,30,2,ampliada
2020-01-01,09010,Álvaro Obregón,CAIDA DE CICLISTA,0,0,0,ampliada
2020-01-01,09010,Álvaro Obregón,CAIDA DE PASAJERO,0,0,0,ampliada
2020-01-01,09010,Álvaro Obregón,CHOQUE,30,35,0,ampliada
2020-01-01,09010,Álvaro Obregón,DERRAPADO,27,31,0,ampliada
2020-01-01,09010,Álvaro Obregón,VOLCADURA,2,2,0,ampliada
2020-01-01,09011,Tláhuac,ATROPELLADO,12,13,0,ampliada
2020-01-01,09011,Tláhuac,CAIDA DE CICLISTA,0,0,0,ampliada
2020-01-01,09011,Tláhuac,CAIDA DE PASAJERO,1,2,0,ampliada
2020-01-01,09011,Tláhuac,CHOQUE,29,41,0,ampliada
2020-01-01,09011,Tláhuac,DERRAPADO,10,10,0,ampliada
2020-01-01,09011,Tláhuac,VOLCADURA,0,0,0,ampliada
2020-01-01,09012,Tlalpan,ATROPELLADO,16,16,0,ampliada
2020-01-01,09012,Tlalpan,CAIDA DE CICLISTA,0,0,0,ampliada
2020-01-01,09012,Tlalpan,CAIDA DE PASAJERO,2,1,1,ampliada
2020-01-01,09012,Tlalpan,CHOQUE,35,45,2,ampliada
2020-01-01,09012,Tlalpan,DERRAPADO,25,26,0,ampliada
2020-01-01,09012,Tlalpan,VOLCADURA,3,5,0,ampliada
2020-01-01,09013,Xochimilco,ATROPELLADO,12,12,0,ampliada
2020-01-01,09013,Xochimilco,CAIDA DE CICLISTA,0,0,0,ampliada
2020-01-01,09013,Xochimilco,CAIDA DE PASAJERO,0,0,0,ampliada
2020-01-01,09013,Xochimilco,CHOQUE,21,29,0,ampliada
2020-01-01,09013,Xochimilco,DERRAPADO,17,20,0,ampliada
2020-01-01,09013,Xochimilco,VOLCADURA,0,0,0,ampliada
2020-01-01,09014,Benito Juárez,ATROPELLADO,15,15,0,ampliada
2020-01-01,09014,Benito Juárez,CAIDA DE CICLISTA,1,1,0,ampliada
2020-01-01,09014,Benito Juárez,CAIDA DE PASAJERO,2,2,0,ampliada
2020-01-01,09014,Benito Juárez,CHOQUE,54,70,0,ampliada
2020-01-01,09014,Benito Juárez,DERRAPADO,18,20,0,ampliada
2020-01-01,09014,Benito Juárez,VOLCADURA,1,1,0,ampliada
2020-01-01,09015,Cuauhtémoc,ATROPELLADO,57,59,2,ampliada
2020-01-01,09015,Cuauhtémoc,CAIDA DE CICLISTA,3,3,0,ampliada
2020-01-01,09015,Cuauhtémoc,CAIDA DE PASAJERO,1,2,0,ampliada
2020-01-01,09015,Cuauhtémoc,CHOQUE,90,103,1,ampliada
2020-01-01,09015,Cuauhtémoc,DERRAPADO,50,54,0,ampliada
2020-01-01,09015,Cuauhtémoc,VOLCADURA,6,7,2,ampliada
2020-01-01,09016,Miguel Hidalgo,ATROPELLADO,17,15,2,ampliada
2020-01-01,09016,Miguel Hidalgo,CAIDA DE CICLISTA,1,1,0,ampliada
2020-01-01,09016,Miguel Hidalgo,CAIDA DE PASAJERO,3,4,0,ampliada
2020-01-01,09016,Miguel Hidalgo,CHOQUE,58,64,0,ampliada
2020-01-01,09016,Miguel Hidalgo,DERRAPADO,34,42,0,ampliada
2020-01-01,09016,Miguel Hidalgo,VOLCADURA,3,4,0,ampliada
2020-01-01,09017,Venustiano Carranza,ATROPELLADO,21,23,0,ampliada
2020-01-01,09017,Venustiano Carranza,CAIDA DE CICLISTA,1,1,0,ampliada
2020-01-01,09017,Venustiano Carranza,CAIDA DE PASAJERO,0,0,0,ampliada
2020-01-01,09017,Venustiano Carranza,CHOQUE,61,88,2,ampliada
2020-01-01,09017,Venustiano Carranza,DERRAPADO,26,27,0,ampliada
2020-01-01,09017,Venustiano Carranza,VOLCADURA,4,3,1,ampliada
2020-02-01,09002,Azcapotzalco,ATROPELLADO,18,18,2,ampliada
2020-02-01,09002,Azcapotzalco,CAIDA DE CICLISTA,6,6,0,ampliada
2020-02-01,09002,Azcapotzalco,CAIDA DE PASAJERO,1,1,0,ampliada
2020-02-01,09002,Azcapotzalco,CHOQUE,50,54,2,ampliada
2020-02-01,09002,Azcapotzalco,DERRAPADO,9,12,0,ampliada
2020-02-01,09002,Azcapotzalco,VOLCADURA,2,2,0,ampliada
2020-02-01,09003,Coyoacán,ATROPELLADO,10,12,0,ampliada
2020-02-01,09003,Coyoacán,CAIDA DE CICLISTA,3,3,0,ampliada
2020-02-01,09003,Coyoacán,CAIDA DE PASAJERO,3,3,0,ampliada
2020-02-01,09003,Coyoacán,CHOQUE,78,93,1,ampliada
2020-02-01,09003,Coyoacán,DERRAPADO,19,20,0,ampliada
2020-02-01,09003,Coyoacán,VOLCADURA,0,0,0,ampliada
2020-02-01,09004,Cuajimalpa de Morelos,ATROPELLADO,6,5,1,ampliada
2020-02-01,09004,Cuajimalpa de Morelos,CAIDA DE CICLISTA,0,0,0,ampliada
2020-02-01,09004,Cuajimalpa de Morelos,CAIDA DE PASAJERO,0,0,0,ampliada
2020-02-01,09004,Cuajimalpa de Morelos,CHOQUE,10,15,0,ampliada
2020-02-01,09004,Cuajimalpa de Morelos,DERRAPADO,3,3,0,ampliada
2020-02-01,09004,Cuajimalpa de Morelos,VOLCADURA,1,1,0,ampliada
2020-02-01,09005,Gustavo A. Madero,ATROPELLADO,40,38,3,ampliada
2020-02-01,09005,Gustavo A. Madero,CAIDA DE CICLISTA,8,8,0,ampliada
2020-02-01,09005,Gustavo A. Madero,CAIDA DE PASAJERO,3,3,0,ampliada
2020-02-01,09005,Gustavo A. Madero,CHOQUE,102,130,0,ampliada
2020-02-01,09005,Gustavo A. Madero,DERRAPADO,32,33,1,ampliada
2020-02-01,09005,Gustavo A. Madero,VOLCADURA,2,4,0,ampliada
2020-02-01,09006,Iztacalco,ATROPELLADO,18,19,0,ampliada
2020-02-01,09006,Iztacalco,CAIDA DE CICLISTA,5,6,0,ampliada
2020-02-01,09006,Iztacalco,CAIDA DE PASAJERO,0,0,0,ampliada
2020-02-01,09006,Iztacalco,CHOQUE,38,49,2,ampliada
2020-02-01,09006,Iztacalco,DERRAPADO,9,9,1,ampliada
2020-02-01,09006,Iztacalco,VOLCADURA,0,0,0,ampliada
2020-02-01,09007,Iztapalapa,ATROPELLADO,58,57,3,ampliada
2020-02-01,09007,Iztapalapa,CAIDA DE CICLISTA,6,6,0,ampliada
2020-02-01,09007,Iztapalapa,CAIDA DE PASAJERO,5,5,0,ampliada
2020-02-01,09007,Iztapalapa,CHOQUE,164,202,2,ampliada
2020-02-01,09007,Iztapalapa,DERRAPADO,41,45,0,ampliada
2020-02-01,09007,Iztapalapa,VOLCADURA,2,2,0,ampliada
2020-02-01,09008,La Magdalena Contreras,ATROPELLADO,9,9,0,ampliada
2020-02-01,09008,La Magdalena Contreras,CAIDA DE CICLISTA,0,0,0,ampliada
2020-02-01,09008,La Magdalena Contreras,CAIDA DE PASAJERO,0,0,0,ampliada
2020-02-01,09008,La Magdalena Contreras,CHOQUE,13,16,0,ampliada
2020-02-01,09008,La Magdalena Contreras,DERRAPADO,8,10,0,ampliada
2020-02-01,09008,La Magdalena Contreras,VOLCADURA,1,3,0,ampliada
2020-02-01,09009,Milpa Alta,ATROPELLADO,4,4,1,ampliada
2020-02-01,09009,Milpa Alta,CAIDA DE CICLISTA,0,0,0,ampliada
2020-02-01,09009,Milpa Alta,CAIDA DE PASAJERO,0,0,0,ampliada
2020-02-01,09009,Milpa Alta,CHOQUE,11,14,0,ampliada
2020-02-01,09009,Milpa Alta,DERRAPADO,3,4,0,ampliada
2020-02-01,09009,Milpa Alta,VOLCADURA,0,0,0,ampliada
2020-02-01,09010,Álvaro Obregón,ATROPELLADO,22,24,0,ampliada
2020-02-01,09010,Álvaro Obregón,CAIDA DE CICLISTA,1,2,0,ampliada
2020-02-01,09010,Álvaro Obregón,CAIDA DE PASAJERO,2,4,0,ampliada
2020-02-01,09010,Álvaro Obregón,CHOQUE,48,63,0,ampliada
2020-02-01,09010,Álvaro Obregón,DERRAPADO,14,15,0,ampliada
2020-02-01,09010,Álvaro Obregón,VOLCADURA,2,3,2,ampliada
2020-02-01,09011,Tláhuac,ATROPELLADO,8,8,0,ampliada
2020-02-01,09011,Tláhuac,CAIDA DE CICLISTA,1,1,0,ampliada
2020-02-01,09011,Tláhuac,CAIDA DE PASAJERO,1,1,0,ampliada
2020-02-01,09011,Tláhuac,CHOQUE,34,38,0,ampliada
2020-02-01,09011,Tláhuac,DERRAPADO,9,9,0,ampliada
2020-02-01,09011,Tláhuac,VOLCADURA,0,0,0,ampliada
2020-02-01,09012,Tlalpan,ATROPELLADO,20,22,1,ampliada
2020-02-01,09012,Tlalpan,CAIDA DE CICLISTA,0,0,0,ampliada
2020-02-01,09012,Tlalpan,CAIDA DE PASAJERO,1,1,0,ampliada
2020-02-01,09012,Tlalpan,CHOQUE,42,45,2,ampliada
2020-02-01,09012,Tlalpan,DERRAPADO,13,14,0,ampliada
2020-02-01,09012,Tlalpan,VOLCADURA,1,1,0,ampliada
2020-02-01,09013,Xochimilco,ATROPELLADO,13,14,0,ampliada
2020-02-01,09013,Xochimilco,CAIDA DE CICLISTA,2,2,0,ampliada
2020-02-01,09013,Xochimilco,CAIDA DE PASAJERO,0,0,0,ampliada
2020-02-01,09013,Xochimilco,CHOQUE,27,32,1,ampliada
2020-02-01,09013,Xochimilco,DERRAPADO,10,10,0,ampliada
2020-02-01,09013,Xochimilco,VOLCADURA,0,0,0,ampliada
2020-02-01,09014,Benito Juárez,ATROPELLADO,34,35,0,ampliada
2020-02-01,09014,Benito Juárez,CAIDA DE CICLISTA,5,5,0,ampliada
2020-02-01,09014,Benito Juárez,CAIDA DE PASAJERO,1,1,0,ampliada
2020-02-01,09014,Benito Juárez,CHOQUE,108,124,0,ampliada
2020-02-01,09014,Benito Juárez,DERRAPADO,17,17,0,ampliada
2020-02-01,09014,Benito Juárez,VOLCADURA,0,0,0,ampliada
2020-02-01,09015,Cuauhtémoc,ATROPELLADO,47,51,0,ampliada
2020-02-01,09015,Cuauhtémoc,CAIDA DE CICLISTA,18,18,0,ampliada
2020-02-01,09015,Cuauhtémoc,CAIDA DE PASAJERO,7,8,0,ampliada
2020-02-01,09015,Cuauhtémoc,CHOQUE,129,143,1,ampliada
2020-02-01,09015,Cuauhtémoc,DERRAPADO,32,31,2,ampliada
2020-02-01,09015,Cuauhtémoc,VOLCADURA,0,0,0,ampliada
2020-02-01,09016,Miguel Hidalgo,ATROPELLADO,23,24,1,ampliada
2020-02-01,09016,Miguel Hidalgo,CAIDA DE CICLISTA,6,6,0,ampliada
2020-02-01,09016,Miguel Hidalgo,CAIDA DE PASAJERO,3,3,0,ampliada
2020-02-01,09016,Miguel Hidalgo,CHOQUE,73,87,0,ampliada
2020-02-01,09016,Miguel Hidalgo,DERRAPADO,16,16,0,ampliada
2020-02-01,09016,Miguel Hidalgo,VOLCADURA,3,4,0,ampliada
2020-02-01,09017,Venustiano Carranza,ATROPELLADO,28,30,1,ampliada
2020-02-01,09017,Venustiano Carranza,CAIDA DE CICLISTA,4,4,0,ampliada
2020-02-01,09017,Venustiano Carranza,CAIDA DE PASAJERO,4,6,0,ampliada
2020-02-01,09017,Venustiano Carranza,CHOQUE,74,89,0,ampliada
2020-02-01,09017,Venustiano Carranza,DERRAPADO,20,21,0,ampliada
2020-02-01,09017,Venustiano Carranza,VOLCADURA,2,2,0,ampliada
2020-03-01,09002,Azcapotzalco,ATROPELLADO,18,19,0,ampliada
2020-03-01,09002,Azcapotzalco,CAIDA DE CICLISTA,3,3,0,ampliada
2020-03-01,09002,Azcapotzalco,CAIDA DE PASAJERO,1,1,0,ampliada
2020-03-01,09002,Azcapotzalco,CHOQUE,34,37,0,ampliada
2020-03-01,09002,Azcapotzalco,DERRAPADO,17,17,1,ampliada
2020-03-01,09002,Azcapotzalco,VOLCADURA,1,1,0,ampliada
2020-03-01,09003,Coyoacán,ATROPELLADO,21,19,2,ampliada
2020-03-01,09003,Coyoacán,CAIDA DE CICLISTA,2,2,0,ampliada
2020-03-01,09003,Coyoacán,CAIDA DE PASAJERO,1,1,0,ampliada
2020-03-01,09003,Coyoacán,CHOQUE,78,84,1,ampliada
2020-03-01,09003,Coyoacán,DERRAPADO,21,20,1,ampliada
2020-03-01,09003,Coyoacán,VOLCADURA,1,1,0,ampliada
2020-03-01,09004,Cuajimalpa de Morelos,ATROPELLADO,1,1,0,ampliada
2020-03-01,09004,Cuajimalpa de Morelos,CAIDA DE CICLISTA,2,3,0,ampliada
2020-03-01,09004,Cuajimalpa de Morelos,CAIDA DE PASAJERO,0,0,0,ampliada
2020-03-01,09004,Cuajimalpa de Morelos,CHOQUE,7,8,0,ampliada
2020-03-01,09004,Cuajimalpa de Morelos,DERRAPADO,4,4,0,ampliada
2020-03-01,09004,Cuajimalpa de Morelos,VOLCADURA,0,0,0,ampliada
2020-03-01,09005,Gustavo A. Madero,ATROPELLADO,42,46,1,ampliada
2020-03-01,09005,Gustavo A. Madero,CAIDA DE CICLISTA,4,4,0,ampliada
2020-03-01,09005,Gustavo A. Madero,CAIDA DE PASAJERO,3,3,0,ampliada
2020-03-01,09005,Gustavo A. Madero,CHOQUE,86,102,0,ampliada
2020-03-01,09005,Gustavo A. Madero,DERRAPADO,34,36,1,ampliada
2020-03-01,09005,Gustavo A. Madero,VOLCADURA,1,1,0,ampliada
2020-03-01,09006,Iztacalco,ATROPELLADO,11,13,0,ampliada
2020-03-01,09006,Iztacalco,CAIDA DE CICLISTA,1,1,0,ampliada
2020-03-01,09006,Iztacalco,CAIDA DE PASAJERO,2,2,0,ampliada
2020-03-01,09006,Iztacalco,CHOQUE,41,50,1,ampliada
2020-03-01,09006,Iztacalco,DERRAPADO,8,9,0,ampliada
2020-03-01,09006,Iztacalco,VOLCADURA,0,0,0,ampliada
2020-03-01,09007,Iztapalapa,ATROPELLADO,54,53,4,ampliada
2020-03-01,09007,Iztapalapa,CAIDA DE CICLISTA,9,9,0,ampliada
2020-03-01,09007,Iztapalapa,CAIDA DE PASAJERO,6,6,0,ampliada
2020-03-01,09007,Iztapalapa,CHOQUE,149,178,2,ampliada
2020-03-01,09007,Iztapalapa,DERRAPADO,49,56,0,ampliada
2020-03-01,09007,Iztapalapa,VOLCADURA,2,3,0,ampliada
2020-03-01,09008,La Magdalena Contreras,ATROPELLADO,2,2,0,ampliada
2020-03-01,09008,La Magdalena Contreras,CAIDA DE CICLISTA,3,3,0,ampliada
2020-03-01,09008,La Magdalena Contreras,CAIDA DE PASAJERO,0,0,0,ampliada
2020-03-01,09008,La Magdalena Contreras,CHOQUE,13,12,1,ampliada
2020-03-01,09008,La Magdalena Contreras,DERRAPADO,2,2,0,ampliada
2020-03-01,09008,La Magdalena Contreras,VOLCADURA,1,2,0,ampliada
2020-03-01,09009,Milpa Alta,ATROPELLADO,1,1,0,ampliada
2020-03-01,09009,Milpa Alta,CAIDA DE CICLISTA,1,1,0,ampliada
2020-03-01,09009,Milpa Alta,CAIDA DE PASAJERO,0,0,0,ampliada
2020-03-01,09009,Milpa Alta,CHOQUE,8,8,1,ampliada
2020-03-01,09009,Milpa Alta,DERRAPADO,2,2,0,ampliada
2020-03-01,09009,Milpa Alta,VOLCADURA,0,0,0,ampliada
2020-03-01,09010,Álvaro Obregón,ATROPELLADO,10,9,1,ampliada
2020-03-01,09010,Álvaro Obregón,CAIDA DE CICLISTA,3,3,0,ampliada
2020-03-01,09010,Álvaro Obregón,CAIDA DE PASAJERO,1,1,0,ampliada
2020-03-01,09010,Álvaro Obregón,CHOQUE,53,66,0,ampliada
2020-03-01,09010,Álvaro Obregón,DERRAPADO,13,13,0,ampliada
2020-03-01,09010,Álvaro Obregón,VOLCADURA,0,0,0,ampliada
2020-03-01,09011,Tláhuac,ATROPELLADO,10,10,1,ampliada
2020-03-01,09011,Tláhuac,CAIDA DE CICLISTA,1,1,0,ampliada
2020-03-01,09011,Tláhuac,CAIDA DE PASAJERO,3,3,0,ampliada
2020-03-01,09011,Tláhuac,CHOQUE,26,30,0,ampliada
2020-03-01,09011,Tláhuac,DERRAPADO,21,25,0,ampliada
2020-03-01,09011,Tláhuac,VOLCADURA,0,0,0,ampliada
2020-03-01,09012,Tlalpan,ATROPELLADO,13,13,0,ampliada
2020-03-01,09012,Tlalpan,CAIDA DE CICLISTA,2,2,0,ampliada
2020-03-01,09012,Tlalpan,CAIDA DE PASAJERO,1,1,0,ampliada
2020-03-01,09012,Tlalpan,CHOQUE,50,57,0,ampliada
2020-03-01,09012,Tlalpan,DERRAPADO,12,16,0,ampliada
2020-03-01,09012,Tlalpan,VOLCADURA,1,1,0,ampliada
2020-03-01,09013,Xochimilco,ATROPELLADO,7,8,0,ampliada
2020-03-01,09013,Xochimilco,CAIDA DE CICLISTA,5,6,0,ampliada
2020-03-01,09013,Xochimilco,CAIDA DE PASAJERO,2,2,0,ampliada
2020-03-01,09013,Xochimilco,CHOQUE,24,31,0,ampliada
2020-03-01,09013,Xochimilco,DERRAPADO,13,14,0,ampliada
2020-03-01,09013,Xochimilco,VOLCADURA,2,2,0,ampliada
2020-03-01,09014,Benito Juárez,ATROPELLADO,24,26,0,ampliada
2020-03-01,09014,Benito Juárez,CAIDA DE CICLISTA,5,5,0,ampliada
2020-03-01,09014,Benito Juárez,CAIDA DE PASAJERO,4,4,0,ampliada
2020-03-01,09014,Benito Juárez,CHOQUE,95,100,1,ampliada
2020-03-01,09014,Benito Juárez,DERRAPADO,29,31,0,ampliada
2020-03-01,09014,Benito Juárez,VOLCADURA,2,2,0,ampliada
2020-03-01,09015,Cuauhtémoc,ATROPELLADO,55,55,1,ampliada
2020-03-01,09015,Cuauhtémoc,CAIDA DE CICLISTA,12,13,0,ampliada
2020-03-01,09015,Cuauhtémoc,CAIDA DE PASAJERO,3,3,0,ampliada
2020-03-01,09015,Cuauhtémoc,CHOQUE,133,150,1,ampliada
2020-03-01,09015,Cuauhtémoc,DERRAPADO,52,61,0,ampliada
2020-03-01,09015,Cuauhtémoc,VOLCADURA,1,4,0,ampliada
2020-03-01,09016,Miguel Hidalgo,ATROPELLADO,19,21,0,ampliada
2020-03-01,09016,Miguel Hidalgo,CAIDA DE CICLISTA,9,9,0,ampliada
2020-03-01,09016,Miguel Hidalgo,CAIDA DE PASAJERO,1,1,0,ampliada
2020-03-01,09016,Miguel Hidalgo,CHOQUE,63,78,1,ampliada
2020-03-01,09016,Miguel Hidalgo,DERRAPADO,28,32,0,ampliada
2020-03-01,09016,Miguel Hidalgo,VOLCADURA,3,3,0,ampliada
2020-03-01,09017,Venustiano Carranza,ATROPELLADO,27,28,1,ampliada
2020-03-01,09017,Venustiano Carranza,CAIDA DE CICLISTA,0,0,0,ampliada
2020-03-01,09017,Venustiano Carranza,CAIDA DE PASAJERO,2,2,0,ampliada
2020-03-01,09017,Venustiano Carranza,CHOQUE,70,83,0,ampliada
2020-03-01,09017,Venustiano Carranza,DERRAPADO,15,19,0,ampliada
2020-03-01,09017,Venustiano Carranza,VOLCADURA,1,1,0,ampliada
2020-04-01,09002,Azcapotzalco,ATROPELLADO,3,3,0,ampliada
2020-04-01,09002,Azcapotzalco,CAIDA DE CICLISTA,1,1,0,ampliada
2020-04-01,09002,Azcapotzalco,CAIDA DE PASAJERO,2,2,0,ampliada
2020-04-01,09002,Azcapotzalco,CHOQUE,21,26,0,ampliada
2020-04-01,09002,Azcapotzalco,DERRAPADO,11,12,0,ampliada
2020-04-01,09002,Azcapotzalco,VOLCADURA,1,2,0,ampliada
2020-04-01,09003,Coyoacán,ATROPELLADO,5,5,0,ampliada
2020-04-01,09003,Coyoacán,CAIDA DE CICLISTA,1,1,0,ampliada
2020-04-01,09003,Coyoacán,CAIDA DE PASAJERO,1,1,0,ampliada
2020-04-01,09003,Coyoacán,CHOQUE,29,31,1,ampliada
2020-04-01,09003,Coyoacán,DERRAPADO,14,15,0,ampliada
2020-04-01,09003,Coyoacán,VOLCADURA,1,1,0,ampliada
2020-04-01,09004,Cuajimalpa de Morelos,ATROPELLADO,3,3,0,ampliada
2020-04-01,09004,Cuajimalpa de Morelos,CAIDA DE CICLISTA,0,0,0,ampliada
2020-04-01,09004,Cuajimalpa de Morelos,CAIDA DE PASAJERO,0,0,0,ampliada
2020-04-01,09004,Cuajimalpa de Morelos,CHOQUE,2,2,0,ampliada
2020-04-01,09004,Cuajimalpa de Morelos,DERRAPADO,6,6,1,ampliada
2020-04-01,09004,Cuajimalpa de Morelos,VOLCADURA,0,0,0,ampliada
2020-04-01,09005,Gustavo A. Madero,ATROPELLADO,18,17,3,ampliada
2020-04-01,09005,Gustavo A. Madero,CAIDA DE CICLISTA,4,4,0,ampliada
2020-04-01,09005,Gustavo A. Madero,CAIDA DE PASAJERO,1,1,0,ampliada
2020-04-01,09005,Gustavo A. Madero,CHOQUE,73,88,2,ampliada
2020-04-01,09005,Gustavo A. Madero,DERRAPADO,30,32,0,ampliada
2020-04-01,09005,Gustavo A. Madero,VOLCADURA,4,4,1,ampliada
2020-04-01,09006,Iztacalco,ATROPELLADO,7,7,1,ampliada
2020-04-01,09006,Iztacalco,CAIDA DE CICLISTA,1,1,0,ampliada
2020-04-01,09006,Iztacalco,CAIDA DE PASAJERO,1,1,0,ampliada
2020-04-01,09006,Iztacalco,CHOQUE,27,30,1,ampliada
2020-04-01,09006,Iztacalco,DERRAPADO,10,10,0,ampliada
2020-04-01,09006,Iztacalco,VOLCADURA,0,0,0,ampliada
2020-04-01,09007,Iztapalapa,ATROPELLADO,29,30,4,ampliada
2020-04-01,09007,Iztapalapa,CAIDA DE CICLISTA,3,5,0,ampliada
2020-04-01,09007,Iztapalapa,CAIDA DE PASAJERO,3,3,0,ampliada
2020-04-01,09007,Iztapalapa,CHOQUE,87,102,4,ampliada
2020-04-01,09007,Iztapalapa,DERRAPADO,35,38,2,ampliada
2020-04-01,09007,Iztapalapa,VOLCADURA,4,5,0,ampliada
2020-04-01,09008,La Magdalena Contreras,ATROPELLADO,5,5,0,ampliada
2020-04-01,09008,La Magdalena Contreras,CAIDA DE CICLISTA,0,0,0,ampliada
2020-04-01,09008,La Magdalena Contreras,CAIDA DE PASAJERO,0,0,0,ampliada
2020-04-01,09008,La Magdalena Contreras,CHOQUE,16,17,0,ampliada
2020-04-01,09008,La Magdalena Contreras,DERRAPADO,6,6,0,ampliada
2020-04-01,09008,La Magdalena Contreras,VOLCADURA,1,1,0,ampliada
2020-04-01,09009,Milpa Alta,ATROPELLADO,1,1,0,ampliada
2020-04-01,09009,Milpa Alta,CAIDA DE CICLISTA,2,3,0,ampliada
2020-04-01,09009,Milpa Alta,CAIDA DE PASAJERO,0,0,0,ampliada
2020-04-01,09009,Milpa Alta,CHOQUE,3,4,0,ampliada
2020-04-01,09009,Milpa Alta,DERRAPADO,4,5,0,ampliada
2020-04-01,09009,Milpa Alta,VOLCADURA,1,0,3,ampliada
2020-04-01,09010,Álvaro Obregón,ATROPELLADO,12,11,1,ampliada
2020-04-01,09010,Álvaro Obregón,CAIDA DE CICLISTA,2,2,0,ampliada
2020-04-01,09010,Álvaro Obregón,CAIDA DE PASAJERO,0,0,0,ampliada
2020-04-01,09010,Álvaro Obregón,CHOQUE,19,22,0,ampliada
2020-04-01,09010,Álvaro Obregón,DERRAPADO,21,22,1,ampliada
2020-04-01,09010,Álvaro Obregón,VOLCADURA,1,1,0,ampliada
2020-04-01,09011,Tláhuac,ATROPELLADO,6,5,1,ampliada
2020-04-01,09011,Tláhuac,CAIDA DE CICLISTA,0,0,0,ampliada
2020-04-01,09011,Tláhuac,CAIDA DE PASAJERO,1,3,0,ampliada
2020-04-01,09011,Tláhuac,CHOQUE,21,26,0,ampliada
2020-04-01,09011,Tláhuac,DERRAPADO,14,16,1,ampliada
2020-04-01,09011,Tláhuac,VOLCADURA,0,0,0,ampliada
2020-04-01,09012,Tlalpan,ATROPELLADO,8,10,0,ampliada
2020-04-01,09012,Tlalpan,CAIDA DE CICLISTA,0,0,0,ampliada
2020-04-01,09012,Tlalpan,CAIDA DE PASAJERO,0,0,0,ampliada
2020-04-01,09012,Tlalpan,CHOQUE,26,31,1,ampliada
2020-04-01,09012,Tlalpan,DERRAPADO,8,9,0,ampliada
2020-04-01,09012,Tlalpan,VOLCADURA,2,2,0,ampliada
2020-04-01,09013,Xochimilco,ATROPELLADO,6,6,0,ampliada
2020-04-01,09013,Xochimilco,CAIDA DE CICLISTA,3,3,0,ampliada
2020-04-01,09013,Xochimilco,CAIDA DE PASAJERO,0,0,0,ampliada
2020-04-01,09013,Xochimilco,CHOQUE,19,23,1,ampliada
2020-04-01,09013,Xochimilco,DERRAPADO,7,7,0,ampliada
2020-04-01,09013,Xochimilco,VOLCADURA,0,0,0,ampliada
2020-04-01,09014,Benito Juárez,ATROPELLADO,5,5,0,ampliada
2020-04-01,09014,Benito Juárez,CAIDA DE CICLISTA,5,5,0,ampliada
2020-04-01,09014,Benito Juárez,CAIDA DE PASAJERO,0,0,0,ampliada
2020-04-01,09014,Benito Juárez,CHOQUE,57,61,1,ampliada
2020-04-01,09014,Benito Juárez,DERRAPADO,19,21,0,ampliada
2020-04-01,09014,Benito Juárez,VOLCADURA,1,1,0,ampliada
2020-04-01,09015,Cuauhtémoc,ATROPELLADO,19,23,0,ampliada
2020-04-01,09015,Cuauhtémoc,CAIDA DE CICLISTA,10,10,0,ampliada
2020-04-01,09015,Cuauhtémoc,CAIDA DE PASAJERO,1,1,0,ampliada
2020-04-01,09015,Cuauhtémoc,CHOQUE,61,73,0,ampliada
2020-04-01,09015,Cuauhtémoc,DERRAPADO,35,37,2,ampliada
2020-04-01,09015,Cuauhtémoc,VOLCADURA,1,1,0,ampliada
2020-04-01,09016,Miguel Hidalgo,ATROPELLADO,4,4,0,ampliada
2020-04-01,09016,Miguel Hidalgo,CAIDA DE CICLISTA,6,6,0,ampliada
2020-04-01,09016,Miguel Hidalgo,CAIDA DE PASAJERO,0,0,0,ampliada
2020-04-01,09016,Miguel Hidalgo,CHOQUE,37,42,1,ampliada
2020-04-01,09016,Miguel Hidalgo,DERRAPADO,19,19,0,ampliada
2020-04-01,09016,Miguel Hidalgo,VOLCADURA,3,3,0,ampliada
2020-04-01,09017,Venustiano Carranza,ATROPELLADO,16,15,1,ampliada
2020-04-01,09017,Venustiano Carranza,CAIDA DE CICLISTA,0,0,0,ampliada
2020-04-01,09017,Venustiano Carranza,CAIDA DE PASAJERO,1,1,0,ampliada
2020-04-01,09017,Venustiano Carranza,CHOQUE,42,53,0,ampliada
2020-04-01,09017,Venustiano Carranza,DERRAPADO,18,21,1,ampliada
2020-04-01,09017,Venustiano Carranza,VOLCADURA,3,3,0,ampliada
2020-05-01,09002,Azcapotzalco,ATROPELLADO,5,5,0,ampliada
2020-05-01,09002,Azcapotzalco,CAIDA DE CICLISTA,2,2,0,ampliada
2020-05-01,09002,Azcapotzalco,CAIDA DE PASAJERO,0,0,0,ampliada
2020-05-01,09002,Azcapotzalco,CHOQUE,22,27,0,ampliada
2020-05-01,09002,Azcapotzalco,DERRAPADO,8,9,0,ampliada
2020-05-01,09002,Azcapotzalco,VOLCADURA,2,3,0,ampliada
2020-05-01,09003,Coyoacán,ATROPELLADO,6,5,1,ampliada
2020-05-01,09003,Coyoacán,CAIDA DE CICLISTA,0,0,0,ampliada
2020-05-01,09003,Coyoacán,CAIDA DE PASAJERO,1,1,0,ampliada
2020-05-01,09003,Coyoacán,CHOQUE,33,38,0,ampliada
2020-05-01,09003,Coyoacán,DERRAPADO,12,13,0,ampliada
2020-05-01,09003,Coyoacán,VOLCADURA,2,2,0,ampliada
2020-05-01,09004,Cuajimalpa de Morelos,ATROPELLADO,3,3,0,ampliada
2020-05-01,09004,Cuajimalpa de Morelos,CAIDA DE CICLISTA,0,0,0,ampliada
2020-05-01,09004,Cuajimalpa de Morelos,CAIDA DE PASAJERO,0,0,0,ampliada
2020-05-01,09004,Cuajimalpa de Morelos,CHOQUE,4,5,0,ampliada
2020-05-01,09004,Cuajimalpa de Morelos,DERRAPADO,2,2,0,ampliada
2020-05-01,09004,Cuajimalpa de Morelos,VOLCADURA,0,0,0,ampliada
2020-05-01,09005,Gustavo A. Madero,ATROPELLADO,23,23,0,ampliada
2020-05-01,09005,Gustavo A. Madero,CAIDA DE CICLISTA,8,8,0,ampliada
2020-05-01,09005,Gustavo A. Madero,CAIDA DE PASAJERO,4,4,0,ampliada
2020-05-01,09005,Gustavo A. Madero,CHOQUE,52,63,2,ampliada
2020-05-01,09005,Gustavo A. Madero,DERRAPADO,22,23,0,ampliada
2020-05-01,09005,Gustavo A. Madero,VOLCADURA,2,3,0,ampliada
2020-05-01,09006,Iztacalco,ATROPELLADO,10,10,1,ampliada
2020-05-01,09006,Iztacalco,CAIDA DE CICLISTA,0,0,0,ampliada
2020-05-01,09006,Iztacalco,CAIDA DE PASAJERO,0,0,0,ampliada
2020-05-01,09006,Iztacalco,CHOQUE,21,29,0,ampliada
2020-05-01,09006,Iztacalco,DERRAPADO,11,11,0,ampliada
2020-05-01,09006,Iztacalco,VOLCADURA,0,0,0,ampliada
2020-05-01,09007,Iztapalapa,ATROPELLADO,15,13,3,ampliada
2020-05-01,09007,Iztapalapa,CAIDA DE CICLISTA,5,5,0,ampliada
2020-05-01,09007,Iztapalapa,CAIDA DE PASAJERO,0,0,0,ampliada
2020-05-01,09007,Iztapalapa,CHOQUE,61,70,3,ampliada
2020-05-01,09007,Iztapalapa,DERRAPADO,28,30,0,ampliada
2020-05-01,09007,Iztapalapa,VOLCADURA,1,1,0,ampliada
2020-05-01,09008,La Magdalena Contreras,ATROPELLADO,2,2,0,ampliada
2020-05-01,09008,La Magdalena Contreras,CAIDA DE CICLISTA,0,0,0,ampliada
2020-05-01,09008,La Magdalena Contreras,CAIDA DE PASAJERO,0,0,0,ampliada
2020-05-01,09008,La Magdalena Contreras,CHOQUE,4,5,0,ampliada
2020-05-01,09008,La Magdalena Contreras,DERRAPADO,5,5,0,ampliada
2020-05-01,09008,La Magdalena Contreras,VOLCADURA,0,0,0,ampliada
2020-05-01,09009,Milpa Alta,ATROPELLADO,2,1,1,ampliada
2020-05-01,09009,Milpa Alta,CAIDA DE CICLISTA,0,0,0,ampliada
2020-05-01,09009,Milpa Alta,CAIDA DE PASAJERO,0,0,0,ampliada
2020-05-01,09009,Milpa Alta,CHOQUE,3,3,0,ampliada
2020-05-01,09009,Milpa Alta,DERRAPADO,1,1,0,ampliada
2020-05-01,09009,Milpa Alta,VOLCADURA,0,0,0,ampliada
2020-05-01,09010,Álvaro Obregón,ATROPELLADO,4,4,0,ampliada
2020-05-01,09010,Álvaro Obregón,CAIDA DE CICLISTA,1,1,0,ampliada
2020-05-01,09010,Álvaro Obregón,CAIDA DE PASAJERO,0,0,0,ampliada
2020-05-01,09010,Álvaro Obregón,CHOQUE,37,48,1,ampliada
2020-05-01,09010,Álvaro Obregón,DERRAPADO,10,11,0,ampliada
2020-05-01,09010,Álvaro Obregón,VOLCADURA,3,4,0,ampliada
2020-05-01,09011,Tláhuac,ATROPELLADO,6,8,0,ampliada
2020-05-01,09011,Tláhuac,CAIDA DE CICLISTA,3,3,0,ampliada
2020-05-01,09011,Tláhuac,CAIDA DE PASAJERO,0,0,0,ampliada
2020-05-01,09011,Tláhuac,CHOQUE,21,25,1,ampliada
2020-05-01,09011,Tláhuac,DERRAPADO,2,2,0,ampliada
2020-05-01,09011,Tláhuac,VOLCADURA,0,0,0,ampliada
2020-05-01,09012,Tlalpan,ATROPELLADO,6,5,1,ampliada
2020-05-01,09012,Tlalpan,CAIDA DE CICLISTA,2,2,0,ampliada
2020-05-01,09012,Tlalpan,CAIDA DE PASAJERO,0,0,0,ampliada
2020-05-01,09012,Tlalpan,CHOQUE,26,36,0,ampliada
2020-05-01,09012,Tlalpan,DERRAPADO,11,11,1,ampliada
2020-05-01,09012,Tlalpan,VOLCADURA,2,3,3,ampliada
2020-05-01,09013,Xochimilco,ATROPELLADO,2,2,0,ampliada
2020-05-01,09013,Xochimilco,CAIDA DE CICLISTA,0,0,0,ampliada
2020-05-01,09013,Xochimilco,CAIDA DE PASAJERO,1,1,0,ampliada
2020-05-01,09013,Xochimilco,CHOQUE,15,22,1,ampliada
2020-05-01,09013,Xochimilco,DERRAPADO,4,4,0,ampliada
2020-05-01,09013,Xochimilco,VOLCADURA,0,0,0,ampliada
2020-05-01,09014,Benito Juárez,ATROPELLADO,7,7,0,ampliada
2020-05-01,09014,Benito Juárez,CAIDA DE CICLISTA,5,5,0,ampliada
2020-05-01,09014,Benito Juárez,CAIDA DE PASAJERO,2,2,0,ampliada
2020-05-01,09014,Benito Juárez,CHOQUE,51,61,3,ampliada
2020-05-01,09014,Benito Juárez,DERRAPADO,21,22,0,ampliada
2020-05-01,09014,Benito Juárez,VOLCADURA,0,0,0,ampliada
2020-05-01,09015,Cuauhtémoc,ATROPELLADO,16,15,1,ampliada
2020-05-01,09015,Cuauhtémoc,CAIDA DE CICLISTA,6,6,0,ampliada
2020-05-01,09015,Cuauhtémoc,CAIDA DE PASAJERO,2,2,0,ampliada
2020-05-01,09015,Cuauhtémoc,CHOQUE,78,98,5,ampliada
2020-05-01,09015,Cuauhtémoc,DERRAPADO,28,31,0,ampliada
2020-05-01,09015,Cuauhtémoc,VOLCADURA,2,2,1,ampliada
2020-05-01,09016,Miguel Hidalgo,ATROPELLADO,5,5,0,ampliada
2020-05-01,09016,Miguel Hidalgo,CAIDA DE CICLISTA,2,2,0,ampliada
2020-05-01,09016,Miguel Hidalgo,CAIDA DE PASAJERO,2,2,0,ampliada
2020-05-01,09016,Miguel Hidalgo,CHOQUE,37,39,1,ampliada
2020-05-01,09016,Miguel Hidalgo,DERRAPADO,13,14,0,ampliada
2020-05-01,09016,Miguel Hidalgo,VOLCADURA,3,5,0,ampliada
2020-05-01,09017,Venustiano Carranza,ATROPELLADO,10,11,0,ampliada
2020-05-01,09017,Venustiano Carranza,CAIDA DE CICLISTA,1,1,0,ampliada
2020-05-01,09017,Venustiano Carranza,CAIDA DE PASAJERO,3,4,0,ampliada
2020-05-01,09017,Venustiano Carranza,CHOQUE,38,44,1,ampliada
2020-05-01,09017,Venustiano Carranza,DERRAPADO,16,17,0,ampliada
2020-05-01,09017,Venustiano Carranza,VOLCADURA,2,4,0,ampliada
2020-06-01,09002,Azcapotzalco,ATROPELLADO,9,9,0,ampliada
2020-06-01,09002,Azcapotzalco,CAIDA DE CICLISTA,2,2,0,ampliada
2020-06-01,09002,Azcapotzalco,CAIDA DE PASAJERO,1,4,0,ampliada
2020-06-01,09002,Azcapotzalco,CHOQUE,19,20,2,ampliada
2020-06-01,09002,Azcapotzalco,DERRAPADO,11,12,0,ampliada
2020-06-01,09002,Azcapotzalco,VOLCADURA,0,0,0,ampliada
2020-06-01,09003,Coyoacán,ATROPELLADO,5,3,2,ampliada
2020-06-01,09003,Coyoacán,CAIDA DE CICLISTA,4,4,0,ampliada
2020-06-01,09003,Coyoacán,CAIDA DE PASAJERO,2,2,0,ampliada
2020-06-01,09003,Coyoacán,CHOQUE,33,35,1,ampliada
2020-06-01,09003,Coyoacán,DERRAPADO,18,17,1,ampliada
2020-06-01,09003,Coyoacán,VOLCADURA,1,2,0,ampliada
2020-06-01,09004,Cuajimalpa de Morelos,ATROPELLADO,1,1,0,ampliada
2020-06-01,09004,Cuajimalpa de Morelos,CAIDA DE CICLISTA,1,1,0,ampliada
2020-06-01,09004,Cuajimalpa de Morelos,CAIDA DE PASAJERO,2,2,0,ampliada
2020-06-01,09004,Cuajimalpa de Morelos,CHOQUE,5,5,0,ampliada
2020-06-01,09004,Cuajimalpa de Morelos,DERRAPADO,9,9,1,ampliada
2020-06-01,09004,Cuajimalpa de Morelos,VOLCADURA,0,0,0,ampliada
2020-06-01,09005,Gustavo A. Madero,ATROPELLADO,19,18,1,ampliada
2020-06-01,09005,Gustavo A. Madero,CAIDA DE CICLISTA,3,3,0,ampliada
2020-06-01,09005,Gustavo A. Madero,CAIDA DE PASAJERO,1,1,0,ampliada
2020-06-01,09005,Gustavo A. Madero,CHOQUE,61,72,2,ampliada
2020-06-01,09005,Gustavo A. Madero,DERRAPADO,27,31,2,ampliada
2020-06-01,09005,Gustavo A. Madero,VOLCADURA,2,2,0,ampliada
2020-06-01,09006,Iztacalco,ATROPELLADO,6,6,0,ampliada
2020-06-01,09006,Iztacalco,CAIDA DE CICLISTA,1,1,0,ampliada
2020-06-01,09006,Iztacalco,CAIDA DE PASAJERO,2,4,0,ampliada
2020-06-01,09006,Iztacalco,CHOQUE,42,52,0,ampliada
2020-06-01,09006,Iztacalco,DERRAPADO,9,9,0,ampliada
2020-06-01,09006,Iztacalco,VOLCADURA,0,0,0,ampliada
2020-06-01,09007,Iztapalapa,ATROPELLADO,16,13,3,ampliada
2020-06-01,09007,Iztapalapa,CAIDA DE CICLISTA,4,4,0,ampliada
2020-06-01,09007,Iztapalapa,CAIDA DE PASAJERO,2,2,0,ampliada
2020-06-01,09007,Iztapalapa,CHOQUE,101,113,3,ampliada
2020-06-01,09007,Iztapalapa,DERRAPADO,33,34,0,ampliada
2020-06-01,09007,Iztapalapa,VOLCADURA,2,3,0,ampliada
2020-06-01,09008,La Magdalena Contreras,ATROPELLADO,2,2,0,ampliada
2020-06-01,09008,La Magdalena Contreras,CAIDA DE CICLISTA,2,2,0,ampliada
2020-06-01,09008,La Magdalena Contreras,CAIDA DE PASAJERO,0,0,0,ampliada
2020-06-01,09008,La Magdalena Contreras,CHOQUE,9,9,1,ampliada
2020-06-01,09008,La Magdalena Contreras,DERRAPADO,3,3,0,ampliada
2020-06-01,09008,La Magdalena Contreras,VOLCADURA,0,0,0,ampliada
2020-06-01,09009,Milpa Alta,ATROPELLADO,4,4,0,ampliada
2020-06-01,09009,Milpa Alta,CAIDA DE CICLISTA,0,0,0,ampliada
2020-06-01,09009,Milpa Alta,CAIDA DE PASAJERO,0,0,0,ampliada
2020-06-01,09009,Milpa Alta,CHOQUE,2,2,0,ampliada
2020-06-01,09009,Milpa Alta,DERRAPADO,1,1,0,ampliada
2020-06-01,09009,Milpa Alta,VOLCADURA,0,0,0,ampliada
2020-06-01,09010,Álvaro Obregón,ATROPELLADO,9,10,0,ampliada
2020-06-01,09010,Álvaro Obregón,CAIDA DE CICLISTA,3,3,0,ampliada
2020-06-01,09010,Álvaro Obregón,CAIDA DE PASAJERO,1,1,0,ampliada
2020-06-01,09010,Álvaro Obregón,CHOQUE,26,31,0,ampliada
2020-06-01,09010,Álvaro Obregón,DERRAPADO,13,14,0,ampliada
2020-06-01,09010,Álvaro Obregón,VOLCADURA,3,4,0,ampliada
2020-06-01,09011,Tláhuac,ATROPELLADO,5,4,1,ampliada
2020-06-01,09011,Tláhuac,CAIDA DE CICLISTA,2,2,0,ampliada
2020-06-01,09011,Tláhuac,CAIDA DE PASAJERO,0,0,0,ampliada
2020-06-01,09011,Tláhuac,CHOQUE,19,30,0,ampliada
2020-06-01,09011,Tláhuac,DERRAPADO,5,5,0,ampliada
2020-06-01,09011,Tláhuac,VOLCADURA,0,0,0,ampliada
2020-06-01,09012,Tlalpan,ATROPELLADO,14,15,2,ampliada
2020-06-01,09012,Tlalpan,CAIDA DE CICLISTA,4,4,0,ampliada
2020-06-01,09012,Tlalpan,CAIDA DE PASAJERO,1,1,0,ampliada
2020-06-01,09012,Tlalpan,CHOQUE,35,39,2,ampliada
2020-06-01,09012,Tlalpan,DERRAPADO,11,13,0,ampliada
2020-06-01,09012,Tlalpan,VOLCADURA,2,1,1,ampliada
2020-06-01,09013,Xochimilco,ATROPELLADO,9,10,0,ampliada
2020-06-01,09013,Xochimilco,CAIDA DE CICLISTA,0,0,0,ampliada
2020-06-01,09013,Xochimilco,CAIDA DE PASAJERO,0,0,0,ampliada
2020-06-01,09013,Xochimilco,CHOQUE,15,20,0,ampliada
2020-06-01,09013,Xochimilco,DERRAPADO,12,12,1,ampliada
2020-06-01,09013,Xochimilco,VOLCADURA,0,0,0,ampliada
2020-06-01,09014,Benito Juárez,ATROPELLADO,12,13,0,ampliada
2020-06-01,09014,Benito Juárez,CAIDA DE CICLISTA,4,4,0,ampliada
2020-06-01,09014,Benito Juárez,CAIDA DE PASAJERO,1,1,0,ampliada
2020-06-01,09014,Benito Juárez,CHOQUE,49,51,0,ampliada
2020-06-01,09014,Benito Juárez,DERRAPADO,19,20,0,ampliada
2020-06-01,09014,Benito Juárez,VOLCADURA,1,1,0,ampliada
2020-06-01,09015,Cuauhtémoc,ATROPELLADO,19,22,0,ampliada
2020-06-01,09015,Cuauhtémoc,CAIDA DE CICLISTA,10,10,0,ampliada
2020-06-01,09015,Cuauhtémoc,CAIDA DE PASAJERO,3,3,0,ampliada
2020-06-01,09015,Cuauhtémoc,CHOQUE,79,109,0,ampliada
2020-06-01,09015,Cuauhtémoc,DERRAPADO,31,35,0,ampliada
2020-06-01,09015,Cuauhtémoc,VOLCADURA,0,0,0,ampliada
2020-06-01,09016,Miguel Hidalgo,ATROPELLADO,6,8,0,ampliada
2020-06-01,09016,Miguel Hidalgo,CAIDA DE CICLISTA,5,5,0,ampliada
2020-06-01,09016,Miguel Hidalgo,CAIDA DE PASAJERO,0,0,0,ampliada
2020-06-01,09016,Miguel Hidalgo,CHOQUE,47,51,2,ampliada
2020-06-01,09016,Miguel Hidalgo,DERRAPADO,24,23,2,ampliada
2020-06-01,09016,Miguel Hidalgo,VOLCADURA,3,3,0,ampliada
2020-06-01,09017,Venustiano Carranza,ATROPELLADO,17,20,0,ampliada
2020-06-01,09017,Venustiano Carranza,CAIDA DE CICLISTA,2,2,0,ampliada
2020-06-01,09017,Venustiano Carranza,CAIDA DE PASAJERO,2,2,0,ampliada
2020-06-01,09017,Venustiano Carranza,CHOQUE,54,65,0,ampliada
2020-06-01,09017,Venustiano Carranza,DERRAPADO,19,20,0,ampliada
2020-06-01,09017,Venustiano Carranza,VOLCADURA,5,5,0,ampliada
2020-07-01,09002,Azcapotzalco,ATROPELLADO,8,8,0,ampliada
2020-07-01,09002,Azcapotzalco,CAIDA DE CICLISTA,1,1,0,ampliada
2020-07-01,09002,Azcapotzalco,CAIDA DE PASAJERO,0,0,0,ampliada
2020-07-01,09002,Azcapotzalco,CHOQUE,33,36,2,ampliada
2020-07-01,09002,Azcapotzalco,DERRAPADO,16,17,0,ampliada
2020-07-01,09002,Azcapotzalco,VOLCADURA,1,1,0,ampliada
2020-07-01,09003,Coyoacán,ATROPELLADO,13,13,0,ampliada
2020-07-01,09003,Coyoacán,CAIDA DE CICLISTA,2,2,0,ampliada
2020-07-01,09003,Coyoacán,CAIDA DE PASAJERO,0,0,0,ampliada
2020-07-01,09003,Coyoacán,CHOQUE,50,54,1,ampliada
2020-07-01,09003,Coyoacán,DERRAPADO,18,18,1,ampliada
2020-07-01,09003,Coyoacán,VOLCADURA,1,2,0,ampliada
2020-07-01,09004,Cuajimalpa de Morelos,ATROPELLADO,2,2,0,ampliada
2020-07-01,09004,Cuajimalpa de Morelos,CAIDA DE CICLISTA,0,0,0,ampliada
2020-07-01,09004,Cuajimalpa de Morelos,CAIDA DE PASAJERO,0,0,0,ampliada
2020-07-01,09004,Cuajimalpa de Morelos,CHOQUE,7,7,0,ampliada
2020-07-01,09004,Cuajimalpa de Morelos,DERRAPADO,3,3,0,ampliada
2020-07-01,09004,Cuajimalpa de Morelos,VOLCADURA,2,6,0,ampliada
2020-07-01,09005,Gustavo A. Madero,ATROPELLADO,19,19,2,ampliada
2020-07-01,09005,Gustavo A. Madero,CAIDA DE CICLISTA,0,0,0,ampliada
2020-07-01,09005,Gustavo A. Madero,CAIDA DE PASAJERO,3,3,0,ampliada
2020-07-01,09005,Gustavo A. Madero,CHOQUE,91,119,1,ampliada
2020-07-01,09005,Gustavo A. Madero,DERRAPADO,40,41,0,ampliada
2020-07-01,09005,Gustavo A. Madero,VOLCADURA,0,0,0,ampliada
2020-07-01,09006,Iztacalco,ATROPELLADO,12,11,1,ampliada
2020-07-01,09006,Iztacalco,CAIDA DE CICLISTA,3,3,0,ampliada
2020-07-01,09006,Iztacalco,CAIDA DE PASAJERO,1,1,0,ampliada
2020-07-01,09006,Iztacalco,CHOQUE,40,44,1,ampliada
2020-07-01,09006,Iztacalco,DERRAPADO,8,8,0,ampliada
2020-07-01,09006,Iztacalco,VOLCADURA,1,1,0,ampliada
2020-07-01,09007,Iztapalapa,ATROPELLADO,36,34,2,ampliada
2020-07-01,09007,Iztapalapa,CAIDA DE CICLISTA,4,4,0,ampliada
2020-07-01,09007,Iztapalapa,CAIDA DE PASAJERO,2,1,1,ampliada
2020-07-01,09007,Iztapalapa,CHOQUE,104,116,4,ampliada
2020-07-01,09007,Iztapalapa,DERRAPADO,47,57,2,ampliada
2020-07-01,09007,Iztapalapa,VOLCADURA,3,3,0,ampliada
2020-07-01,09008,La Magdalena Contreras,ATROPELLADO,1,1,0,ampliada
2020-07-01,09008,La Magdalena Contreras,CAIDA DE CICLISTA,1,1,0,ampliada
2020-07-01,09008,La Magdalena Contreras,CAIDA DE PASAJERO,0,0,0,ampliada
2020-07-01,09008,La Magdalena Contreras,CHOQUE,11,11,0,ampliada
2020-07-01,09008,La Magdalena Contreras,DERRAPADO,4,4,0,ampliada
2020-07-01,09008,La Magdalena Contreras,VOLCADURA,2,2,0,ampliada
2020-07-01,09009,Milpa Alta,ATROPELLADO,3,3,0,ampliada
2020-07-01,09009,Milpa Alta,CAIDA DE CICLISTA,1,1,0,ampliada
2020-07-01,09009,Milpa Alta,CAIDA DE PASAJERO,0,0,0,ampliada
2020-07-01,09009,Milpa Alta,CHOQUE,6,8,0,ampliada
2020-07-01,09009,Milpa Alta,DERRAPADO,1,1,0,ampliada
2020-07-01,09009,Milpa Alta,VOLCADURA,0,0,0,ampliada
2020-07-01,09010,Álvaro Obregón,ATROPELLADO,9,9,0,ampliada
2020-07-01,09010,Álvaro Obregón,CAIDA DE CICLISTA,4,4,0,ampliada
2020-07-01,09010,Álvaro Obregón,CAIDA DE PASAJERO,1,1,0,ampliada
2020-07-01,09010,Álvaro Obregón,CHOQUE,39,54,0,ampliada
2020-07-01,09010,Álvaro Obregón,DERRAPADO,19,20,0,ampliada
2020-07-01,09010,Álvaro Obregón,VOLCADURA,1,1,0,ampliada
2020-07-01,09011,Tláhuac,ATROPELLADO,5,5,0,ampliada
2020-07-01,09011,Tláhuac,CAIDA DE CICLISTA,0,0,0,ampliada
2020-07-01,09011,Tláhuac,CAIDA DE PASAJERO,2,2,0,ampliada
2020-07-01,09011,Tláhuac,CHOQUE,34,40,0,ampliada
2020-07-01,09011,Tláhuac,DERRAPADO,13,14,0,ampliada
2020-07-01,09011,Tláhuac,VOLCADURA,0,0,0,ampliada
2020-07-01,09012,Tlalpan,ATROPELLADO,8,8,0,ampliada
2020-07-01,09012,Tlalpan,CAIDA DE CICLISTA,1,1,0,ampliada
2020-07-01,09012,Tlalpan,CAIDA DE PASAJERO,1,1,0,ampliada
2020-07-01,09012,Tlalpan,CHOQUE,56,68,1,ampliada
2020-07-01,09012,Tlalpan,DERRAPADO,13,12,1,ampliada
2020-07-01,09012,Tlalpan,VOLCADURA,2,2,0,ampliada
2020-07-01,09013,Xochimilco,ATROPELLADO,5,5,1,ampliada
2020-07-01,09013,Xochimilco,CAIDA DE CICLISTA,2,2,0,ampliada
2020-07-01,09013,Xochimilco,CAIDA DE PASAJERO,0,0,0,ampliada
2020-07-01,09013,Xochimilco,CHOQUE,30,43,0,ampliada
2020-07-01,09013,Xochimilco,DERRAPADO,5,5,0,ampliada
2020-07-01,09013,Xochimilco,VOLCADURA,2,2,0,ampliada
2020-07-01,09014,Benito Juárez,ATROPELLADO,13,15,0,ampliada
2020-07-01,09014,Benito Juárez,CAIDA DE CICLISTA,6,6,0,ampliada
2020-07-01,09014,Benito Juárez,CAIDA DE PASAJERO,0,0,0,ampliada
2020-07-01,09014,Benito Juárez,CHOQUE,67,75,1,ampliada
2020-07-01,09014,Benito Juárez,DERRAPADO,27,29,0,ampliada
2020-07-01,09014,Benito Juárez,VOLCADURA,2,2,0,ampliada
2020-07-01,09015,Cuauhtémoc,ATROPELLADO,24,22,2,ampliada
2020-07-01,09015,Cuauhtémoc,CAIDA DE CICLISTA,7,7,0,ampliada
2020-07-01,09015,Cuauhtémoc,CAIDA DE PASAJERO,2,2,0,ampliada
2020-07-01,09015,Cuauhtémoc,CHOQUE,98,111,4,ampliada
2020-07-01,09015,Cuauhtémoc,DERRAPADO,40,43,0,ampliada
2020-07-01,09015,Cuauhtémoc,VOLCADURA,3,8,0,ampliada
2020-07-01,09016,Miguel Hidalgo,ATROPELLADO,15,15,0,ampliada
2020-07-01,09016,Miguel Hidalgo,CAIDA DE CICLISTA,5,5,0,ampliada
2020-07-01,09016,Miguel Hidalgo,CAIDA DE PASAJERO,1,1,0,ampliada
2020-07-01,09016,Miguel Hidalgo,CHOQUE,56,67,0,ampliada
2020-07-01,09016,Miguel Hidalgo,DERRAPADO,22,22,0,ampliada
2020-07-01,09016,Miguel Hidalgo,VOLCADURA,5,5,0,ampliada
2020-07-01,09017,Venustiano Carranza,ATROPELLADO,14,13,2,ampliada
2020-07-01,09017,Venustiano Carranza,CAIDA DE CICLISTA,0,0,0,ampliada
2020-07-01,09017,Venustiano Carranza,CAIDA DE PASAJERO,0,0,0,ampliada
2020-07-01,09017,Venustiano Carranza,CHOQUE,64,75,0,ampliada
2020-07-01,09017,Venustiano Carranza,DERRAPADO,24,28,0,ampliada
2020-07-01,09017,Venustiano Carranza,VOLCADURA,1,1,0,ampliada
2020-08-01,09002,Azcapotzalco,ATROPELLADO,10,10,0,ampliada
2020-08-01,09002,Azcapotzalco,CAIDA DE CICLISTA,2,2,0,ampliada
2020-08-01,09002,Azcapotzalco,CAIDA DE PASAJERO,1,2,0,ampliada
2020-08-01,09002,Azcapotzalco,CHOQUE,32,40,1,ampliada
2020-08-01,09002,Azcapotzalco,DERRAPADO,11,11,0,ampliada
2020-08-01,09002,Azcapotzalco,VOLCADURA,2,4,0,ampliada
2020-08-01,09003,Coyoacán,ATROPELLADO,8,7,1,ampliada
2020-08-01,09003,Coyoacán,CAIDA DE CICLISTA,2,2,0,ampliada
2020-08-01,09003,Coyoacán,CAIDA DE PASAJERO,2,1,1,ampliada
2020-08-01,09003,Coyoacán,CHOQUE,71,78,1,ampliada
2020-08-01,09003,Coyoacán,DERRAPADO,18,22,0,ampliada
2020-08-01,09003,Coyoacán,VOLCADURA,2,2,0,ampliada
2020-08-01,09004,Cuajimalpa de Morelos,ATROPELLADO,2,3,0,ampliada
2020-08-01,09004,Cuajimalpa de Morelos,CAIDA DE CICLISTA,0,0,0,ampliada
2020-08-01,09004,Cuajimalpa de Morelos,CAIDA DE PASAJERO,0,0,0,ampliada
2020-08-01,09004,Cuajimalpa de Morelos,CHOQUE,3,4,0,ampliada
2020-08-01,09004,Cuajimalpa de Morelos,DERRAPADO,8,9,0,ampliada
2020-08-01,09004,Cuajimalpa de Morelos,VOLCADURA,1,2,0,ampliada
2020-08-01,09005,Gustavo A. Madero,ATROPELLADO,29,31,1,ampliada
2020-08-01,09005,Gustavo A. Madero,CAIDA DE CICLISTA,7,7,0,ampliada
2020-08-01,09005,Gustavo A. Madero,CAIDA DE PASAJERO,2,1,1,ampliada
2020-08-01,09005,Gustavo A. Madero,CHOQUE,92,102,3,ampliada
2020-08-01,09005,Gustavo A. Madero,DERRAPADO,33,36,0,ampliada
2020-08-01,09005,Gustavo A. Madero,VOLCADURA,2,2,0,ampliada
2020-08-01,09006,Iztacalco,ATROPELLADO,13,13,0,ampliada
2020-08-01,09006,Iztacalco,CAIDA DE CICLISTA,0,0,0,ampliada
2020-08-01,09006,Iztacalco,CAIDA DE PASAJERO,2,2,0,ampliada
2020-08-01,09006,Iztacalco,CHOQUE,44,52,0,ampliada
2020-08-01,09006,Iztacalco,DERRAPADO,17,18,1,ampliada
2020-08-01,09006,Iztacalco,VOLCADURA,2,2,0,ampliada
2020-08-01,09007,Iztapalapa,ATROPELLADO,39,40,1,ampliada
2020-08-01,09007,Iztapalapa,CAIDA DE CICLISTA,8,8,0,ampliada
2020-08-01,09007,Iztapalapa,CAIDA DE PASAJERO,4,4,0,ampliada
2020-08-01,09007,Iztapalapa,CHOQUE,121,137,4,ampliada
2020-08-01,09007,Iztapalapa,DERRAPADO,52,56,3,ampliada
2020-08-01,09007,Iztapalapa,VOLCADURA,4,4,0,ampliada
2020-08-01,09008,La Magdalena Contreras,ATROPELLADO,3,3,0,ampliada
2020-08-01,09008,La Magdalena Contreras,CAIDA DE CICLISTA,1,1,0,ampliada
2020-08-01,09008,La Magdalena Contreras,CAIDA DE PASAJERO,0,0,0,ampliada
2020-08-01,09008,La Magdalena Contreras,CHOQUE,9,9,1,ampliada
2020-08-01,09008,La Magdalena Contreras,DERRAPADO,6,6,0,ampliada
2020-08-01,09008,La Magdalena Contreras,VOLCADURA,0,0,0,ampliada
2020-08-01,09009,Milpa Alta,ATROPELLADO,0,0,0,ampliada
2020-08-01,09009,Milpa Alta,CAIDA DE CICLISTA,0,0,0,ampliada
2020-08-01,09009,Milpa Alta,CAIDA DE PASAJERO,0,0,0,ampliada
2020-08-01,09009,Milpa Alta,CHOQUE,9,11,0,ampliada
2020-08-01,09009,Milpa Alta,DERRAPADO,2,2,0,ampliada
2020-08-01,09009,Milpa Alta,VOLCADURA,0,0,0,ampliada
2020-08-01,09010,Álvaro Obregón,ATROPELLADO,10,9,1,ampliada
2020-08-01,09010,Álvaro Obregón,CAIDA DE CICLISTA,1,1,0,ampliada
2020-08-01,09010,Álvaro Obregón,CAIDA DE PASAJERO,2,2,0,ampliada
2020-08-01,09010,Álvaro Obregón,CHOQUE,49,59,0,ampliada
2020-08-01,09010,Álvaro Obregón,DERRAPADO,14,14,0,ampliada
2020-08-01,09010,Álvaro Obregón,VOLCADURA,5,8,0,ampliada
2020-08-01,09011,Tláhuac,ATROPELLADO,6,6,0,ampliada
2020-08-01,09011,Tláhuac,CAIDA DE CICLISTA,1,1,0,ampliada
2020-08-01,09011,Tláhuac,CAIDA DE PASAJERO,0,0,0,ampliada
2020-08-01,09011,Tláhuac,CHOQUE,25,35,1,ampliada
2020-08-01,09011,Tláhuac,DERRAPADO,9,10,0,ampliada
2020-08-01,09011,Tláhuac,VOLCADURA,0,0,0,ampliada
2020-08-01,09012,Tlalpan,ATROPELLADO,10,8,2,ampliada
2020-08-01,09012,Tlalpan,CAIDA DE CICLISTA,2,2,0,ampliada
2020-08-01,09012,Tlalpan,CAIDA DE PASAJERO,0,0,0,ampliada
2020-08-01,09012,Tlalpan,CHOQUE,63,74,0,ampliada
2020-08-01,09012,Tlalpan,DERRAPADO,16,18,1,ampliada
2020-08-01,09012,Tlalpan,VOLCADURA,4,4,0,ampliada
2020-08-01,09013,Xochimilco,ATROPELLADO,5,5,0,ampliada
2020-08-01,09013,Xochimilco,CAIDA DE CICLISTA,1,1,0,ampliada
2020-08-01,09013,Xochimilco,CAIDA DE PASAJERO,0,0,0,ampliada
2020-08-01,09013,Xochimilco,CHOQUE,27,34,0,ampliada
2020-08-01,09013,Xochimilco,DERRAPADO,14,16,1,ampliada
2020-08-01,09013,Xochimilco,VOLCADURA,0,0,0,ampliada
2020-08-01,09014,Benito Juárez,ATROPELLADO,11,10,1,ampliada
2020-08-01,09014,Benito Juárez,CAIDA DE CICLISTA,2,2,0,ampliada
2020-08-01,09014,Benito Juárez,CAIDA DE PASAJERO,2,2,0,ampliada
2020-08-01,09014,Benito Juárez,CHOQUE,81,97,4,ampliada
2020-08-01,09014,Benito Juárez,DERRAPADO,20,21,0,ampliada
2020-08-01,09014,Benito Juárez,VOLCADURA,4,4,0,ampliada
2020-08-01,09015,Cuauhtémoc,ATROPELLADO,24,25,0,ampliada
2020-08-01,09015,Cuauhtémoc,CAIDA DE CICLISTA,13,14,0,ampliada
2020-08-01,09015,Cuauhtémoc,CAIDA DE PASAJERO,1,1,0,ampliada
2020-08-01,09015,Cuauhtémoc,CHOQUE,96,112,0,ampliada
2020-08-01,09015,Cuauhtémoc,DERRAPADO,35,37,0,ampliada
2020-08-01,09015,Cuauhtémoc,VOLCADURA,0,0,0,ampliada
2020-08-01,09016,Miguel Hidalgo,ATROPELLADO,10,9,1,ampliada
2020-08-01,09016,Miguel Hidalgo,CAIDA DE CICLISTA,4,4,0,ampliada
2020-08-01,09016,Miguel Hidalgo,CAIDA DE PASAJERO,1,1,0,ampliada
2020-08-01,09016,Miguel Hidalgo,CHOQUE,78,87,1,ampliada
2020-08-01,09016,Miguel Hidalgo,DERRAPADO,25,28,0,ampliada
2020-08-01,09016,Miguel Hidalgo,VOLCADURA,4,4,1,ampliada
2020-08-01,09017,Venustiano Carranza,ATROPELLADO,20,19,2,ampliada
2020-08-01,09017,Venustiano Carranza,CAIDA DE CICLISTA,1,1,0,ampliada
2020-08-01,09017,Venustiano Carranza,CAIDA DE PASAJERO,0,0,0,ampliada
2020-08-01,09017,Venustiano Carranza,CHOQUE,57,66,0,ampliada
2020-08-01,09017,Venustiano Carranza,DERRAPADO,20,23,0,ampliada
2020-08-01,09017,Venustiano Carranza,VOLCADURA,4,7,0,ampliada
2020-09-01,09002,Azcapotzalco,ATROPELLADO,13,13,0,ampliada
2020-09-01,09002,Azcapotzalco,CAIDA DE CICLISTA,4,4,0,ampliada
2020-09-01,09002,Azcapotzalco,CAIDA DE PASAJERO,0,0,0,ampliada
2020-09-01,09002,Azcapotzalco,CHOQUE,37,42,0,ampliada
2020-09-01,09002,Azcapotzalco,DERRAPADO,13,15,0,ampliada
2020-09-01,09002,Azcapotzalco,VOLCADURA,0,0,0,ampliada
2020-09-01,09003,Coyoacán,ATROPELLADO,11,14,0,ampliada
2020-09-01,09003,Coyoacán,CAIDA DE CICLISTA,4,4,0,ampliada
2020-09-01,09003,Coyoacán,CAIDA DE PASAJERO,3,6,0,ampliada
2020-09-01,09003,Coyoacán,CHOQUE,65,73,2,ampliada
2020-09-01,09003,Coyoacán,DERRAPADO,22,22,0,ampliada
2020-09-01,09003,Coyoacán,VOLCADURA,1,1,0,ampliada
2020-09-01,09004,Cuajimalpa de Morelos,ATROPELLADO,5,5,0,ampliada
2020-09-01,09004,Cuajimalpa de Morelos,CAIDA DE CICLISTA,0,0,0,ampliada
2020-09-01,09004,Cuajimalpa de Morelos,CAIDA DE PASAJERO,0,0,0,ampliada
2020-09-01,09004,Cuajimalpa de Morelos,CHOQUE,4,6,0,ampliada
2020-09-01,09004,Cuajimalpa de Morelos,DERRAPADO,6,7,0,ampliada
2020-09-01,09004,Cuajimalpa de Morelos,VOLCADURA,0,0,0,ampliada
2020-09-01,09005,Gustavo A. Madero,ATROPELLADO,23,26,1,ampliada
2020-09-01,09005,Gustavo A. Madero,CAIDA DE CICLISTA,3,3,0,ampliada
2020-09-01,09005,Gustavo A. Madero,CAIDA DE PASAJERO,4,4,0,ampliada
2020-09-01,09005,Gustavo A. Madero,CHOQUE,71,81,1,ampliada
2020-09-01,09005,Gustavo A. Madero,DERRAPADO,33,36,1,ampliada
2020-09-01,09005,Gustavo A. Madero,VOLCADURA,3,4,0,ampliada
2020-09-01,09006,Iztacalco,ATROPELLADO,13,12,1,ampliada
2020-09-01,09006,Iztacalco,CAIDA DE CICLISTA,4,4,0,ampliada
2020-09-01,09006,Iztacalco,CAIDA DE PASAJERO,0,0,0,ampliada
2020-09-01,09006,Iztacalco,CHOQUE,43,55,0,ampliada
2020-09-01,09006,Iztacalco,DERRAPADO,11,12,0,ampliada
2020-09-01,09006,Iztacalco,VOLCADURA,0,0,0,ampliada
2020-09-01,09007,Iztapalapa,ATROPELLADO,44,43,1,ampliada
2020-09-01,09007,Iztapalapa,CAIDA DE CICLISTA,5,5,0,ampliada
2020-09-01,09007,Iztapalapa,CAIDA DE PASAJERO,2,2,0,ampliada
2020-09-01,09007,Iztapalapa,CHOQUE,112,138,5,ampliada
2020-09-01,09007,Iztapalapa,DERRAPADO,44,48,1,ampliada
2020-09-01,09007,Iztapalapa,VOLCADURA,8,10,0,ampliada
2020-09-01,09008,La Magdalena Contreras,ATROPELLADO,2,1,1,ampliada
2020-09-01,09008,La Magdalena Contreras,CAIDA DE CICLISTA,3,3,0,ampliada
2020-09-01,09008,La Magdalena Contreras,CAIDA DE PASAJERO,1,1,0,ampliada
2020-09-01,09008,La Magdalena Contreras,CHOQUE,8,8,0,ampliada
2020-09-01,09008,La Magdalena Contreras,DERRAPADO,3,3,0,ampliada
2020-09-01,09008,La Magdalena Contreras,VOLCADURA,1,1,0,ampliada
2020-09-01,09009,Milpa Alta,ATROPELLADO,1,1,0,ampliada
2020-09-01,09009,Milpa Alta,CAIDA DE CICLISTA,1,1,0,ampliada
2020-09-01,09009,Milpa Alta,CAIDA DE PASAJERO,0,0,0,ampliada
2020-09-01,09009,Milpa Alta,CHOQUE,10,13,0,ampliada
2020-09-01,09009,Milpa Alta,DERRAPADO,3,5,0,ampliada
2020-09-01,09009,Milpa Alta,VOLCADURA,0,0,0,ampliada
2020-09-01,09010,Álvaro Obregón,ATROPELLADO,10,10,0,ampliada
2020-09-01,09010,Álvaro Obregón,CAIDA DE CICLISTA,5,6,0,ampliada
2020-09-01,09010,Álvaro Obregón,CAIDA DE PASAJERO,2,2,0,ampliada
2020-09-01,09010,Álvaro Obregón,CHOQUE,46,55,3,ampliada
2020-09-01,09010,Álvaro Obregón,DERRAPADO,20,20,0,ampliada
2020-09-01,09010,Álvaro Obregón,VOLCADURA,4,5,0,ampliada
2020-09-01,09011,Tláhuac,ATROPELLADO,9,10,0,ampliada
2020-09-01,09011,Tláhuac,CAIDA DE CICLISTA,0,0,0,ampliada
2020-09-01,09011,Tláhuac,CAIDA DE PASAJERO,0,0,0,ampliada
2020-09-01,09011,Tláhuac,CHOQUE,34,44,1,ampliada
2020-09-01,09011,Tláhuac,DERRAPADO,9,10,0,ampliada
2020-09-01,09011,Tláhuac,VOLCADURA,0,0,0,ampliada
2020-09-01,09012,Tlalpan,ATROPELLADO,12,11,1,ampliada
2020-09-01,09012,Tlalpan,CAIDA DE CICLISTA,2,2,0,ampliada
2020-09-01,09012,Tlalpan,CAIDA DE PASAJERO,1,1,0,ampliada
2020-09-01,09012,Tlalpan,CHOQUE,57,72,4,ampliada
2020-09-01,09012,Tlalpan,DERRAPADO,17,17,1,ampliada
2020-09-01,09012,Tlalpan,VOLCADURA,5,10,1,ampliada
2020-09-01,09013,Xochimilco,ATROPELLADO,9,8,1,ampliada
2020-09-01,09013,Xochimilco,CAIDA DE CICLISTA,1,1,0,ampliada
2020-09-01,09013,Xochimilco,CAIDA DE PASAJERO,0,0,0,ampliada
2020-09-01,09013,Xochimilco,CHOQUE,23,28,1,ampliada
2020-09-01,09013,Xochimilco,DERRAPADO,15,16,0,ampliada
2020-09-01,09013,Xochimilco,VOLCADURA,3,4,0,ampliada
2020-09-01,09014,Benito Juárez,ATROPELLADO,14,16,0,ampliada
2020-09-01,09014,Benito Juárez,CAIDA DE CICLISTA,5,6,0,ampliada
2020-09-01,09014,Benito Juárez,CAIDA DE PASAJERO,1,1,0,ampliada
2020-09-01,09014,Benito Juárez,CHOQUE,81,95,0,ampliada
2020-09-01,09014,Benito Juárez,DERRAPADO,26,27,0,ampliada
2020-09-01,09014,Benito Juárez,VOLCADURA,1,1,0,ampliada
2020-09-01,09015,Cuauhtémoc,ATROPELLADO,36,36,0,ampliada
2020-09-01,09015,Cuauhtémoc,CAIDA DE CICLISTA,6,6,0,ampliada
2020-09-01,09015,Cuauhtémoc,CAIDA DE PASAJERO,1,1,0,ampliada
2020-09-01,09015,Cuauhtémoc,CHOQUE,103,128,0,ampliada
2020-09-01,09015,Cuauhtémoc,DERRAPADO,33,34,0,ampliada
2020-09-01,09015,Cuauhtémoc,VOLCADURA,4,4,0,ampliada
2020-09-01,09016,Miguel Hidalgo,ATROPELLADO,10,12,0,ampliada
2020-09-01,09016,Miguel Hidalgo,CAIDA DE CICLISTA,4,4,0,ampliada
2020-09-01,09016,Miguel Hidalgo,CAIDA DE PASAJERO,1,1,0,ampliada
2020-09-01,09016,Miguel Hidalgo,CHOQUE,53,57,0,ampliada
2020-09-01,09016,Miguel Hidalgo,DERRAPADO,23,24,0,ampliada
2020-09-01,09016,Miguel Hidalgo,VOLCADURA,2,3,0,ampliada
2020-09-01,09017,Venustiano Carranza,ATROPELLADO,23,30,1,ampliada
2020-09-01,09017,Venustiano Carranza,CAIDA DE CICLISTA,3,3,0,ampliada
2020-09-01,09017,Venustiano Carranza,CAIDA DE PASAJERO,1,1,0,ampliada
2020-09-01,09017,Venustiano Carranza,CHOQUE,66,84,1,ampliada
2020-09-01,09017,Venustiano Carranza,DERRAPADO,30,35,0,ampliada
2020-09-01,09017,Venustiano Carranza,VOLCADURA,0,0,0,ampliada
2020-10-01,09002,Azcapotzalco,ATROPELLADO,12,13,0,ampliada
2020-10-01,09002,Azcapotzalco,CAIDA DE CICLISTA,4,4,0,ampliada
2020-10-01,09002,Azcapotzalco,CAIDA DE PASAJERO,1,1,0,ampliada
2020-10-01,09002,Azcapotzalco,CHOQUE,56,67,0,ampliada
2020-10-01,09002,Azcapotzalco,DERRAPADO,9,9,0,ampliada
2020-10-01,09002,Azcapotzalco,VOLCADURA,0,0,0,ampliada
2020-10-01,09003,Coyoacán,ATROPELLADO,15,15,0,ampliada
2020-10-01,09003,Coyoacán,CAIDA DE CICLISTA,6,6,0,ampliada
2020-10-01,09003,Coyoacán,CAIDA DE PASAJERO,4,4,0,ampliada
2020-10-01,09003,Coyoacán,CHOQUE,56,59,2,ampliada
2020-10-01,09003,Coyoacán,DERRAPADO,19,20,1,ampliada
2020-10-01,09003,Coyoacán,VOLCADURA,4,6,0,ampliada
2020-10-01,09004,Cuajimalpa de Morelos,ATROPELLADO,4,4,0,ampliada
2020-10-01,09004,Cuajimalpa de Morelos,CAIDA DE CICLISTA,1,1,0,ampliada
2020-10-01,09004,Cuajimalpa de Morelos,CAIDA DE PASAJERO,0,0,0,ampliada
2020-10-01,09004,Cuajimalpa de Morelos,CHOQUE,8,9,0,ampliada
2020-10-01,09004,Cuajimalpa de Morelos,DERRAPADO,5,5,0,ampliada
2020-10-01,09004,Cuajimalpa de Morelos,VOLCADURA,0,0,0,ampliada
2020-10-01,09005,Gustavo A. Madero,ATROPELLADO,32,31,1,ampliada
2020-10-01,09005,Gustavo A. Madero,CAIDA DE CICLISTA,6,6,0,ampliada
2020-10-01,09005,Gustavo A. Madero,CAIDA DE PASAJERO,4,7,0,ampliada
2020-10-01,09005,Gustavo A. Madero,CHOQUE,87,99,1,ampliada
2020-10-01,09005,Gustavo A. Madero,DERRAPADO,38,40,1,ampliada
2020-10-01,09005,Gustavo A. Madero,VOLCADURA,2,2,0,ampliada
2020-10-01,09006,Iztacalco,ATROPELLADO,11,11,0,ampliada
2020-10-01,09006,Iztacalco,CAIDA DE CICLISTA,1,1,0,ampliada
2020-10-01,09006,Iztacalco,CAIDA DE PASAJERO,0,0,0,ampliada
2020-10-01,09006,Iztacalco,CHOQUE,61,69,0,ampliada
2020-10-01,09006,Iztacalco,DERRAPADO,17,18,1,ampliada
2020-10-01,09006,Iztacalco,VOLCADURA,2,3,0,ampliada
2020-10-01,09007,Iztapalapa,ATROPELLADO,50,48,4,ampliada
2020-10-01,09007,Iztapalapa,CAIDA DE CICLISTA,5,5,0,ampliada
2020-10-01,09007,Iztapalapa,CAIDA DE PASAJERO,6,7,0,ampliada
2020-10-01,09007,Iztapalapa,CHOQUE,120,138,1,ampliada
2020-10-01,09007,Iztapalapa,DERRAPADO,41,41,3,ampliada
2020-10-01,09007,Iztapalapa,VOLCADURA,1,1,0,ampliada
2020-10-01,09008,La Magdalena Contreras,ATROPELLADO,1,1,0,ampliada
2020-10-01,09008,La Magdalena Contreras,CAIDA DE CICLISTA,0,0,0,ampliada
2020-10-01,09008,La Magdalena Contreras,CAIDA DE PASAJERO,1,1,0,ampliada
2020-10-01,09008,La Magdalena Contreras,CHOQUE,14,16,0,ampliada
2020-10-01,09008,La Magdalena Contreras,DERRAPADO,7,8,0,ampliada
2020-10-01,09008,La Magdalena Contreras,VOLCADURA,0,0,0,ampliada
2020-10-01,09009,Milpa Alta,ATROPELLADO,2,3,1,ampliada
2020-10-01,09009,Milpa Alta,CAIDA DE CICLISTA,1,1,0,ampliada
2020-10-01,09009,Milpa Alta,CAIDA DE PASAJERO,0,0,0,ampliada
2020-10-01,09009,Milpa Alta,CHOQUE,7,8,0,ampliada
2020-10-01,09009,Milpa Alta,DERRAPADO,6,7,0,ampliada
2020-10-01,09009,Milpa Alta,VOLCADURA,1,0,1,ampliada
2020-10-01,09010,Álvaro Obregón,ATROPELLADO,14,14,0,ampliada
2020-10-01,09010,Álvaro Obregón,CAIDA DE CICLISTA,1,1,0,ampliada
2020-10-01,09010,Álvaro Obregón,CAIDA DE PASAJERO,4,4,0,ampliada
2020-10-01,09010,Álvaro Obregón,CHOQUE,43,44,1,ampliada
2020-10-01,09010,Álvaro Obregón,DERRAPADO,18,20,0,ampliada
2020-10-01,09010,Álvaro Obregón,VOLCADURA,2,2,0,ampliada
2020-10-01,09011,Tláhuac,ATROPELLADO,4,4,0,ampliada
2020-10-01,09011,Tláhuac,CAIDA DE CICLISTA,1,1,0,ampliada
2020-10-01,09011,Tláhuac,CAIDA DE PASAJERO,1,1,0,ampliada
2020-10-01,09011,Tláhuac,CHOQUE,28,33,0,ampliada
2020-10-01,09011,Tláhuac,DERRAPADO,13,12,1,ampliada
2020-10-01,09011,Tláhuac,VOLCADURA,1,2,0,ampliada
2020-10-01,09012,Tlalpan,ATROPELLADO,12,10,2,ampliada
2020-10-01,09012,Tlalpan,CAIDA DE CICLISTA,3,3,0,ampliada
2020-10-01,09012,Tlalpan,CAIDA DE PASAJERO,0,0,0,ampliada
2020-10-01,09012,Tlalpan,CHOQUE,71,86,2,ampliada
2020-10-01,09012,Tlalpan,DERRAPADO,15,14,2,ampliada
2020-10-01,09012,Tlalpan,VOLCADURA,3,17,0,ampliada
2020-10-01,09013,Xochimilco,ATROPELLADO,6,7,0,ampliada
2020-10-01,09013,Xochimilco,CAIDA DE CICLISTA,3,3,0,ampliada
2020-10-01,09013,Xochimilco,CAIDA DE PASAJERO,0,0,0,ampliada
2020-10-01,09013,Xochimilco,CHOQUE,27,30,0,ampliada
2020-10-01,09013,Xochimilco,DERRAPADO,11,11,1,ampliada
2020-10-01,09013,Xochimilco,VOLCADURA,0,0,0,ampliada
2020-10-01,09014,Benito Juárez,ATROPELLADO,12,12,0,ampliada
2020-10-01,09014,Benito Juárez,CAIDA DE CICLISTA,9,9,0,ampliada
2020-10-01,09014,Benito Juárez,CAIDA DE PASAJERO,3,3,0,ampliada
2020-10-01,09014,Benito Juárez,CHOQUE,84,100,0,ampliada
2020-10-01,09014,Benito Juárez,DERRAPADO,18,20,0,ampliada
2020-10-01,09014,Benito Juárez,VOLCADURA,2,2,0,ampliada
2020-10-01,09015,Cuauhtémoc,ATROPELLADO,38,38,1,ampliada
2020-10-01,09015,Cuauhtémoc,CAIDA DE CICLISTA,10,10,0,ampliada
2020-10-01,09015,Cuauhtémoc,CAIDA DE PASAJERO,4,4,0,ampliada
2020-10-01,09015,Cuauhtémoc,CHOQUE,104,120,4,ampliada
2020-10-01,09015,Cuauhtémoc,DERRAPADO,47,49,0,ampliada
2020-10-01,09015,Cuauhtémoc,VOLCADURA,1,1,0,ampliada
2020-10-01,09016,Miguel Hidalgo,ATROPELLADO,21,21,2,ampliada
2020-10-01,09016,Miguel Hidalgo,CAIDA DE CICLISTA,3,3,0,ampliada
2020-10-01,09016,Miguel Hidalgo,CAIDA DE PASAJERO,2,2,0,ampliada
2020-10-01,09016,Miguel Hidalgo,CHOQUE,90,104,1,ampliada
2020-10-01,09016,Miguel Hidalgo,DERRAPADO,27,29,0,ampliada
2020-10-01,09016,Miguel Hidalgo,VOLCADURA,3,3,0,ampliada
2020-10-01,09017,Venustiano Carranza,ATROPELLADO,20,22,0,ampliada
2020-10-01,09017,Venustiano Carranza,CAIDA DE CICLISTA,3,4,0,ampliada
2020-10-01,09017,Venustiano Carranza,CAIDA DE PASAJERO,3,3,0,ampliada
2020-10-01,09017,Venustiano Carranza,CHOQUE,67,86,0,ampliada
2020-10-01,09017,Venustiano Carranza,DERRAPADO,25,26,0,ampliada
2020-10-01,09017,Venustiano Carranza,VOLCADURA,4,6,0,ampliada
2020-11-01,09002,Azcapotzalco,ATROPELLADO,10,12,1,ampliada
2020-11-01,09002,Azcapotzalco,CAIDA DE CICLISTA,3,3,0,ampliada
2020-11-01,09002,Azcapotzalco,CAIDA DE PASAJERO,1,1,0,ampliada
2020-11-01,09002,Azcapotzalco,CHOQUE,48,61,0,ampliada
2020-11-01,09002,Azcapotzalco,DERRAPADO,9,10,0,ampliada
2020-11-01,09002,Azcapotzalco,VOLCADURA,2,1,2,ampliada
2020-11-01,09003,Coyoacán,ATROPELLADO,13,14,0,ampliada
2020-11-01,09003,Coyoacán,CAIDA DE CICLISTA,1,1,0,ampliada
2020-11-01,09003,Coyoacán,CAIDA DE PASAJERO,3,3,0,ampliada
2020-11-01,09003,Coyoacán,CHOQUE,52,61,2,ampliada
2020-11-01,09003,Coyoacán,DERRAPADO,20,21,0,ampliada
2020-11-01,09003,Coyoacán,VOLCADURA,2,3,0,ampliada
2020-11-01,09004,Cuajimalpa de Morelos,ATROPELLADO,3,3,0,ampliada
2020-11-01,09004,Cuajimalpa de Morelos,CAIDA DE CICLISTA,0,0,0,ampliada
2020-11-01,09004,Cuajimalpa de Morelos,CAIDA DE PASAJERO,0,0,0,ampliada
2020-11-01,09004,Cuajimalpa de Morelos,CHOQUE,9,9,0,ampliada
2020-11-01,09004,Cuajimalpa de Morelos,DERRAPADO,5,6,0,ampliada
2020-11-01,09004,Cuajimalpa de Morelos,VOLCADURA,0,0,0,ampliada
2020-11-01,09005,Gustavo A. Madero,ATROPELLADO,33,33,0,ampliada
2020-11-01,09005,Gustavo A. Madero,CAIDA DE CICLISTA,5,5,0,ampliada
2020-11-01,09005,Gustavo A. Madero,CAIDA DE PASAJERO,3,3,0,ampliada
2020-11-01,09005,Gustavo A. Madero,CHOQUE,85,106,4,ampliada
2020-11-01,09005,Gustavo A. Madero,DERRAPADO,29,31,0,ampliada
2020-11-01,09005,Gustavo A. Madero,VOLCADURA,3,3,0,ampliada
2020-11-01,09006,Iztacalco,ATROPELLADO,11,12,0,ampliada
2020-11-01,09006,Iztacalco,CAIDA DE CICLISTA,1,1,0,ampliada
2020-11-01,09006,Iztacalco,CAIDA DE PASAJERO,1,1,0,ampliada
2020-11-01,09006,Iztacalco,CHOQUE,43,47,0,ampliada
2020-11-01,09006,Iztacalco,DERRAPADO,10,10,0,ampliada
2020-11-01,09006,Iztacalco,VOLCADURA,0,0,0,ampliada
2020-11-01,09007,Iztapalapa,ATROPELLADO,39,38,3,ampliada
2020-11-01,09007,Iztapalapa,CAIDA DE CICLISTA,6,6,0,ampliada
2020-11-01,09007,Iztapalapa,CAIDA DE PASAJERO,3,3,0,ampliada
2020-11-01,09007,Iztapalapa,CHOQUE,107,129,4,ampliada
2020-11-01,09007,Iztapalapa,DERRAPADO,37,39,1,ampliada
2020-11-01,09007,Iztapalapa,VOLCADURA,1,3,0,ampliada
2020-11-01,09008,La Magdalena Contreras,ATROPELLADO,4,4,0,ampliada
2020-11-01,09008,La Magdalena Contreras,CAIDA DE CICLISTA,0,0,0,ampliada
2020-11-01,09008,La Magdalena Contreras,CAIDA DE PASAJERO,0,0,0,ampliada
2020-11-01,09008,La Magdalena Contreras,CHOQUE,13,15,1,ampliada
2020-11-01,09008,La Magdalena Contreras,DERRAPADO,5,5,0,ampliada
2020-11-01,09008,La Magdalena Contreras,VOLCADURA,2,2,0,ampliada
2020-11-01,09009,Milpa Alta,ATROPELLADO,1,1,0,ampliada
2020-11-01,09009,Milpa Alta,CAIDA DE CICLISTA,0,0,0,ampliada
2020-11-01,09009,Milpa Alta,CAIDA DE PASAJERO,0,0,0,ampliada
2020-11-01,09009,Milpa Alta,CHOQUE,8,11,0,ampliada
2020-11-01,09009,Milpa Alta,DERRAPADO,1,1,0,ampliada
2020-11-01,09009,Milpa Alta,VOLCADURA,2,2,0,ampliada
2020-11-01,09010,Álvaro Obregón,ATROPELLADO,15,17,0,ampliada
2020-11-01,09010,Álvaro Obregón,CAIDA DE CICLISTA,3,3,0,ampliada
2020-11-01,09010,Álvaro Obregón,CAIDA DE PASAJERO,1,1,0,ampliada
2020-11-01,09010,Álvaro Obregón,CHOQUE,42,47,0,ampliada
2020-11-01,09010,Álvaro Obregón,DERRAPADO,19,23,0,ampliada
2020-11-01,09010,Álvaro Obregón,VOLCADURA,3,2,2,ampliada
2020-11-01,09011,Tláhuac,ATROPELLADO,6,6,0,ampliada
2020-11-01,09011,Tláhuac,CAIDA DE CICLISTA,2,2,0,ampliada
2020-11-01,09011,Tláhuac,CAIDA DE PASAJERO,0,0,0,ampliada
2020-11-01,09011,Tláhuac,CHOQUE,32,35,1,ampliada
2020-11-01,09011,Tláhuac,DERRAPADO,8,8,0,ampliada
2020-11-01,09011,Tláhuac,VOLCADURA,1,1,0,ampliada
2020-11-01,09012,Tlalpan,ATROPELLADO,9,10,0,ampliada
2020-11-01,09012,Tlalpan,CAIDA DE CICLISTA,1,1,0,ampliada
2020-11-01,09012,Tlalpan,CAIDA DE PASAJERO,0,0,0,ampliada
2020-11-01,09012,Tlalpan,CHOQUE,51,60,1,ampliada
2020-11-01,09012,Tlalpan,DERRAPADO,17,18,0,ampliada
2020-11-01,09012,Tlalpan,VOLCADURA,5,6,0,ampliada
2020-11-01,09013,Xochimilco,ATROPELLADO,13,12,1,ampliada
2020-11-01,09013,Xochimilco,CAIDA DE CICLISTA,1,1,0,ampliada
2020-11-01,09013,Xochimilco,CAIDA DE PASAJERO,0,0,0,ampliada
2020-11-01,09013,Xochimilco,CHOQUE,26,31,2,ampliada
2020-11-01,09013,Xochimilco,DERRAPADO,11,11,0,ampliada
2020-11-01,09013,Xochimilco,VOLCADURA,2,3,0,ampliada
2020-11-01,09014,Benito Juárez,ATROPELLADO,7,7,0,ampliada
2020-11-01,09014,Benito Juárez,CAIDA DE CICLISTA,6,6,0,ampliada
2020-11-01,09014,Benito Juárez,CAIDA DE PASAJERO,2,2,0,ampliada
2020-11-01,09014,Benito Juárez,CHOQUE,74,82,0,ampliada
2020-11-01,09014,Benito Juárez,DERRAPADO,23,21,2,ampliada
2020-11-01,09014,Benito Juárez,VOLCADURA,3,7,0,ampliada
2020-11-01,09015,Cuauhtémoc,ATROPELLADO,41,41,1,ampliada
2020-11-01,09015,Cuauhtémoc,CAIDA DE CICLISTA,16,16,0,ampliada
2020-11-01,09015,Cuauhtémoc,CAIDA DE PASAJERO,1,1,0,ampliada
2020-11-01,09015,Cuauhtémoc,CHOQUE,101,113,0,ampliada
2020-11-01,09015,Cuauhtémoc,DERRAPADO,43,48,0,ampliada
2020-11-01,09015,Cuauhtémoc,VOLCADURA,2,2,0,ampliada
2020-11-01,09016,Miguel Hidalgo,ATROPELLADO,13,13,0,ampliada
2020-11-01,09016,Miguel Hidalgo,CAIDA DE CICLISTA,8,8,0,ampliada
2020-11-01,09016,Miguel Hidalgo,CAIDA DE PASAJERO,3,4,0,ampliada
2020-11-01,09016,Miguel Hidalgo,CHOQUE,86,95,0,ampliada
2020-11-01,09016,Miguel Hidalgo,DERRAPADO,25,25,0,ampliada
2020-11-01,09016,Miguel Hidalgo,VOLCADURA,3,3,0,ampliada
2020-11-01,09017,Venustiano Carranza,ATROPELLADO,20,19,1,ampliada
2020-11-01,09017,Venustiano Carranza,CAIDA DE CICLISTA,0,0,0,ampliada
2020-11-01,09017,Venustiano Carranza,CAIDA DE PASAJERO,0,0,0,ampliada
2020-11-01,09017,Venustiano Carranza,CHOQUE,73,85,0,ampliada
2020-11-01,09017,Venustiano Carranza,DERRAPADO,26,26,3,ampliada
2020-11-01,09017,Venustiano Carranza,VOLCADURA,1,0,2,ampliada
2020-12-01,09002,Azcapotzalco,ATROPELLADO,7,7,0,ampliada
2020-12-01,09002,Azcapotzalco,CAIDA DE CICLISTA,2,2,0,ampliada
2020-12-01,09002,Azcapotzalco,CAIDA DE PASAJERO,0,0,0,ampliada
2020-12-01,09002,Azcapotzalco,CHOQUE,71,79,0,ampliada
2020-12-01,09002,Azcapotzalco,DERRAPADO,13,13,1,ampliada
2020-12-01,09002,Azcapotzalco,VOLCADURA,2,4,0,ampliada
2020-12-01,09003,Coyoacán,ATROPELLADO,13,12,1,ampliada
2020-12-01,09003,Coyoacán,CAIDA DE CICLISTA,1,1,0,ampliada
2020-12-01,09003,Coyoacán,CAIDA DE PASAJERO,1,1,0,ampliada
2020-12-01,09003,Coyoacán,CHOQUE,53,61,0,ampliada
2020-12-01,09003,Coyoacán,DERRAPADO,16,17,0,ampliada
2020-12-01,09003,Coyoacán,VOLCADURA,2,1,2,ampliada
2020-12-01,09004,Cuajimalpa de Morelos,ATROPELLADO,4,3,1,ampliada
2020-12-01,09004,Cuajimalpa de Morelos,CAIDA DE CICLISTA,0,0,0,ampliada
2020-12-01,09004,Cuajimalpa de Morelos,CAIDA DE PASAJERO,0,0,0,ampliada
2020-12-01,09004,Cuajimalpa de Morelos,CHOQUE,7,11,0,ampliada
2020-12-01,09004,Cuajimalpa de Morelos,DERRAPADO,6,6,0,ampliada
2020-12-01,09004,Cuajimalpa de Morelos,VOLCADURA,1,2,0,ampliada
2020-12-01,09005,Gustavo A. Madero,ATROPELLADO,27,30,1,ampliada
2020-12-01,09005,Gustavo A. Madero,CAIDA DE CICLISTA,4,4,0,ampliada
2020-12-01,09005,Gustavo A. Madero,CAIDA DE PASAJERO,1,1,0,ampliada
2020-12-01,09005,Gustavo A. Madero,CHOQUE,86,97,3,ampliada
2020-12-01,09005,Gustavo A. Madero,DERRAPADO,25,24,2,ampliada
2020-12-01,09005,Gustavo A. Madero,VOLCADURA,2,2,1,ampliada
2020-12-01,09006,Iztacalco,ATROPELLADO,20,21,1,ampliada
2020-12-01,09006,Iztacalco,CAIDA DE CICLISTA,7,7,0,ampliada
2020-12-01,09006,Iztacalco,CAIDA DE PASAJERO,1,1,0,ampliada
2020-12-01,09006,Iztacalco,CHOQUE,35,43,1,ampliada
2020-12-01,09006,Iztacalco,DERRAPADO,6,6,0,ampliada
2020-12-01,09006,Iztacalco,VOLCADURA,1,1,0,ampliada
2020-12-01,09007,Iztapalapa,ATROPELLADO,30,31,1,ampliada
2020-12-01,09007,Iztapalapa,CAIDA DE CICLISTA,3,3,0,ampliada
2020-12-01,09007,Iztapalapa,CAIDA DE PASAJERO,2,2,0,ampliada
2020-12-01,09007,Iztapalapa,CHOQUE,114,133,4,ampliada
2020-12-01,09007,Iztapalapa,DERRAPADO,35,35,1,ampliada
2020-12-01,09007,Iztapalapa,VOLCADURA,3,6,0,ampliada
2020-12-01,09008,La Magdalena Contreras,ATROPELLADO,4,4,0,ampliada
2020-12-01,09008,La Magdalena Contreras,CAIDA DE CICLISTA,1,1,0,ampliada
2020-12-01,09008,La Magdalena Contreras,CAIDA DE PASAJERO,0,0,0,ampliada
2020-12-01,09008,La Magdalena Contreras,CHOQUE,10,13,0,ampliada
2020-12-01,09008,La Magdalena Contreras,DERRAPADO,6,6,0,ampliada
2020-12-01,09008,La Magdalena Contreras,VOLCADURA,0,0,0,ampliada
2020-12-01,09009,Milpa Alta,ATROPELLADO,0,0,0,ampliada
2020-12-01,09009,Milpa Alta,CAIDA DE CICLISTA,0,0,0,ampliada
2020-12-01,09009,Milpa Alta,CAIDA DE PASAJERO,1,1,0,ampliada
2020-12-01,09009,Milpa Alta,CHOQUE,6,8,0,ampliada
2020-12-01,09009,Milpa Alta,DERRAPADO,1,1,0,ampliada
2020-12-01,09009,Milpa Alta,VOLCADURA,0,0,0,ampliada
2020-12-01,09010,Álvaro Obregón,ATROPELLADO,15,14,1,ampliada
2020-12-01,09010,Álvaro Obregón,CAIDA DE CICLISTA,1,1,0,ampliada
2020-12-01,09010,Álvaro Obregón,CAIDA DE PASAJERO,0,0,0,ampliada
2020-12-01,09010,Álvaro Obregón,CHOQUE,49,55,2,ampliada
2020-12-01,09010,Álvaro Obregón,DERRAPADO,19,20,1,ampliada
2020-12-01,09010,Álvaro Obregón,VOLCADURA,1,1,0,ampliada
2020-12-01,09011,Tláhuac,ATROPELLADO,9,9,0,ampliada
2020-12-01,09011,Tláhuac,CAIDA DE CICLISTA,0,0,0,ampliada
2020-12-01,09011,Tláhuac,CAIDA DE PASAJERO,0,0,0,ampliada
2020-12-01,09011,Tláhuac,CHOQUE,24,24,1,ampliada
2020-12-01,09011,Tláhuac,DERRAPADO,6,6,0,ampliada
2020-12-01,09011,Tláhuac,VOLCADURA,0,0,0,ampliada
2020-12-01,09012,Tlalpan,ATROPELLADO,12,11,1,ampliada
2020-12-01,09012,Tlalpan,CAIDA DE CICLISTA,3,3,0,ampliada
2020-12-01,09012,Tlalpan,CAIDA DE PASAJERO,0,0,0,ampliada
2020-12-01,09012,Tlalpan,CHOQUE,52,62,1,ampliada
2020-12-01,09012,Tlalpan,DERRAPADO,18,20,2,ampliada
2020-12-01,09012,Tlalpan,VOLCADURA,1,1,0,ampliada
2020-12-01,09013,Xochimilco,ATROPELLADO,4,5,0,ampliada
2020-12-01,09013,Xochimilco,CAIDA DE CICLISTA,2,1,1,ampliada
2020-12-01,09013,Xochimilco,CAIDA DE PASAJERO,1,1,0,ampliada
2020-12-01,09013,Xochimilco,CHOQUE,18,24,0,ampliada
2020-12-01,09013,Xochimilco,DERRAPADO,15,16,0,ampliada
2020-12-01,09013,Xochimilco,VOLCADURA,1,1,0,ampliada
2020-12-01,09014,Benito Juárez,ATROPELLADO,12,12,0,ampliada
2020-12-01,09014,Benito Juárez,CAIDA DE CICLISTA,5,5,0,ampliada
2020-12-01,09014,Benito Juárez,CAIDA DE PASAJERO,2,2,0,ampliada
2020-12-01,09014,Benito Juárez,CHOQUE,80,94,0,ampliada
2020-12-01,09014,Benito Juárez,DERRAPADO,18,20,0,ampliada
2020-12-01,09014,Benito Juárez,VOLCADURA,2,2,0,ampliada
2020-12-01,09015,Cuauhtémoc,ATROPELLADO,25,26,0,ampliada
2020-12-01,09015,Cuauhtémoc,CAIDA DE CICLISTA,6,6,0,ampliada
2020-12-01,09015,Cuauhtémoc,CAIDA DE PASAJERO,3,3,0,ampliada
2020-12-01,09015,Cuauhtémoc,CHOQUE,92,107,2,ampliada
2020-12-01,09015,Cuauhtémoc,DERRAPADO,30,31,0,ampliada
2020-12-01,09015,Cuauhtémoc,VOLCADURA,1,1,0,ampliada
2020-12-01,09016,Miguel Hidalgo,ATROPELLADO,13,16,1,ampliada
2020-12-01,09016,Miguel Hidalgo,CAIDA DE CICLISTA,7,7,0,ampliada
2020-12-01,09016,Miguel Hidalgo,CAIDA DE PASAJERO,2,2,0,ampliada
2020-12-01,09016,Miguel Hidalgo,CHOQUE,57,64,2,ampliada
2020-12-01,09016,Miguel Hidalgo,DERRAPADO,17,17,1,ampliada
2020-12-01,09016,Miguel Hidalgo,VOLCADURA,3,3,0,ampliada
2020-12-01,09017,Venustiano Carranza,ATROPELLADO,25,24,3,ampliada
2020-12-01,09017,Venustiano Carranza,CAIDA DE CICLISTA,2,2,0,ampliada
2020-12-01,09017,Venustiano Carranza,CAIDA DE PASAJERO,0,0,0,ampliada
2020-12-01,09017,Venustiano Carranza,CHOQUE,63,83,2,ampliada
2020-12-01,09017,Venustiano Carranza,DERRAPADO,23,24,1,ampliada
2020-12-01,09017,Venustiano Carranza,VOLCADURA,0,0,0,ampliada
2021-01-01,09002,Azcapotzalco,ATROPELLADO,7,7,0,ampliada
2021-01-01,09002,Azcapotzalco,CAIDA DE CICLISTA,3,2,1,ampliada
2021-01-01,09002,Azcapotzalco,CAIDA DE PASAJERO,1,1,0,ampliada
2021-01-01,09002,Azcapotzalco,CHOQUE,44,48,0,ampliada
2021-01-01,09002,Azcapotzalco,DERRAPADO,14,14,2,ampliada
2021-01-01,09002,Azcapotzalco,VOLCADURA,1,1,0,ampliada
2021-01-01,09003,Coyoacán,ATROPELLADO,11,10,1,ampliada
2021-01-01,09003,Coyoacán,CAIDA DE CICLISTA,4,4,0,ampliada
2021-01-01,09003,Coyoacán,CAIDA DE PASAJERO,0,0,0,ampliada
2021-01-01,09003,Coyoacán,CHOQUE,56,63,1,ampliada
2021-01-01,09003,Coyoacán,DERRAPADO,19,19,1,ampliada
2021-01-01,09003,Coyoacán,VOLCADURA,1,1,0,ampliada
2021-01-01,09004,Cuajimalpa de Morelos,ATROPELLADO,3,3,1,ampliada
2021-01-01,09004,Cuajimalpa de Morelos,CAIDA DE CICLISTA,1,1,0,ampliada
2021-01-01,09004,Cuajimalpa de Morelos,CAIDA DE PASAJERO,1,1,0,ampliada
2021-01-01,09004,Cuajimalpa de Morelos,CHOQUE,14,21,0,ampliada
2021-01-01,09004,Cuajimalpa de Morelos,DERRAPADO,10,12,0,ampliada
2021-01-01,09004,Cuajimalpa de Morelos,VOLCADURA,0,0,0,ampliada
2021-01-01,09005,Gustavo A. Madero,ATROPELLADO,16,16,1,ampliada
2021-01-01,09005,Gustavo A. Madero,CAIDA DE CICLISTA,3,3,0,ampliada
2021-01-01,09005,Gustavo A. Madero,CAIDA DE PASAJERO,0,0,0,ampliada
2021-01-01,09005,Gustavo A. Madero,CHOQUE,84,112,2,ampliada
2021-01-01,09005,Gustavo A. Madero,DERRAPADO,34,32,5,ampliada
2021-01-01,09005,Gustavo A. Madero,VOLCADURA,3,4,0,ampliada
2021-01-01,09006,Iztacalco,ATROPELLADO,12,14,0,ampliada
2021-01-01,09006,Iztacalco,CAIDA DE CICLISTA,3,3,0,ampliada
2021-01-01,09006,Iztacalco,CAIDA DE PASAJERO,1,3,0,ampliada
2021-01-01,09006,Iztacalco,CHOQUE,41,50,1,ampliada
2021-01-01,09006,Iztacalco,DERRAPADO,15,15,0,ampliada
2021-01-01,09006,Iztacalco,VOLCADURA,0,0,0,ampliada
2021-01-01,09007,Iztapalapa,ATROPELLADO,31,29,3,ampliada
2021-01-01,09007,Iztapalapa,CAIDA DE CICLISTA,1,1,0,ampliada
2021-01-01,09007,Iztapalapa,CAIDA DE PASAJERO,4,4,0,ampliada
2021-01-01,09007,Iztapalapa,CHOQUE,107,122,3,ampliada
2021-01-01,09007,Iztapalapa,DERRAPADO,32,32,3,ampliada
2021-01-01,09007,Iztapalapa,VOLCADURA,5,5,0,ampliada
2021-01-01,09008,La Magdalena Contreras,ATROPELLADO,1,1,0,ampliada
2021-01-01,09008,La Magdalena Contreras,CAIDA DE CICLISTA,1,1,0,ampliada
2021-01-01,09008,La Magdalena Contreras,CAIDA DE PASAJERO,0,0,0,ampliada
2021-01-01,09008,La Magdalena Contreras,CHOQUE,11,11,0,ampliada
2021-01-01,09008,La Magdalena Contreras,DERRAPADO,7,7,0,ampliada
2021-01-01,09008,La Magdalena Contreras,VOLCADURA,0,0,0,ampliada
2021-01-01,09009,Milpa Alta,ATROPELLADO,1,3,0,ampliada
2021-01-01,09009,Milpa Alta,CAIDA DE CICLISTA,2,2,0,ampliada
2021-01-01,09009,Milpa Alta,CAIDA DE PASAJERO,0,0,0,ampliada
2021-01-01,09009,Milpa Alta,CHOQUE,4,5,0,ampliada
2021-01-01,09009,Milpa Alta,DERRAPADO,4,6,1,ampliada
2021-01-01,09009,Milpa Alta,VOLCADURA,0,0,0,ampliada
2021-01-01,09010,Álvaro Obregón,ATROPELLADO,13,11,2,ampliada
2021-01-01,09010,Álvaro Obregón,CAIDA DE CICLISTA,1,2,0,ampliada
2021-01-01,09010,Álvaro Obregón,CAIDA DE PASAJERO,2,1,1,ampliada
2021-01-01,09010,Álvaro Obregón,CHOQUE,35,42,0,ampliada
2021-01-01,09010,Álvaro Obregón,DERRAPADO,24,25,0,ampliada
2021-01-01,09010,Álvaro Obregón,VOLCADURA,3,3,0,ampliada
2021-01-01,09011,Tláhuac,ATROPELLADO,5,6,0,ampliada
2021-01-01,09011,Tláhuac,CAIDA DE CICLISTA,2,2,0,ampliada
2021-01-01,09011,Tláhuac,CAIDA DE PASAJERO,1,1,0,ampliada
2021-01-01,09011,Tláhuac,CHOQUE,23,28,0,ampliada
2021-01-01,09011,Tláhuac,DERRAPADO,12,13,0,ampliada
2021-01-01,09011,Tláhuac,VOLCADURA,1,1,0,ampliada
2021-01-01,09012,Tlalpan,ATROPELLADO,6,4,2,ampliada
2021-01-01,09012,Tlalpan,CAIDA DE CICLISTA,2,2,0,ampliada
2021-01-01,09012,Tlalpan,CAIDA DE PASAJERO,1,1,0,ampliada
2021-01-01,09012,Tlalpan,CHOQUE,46,50,1,ampliada
2021-01-01,09012,Tlalpan,DERRAPADO,17,17,1,ampliada
2021-01-01,09012,Tlalpan,VOLCADURA,2,3,0,ampliada
2021-01-01,09013,Xochimilco,ATROPELLADO,4,4,0,ampliada
2021-01-01,09013,Xochimilco,CAIDA DE CICLISTA,1,1,0,ampliada
2021-01-01,09013,Xochimilco,CAIDA DE PASAJERO,2,2,0,ampliada
2021-01-01,09013,Xochimilco,CHOQUE,25,29,0,ampliada
2021-01-01,09013,Xochimilco,DERRAPADO,5,5,0,ampliada
2021-01-01,09013,Xochimilco,VOLCADURA,0,0,0,ampliada
2021-01-01,09014,Benito Juárez,ATROPELLADO,15,15,1,ampliada
2021-01-01,09014,Benito Juárez,CAIDA DE CICLISTA,3,3,0,ampliada
2021-01-01,09014,Benito Juárez,CAIDA DE PASAJERO,1,1,0,ampliada
2021-01-01,09014,Benito Juárez,CHOQUE,68,78,2,ampliada
2021-01-01,09014,Benito Juárez,DERRAPADO,20,19,2,ampliada
2021-01-01,09014,Benito Juárez,VOLCADURA,1,1,0,ampliada
2021-01-01,09015,Cuauhtémoc,ATROPELLADO,26,26,0,ampliada
2021-01-01,09015,Cuauhtémoc,CAIDA DE CICLISTA,9,9,0,ampliada
2021-01-01,09015,Cuauhtémoc,CAIDA DE PASAJERO,2,2,0,ampliada
2021-01-01,09015,Cuauhtémoc,CHOQUE,90,103,1,ampliada
2021-01-01,09015,Cuauhtémoc,DERRAPADO,27,28,0,ampliada
2021-01-01,09015,Cuauhtémoc,VOLCADURA,0,0,0,ampliada
2021-01-01,09016,Miguel Hidalgo,ATROPELLADO,7,7,0,ampliada
2021-01-01,09016,Miguel Hidalgo,CAIDA DE CICLISTA,5,5,0,ampliada
2021-01-01,09016,Miguel Hidalgo,CAIDA DE PASAJERO,2,3,0,ampliada
2021-01-01,09016,Miguel Hidalgo,CHOQUE,74,84,1,ampliada
2021-01-01,09016,Miguel Hidalgo,DERRAPADO,30,35,0,ampliada
2021-01-01,09016,Miguel Hidalgo,VOLCADURA,3,4,0,ampliada
2021-01-01,09017,Venustiano Carranza,ATROPELLADO,19,19,1,ampliada
2021-01-01,09017,Venustiano Carranza,CAIDA DE CICLISTA,1,1,0,ampliada
2021-01-01,09017,Venustiano Carranza,CAIDA DE PASAJERO,3,2,1,ampliada
2021-01-01,09017,Venustiano Carranza,CHOQUE,61,82,0,ampliada
2021-01-01,09017,Venustiano Carranza,DERRAPADO,23,23,2,ampliada
2021-01-01,09017,Venustiano Carranza,VOLCADURA,1,1,0,ampliada
2021-02-01,09002,Azcapotzalco,ATROPELLADO,13,13,1,ampliada
2021-02-01,09002,Azcapotzalco,CAIDA DE CICLISTA,2,2,0,ampliada
2021-02-01,09002,Azcapotzalco,CAIDA DE PASAJERO,1,1,0,ampliada
2021-02-01,09002,Azcapotzalco,CHOQUE,37,38,2,ampliada
2021-02-01,09002,Azcapotzalco,DERRAPADO,19,20,0,ampliada
2021-02-01,09002,Azcapotzalco,VOLCADURA,2,2,0,ampliada
2021-02-01,09003,Coyoacán,ATROPELLADO,14,14,0,ampliada
2021-02-01,09003,Coyoacán,CAIDA DE CICLISTA,5,5,0,ampliada
2021-02-01,09003,Coyoacán,CAIDA DE PASAJERO,3,3,0,ampliada
2021-02-01,09003,Coyoacán,CHOQUE,49,56,1,ampliada
2021-02-01,09003,Coyoacán,DERRAPADO,21,20,3,ampliada
2021-02-01,09003,Coyoacán,VOLCADURA,3,3,0,ampliada
2021-02-01,09004,Cuajimalpa de Morelos,ATROPELLADO,2,2,0,ampliada
2021-02-01,09004,Cuajimalpa de Morelos,CAIDA DE CICLISTA,1,1,0,ampliada
2021-02-01,09004,Cuajimalpa de Morelos,CAIDA DE PASAJERO,0,0,0,ampliada
2021-02-01,09004,Cuajimalpa de Morelos,CHOQUE,7,10,1,ampliada
2021-02-01,09004,Cuajimalpa de Morelos,DERRAPADO,6,6,0,ampliada
2021-02-01,09004,Cuajimalpa de Morelos,VOLCADURA,1,2,0,ampliada
2021-02-01,09005,Gustavo A. Madero,ATROPELLADO,20,20,0,ampliada
2021-02-01,09005,Gustavo A. Madero,CAIDA DE CICLISTA,5,5,0,ampliada
2021-02-01,09005,Gustavo A. Madero,CAIDA DE PASAJERO,2,2,0,ampliada
2021-02-01,09005,Gustavo A. Madero,CHOQUE,110,120,7,ampliada
2021-02-01,09005,Gustavo A. Madero,DERRAPADO,42,48,0,ampliada
2021-02-01,09005,Gustavo A. Madero,VOLCADURA,5,5,1,ampliada
2021-02-01,09006,Iztacalco,ATROPELLADO,9,9,0,ampliada
2021-02-01,09006,Iztacalco,CAIDA DE CICLISTA,0,0,0,ampliada
2021-02-01,09006,Iztacalco,CAIDA DE PASAJERO,0,0,0,ampliada
2021-02-01,09006,Iztacalco,CHOQUE,37,48,1,ampliada
2021-02-01,09006,Iztacalco,DERRAPADO,9,9,0,ampliada
2021-02-01,09006,Iztacalco,VOLCADURA,3,5,0,ampliada
2021-02-01,09007,Iztapalapa,ATROPELLADO,41,39,3,ampliada
2021-02-01,09007,Iztapalapa,CAIDA DE CICLISTA,0,0,0,ampliada
2021-02-01,09007,Iztapalapa,CAIDA DE PASAJERO,3,4,0,ampliada
2021-02-01,09007,Iztapalapa,CHOQUE,104,123,3,ampliada
2021-02-01,09007,Iztapalapa,DERRAPADO,59,63,2,ampliada
2021-02-01,09007,Iztapalapa,VOLCADURA,1,1,0,ampliada
2021-02-01,09008,La Magdalena Contreras,ATROPELLADO,4,4,0,ampliada
2021-02-01,09008,La Magdalena Contreras,CAIDA DE CICLISTA,0,0,0,ampliada
2021-02-01,09008,La Magdalena Contreras,CAIDA DE PASAJERO,1,1,0,ampliada
2021-02-01,09008,La Magdalena Contreras,CHOQUE,10,13,0,ampliada
2021-02-01,09008,La Magdalena Contreras,DERRAPADO,5,5,0,ampliada
2021-02-01,09008,La Magdalena Contreras,VOLCADURA,0,0,0,ampliada
2021-02-01,09009,Milpa Alta,ATROPELLADO,3,3,0,ampliada
2021-02-01,09009,Milpa Alta,CAIDA DE CICLISTA,0,0,0,ampliada
2021-02-01,09009,Milpa Alta,CAIDA DE PASAJERO,0,0,0,ampliada
2021-02-01,09009,Milpa Alta,CHOQUE,2,2,0,ampliada
2021-02-01,09009,Milpa Alta,DERRAPADO,4,4,0,ampliada
2021-02-01,09009,Milpa Alta,VOLCADURA,3,4,0,ampliada
2021-02-01,09010,Álvaro Obregón,ATROPELLADO,10,10,1,ampliada
2021-02-01,09010,Álvaro Obregón,CAIDA DE CICLISTA,1,1,0,ampliada
2021-02-01,09010,Álvaro Obregón,CAIDA DE PASAJERO,6,8,0,ampliada
2021-02-01,09010,Álvaro Obregón,CHOQUE,46,48,2,ampliada
2021-02-01,09010,Álvaro Obregón,DERRAPADO,22,22,0,ampliada
2021-02-01,09010,Álvaro Obregón,VOLCADURA,2,2,0,ampliada
2021-02-01,09011,Tláhuac,ATROPELLADO,7,7,0,ampliada
2021-02-01,09011,Tláhuac,CAIDA DE CICLISTA,3,3,0,ampliada
2021-02-01,09011,Tláhuac,CAIDA DE PASAJERO,0,0,0,ampliada
2021-02-01,09011,Tláhuac,CHOQUE,25,32,1,ampliada
2021-02-01,09011,Tláhuac,DERRAPADO,11,11,0,ampliada
2021-02-01,09011,Tláhuac,VOLCADURA,0,0,0,ampliada
2021-02-01,09012,Tlalpan,ATROPELLADO,13,11,3,ampliada
2021-02-01,09012,Tlalpan,CAIDA DE CICLISTA,1,1,0,ampliada
2021-02-01,09012,Tlalpan,CAIDA DE PASAJERO,0,0,0,ampliada
2021-02-01,09012,Tlalpan,CHOQUE,44,46,1,ampliada
2021-02-01,09012,Tlalpan,DERRAPADO,16,17,0,ampliada
2021-02-01,09012,Tlalpan,VOLCADURA,1,2,0,ampliada
2021-02-01,09013,Xochimilco,ATROPELLADO,6,7,0,ampliada
2021-02-01,09013,Xochimilco,CAIDA DE CICLISTA,1,1,0,ampliada
2021-02-01,09013,Xochimilco,CAIDA DE PASAJERO,0,0,0,ampliada
2021-02-01,09013,Xochimilco,CHOQUE,28,35,0,ampliada
2021-02-01,09013,Xochimilco,DERRAPADO,10,10,0,ampliada
2021-02-01,09013,Xochimilco,VOLCADURA,0,0,0,ampliada
2021-02-01,09014,Benito Juárez,ATROPELLADO,11,11,0,ampliada
2021-02-01,09014,Benito Juárez,CAIDA DE CICLISTA,9,9,0,ampliada
2021-02-01,09014,Benito Juárez,CAIDA DE PASAJERO,1,1,0,ampliada
2021-02-01,09014,Benito Juárez,CHOQUE,86,103,0,ampliada
2021-02-01,09014,Benito Juárez,DERRAPADO,21,22,0,ampliada
2021-02-01,09014,Benito Juárez,VOLCADURA,6,7,0,ampliada
2021-02-01,09015,Cuauhtémoc,ATROPELLADO,40,41,1,ampliada
2021-02-01,09015,Cuauhtémoc,CAIDA DE CICLISTA,9,9,0,ampliada
2021-02-01,09015,Cuauhtémoc,CAIDA DE PASAJERO,5,4,1,ampliada
2021-02-01,09015,Cuauhtémoc,CHOQUE,124,148,4,ampliada
2021-02-01,09015,Cuauhtémoc,DERRAPADO,33,35,0,ampliada
2021-02-01,09015,Cuauhtémoc,VOLCADURA,1,1,0,ampliada
2021-02-01,09016,Miguel Hidalgo,ATROPELLADO,9,9,0,ampliada
2021-02-01,09016,Miguel Hidalgo,CAIDA DE CICLISTA,6,6,0,ampliada
2021-02-01,09016,Miguel Hidalgo,CAIDA DE PASAJERO,0,0,0,ampliada
2021-02-01,09016,Miguel Hidalgo,CHOQUE,78,92,2,ampliada
2021-02-01,09016,Miguel Hidalgo,DERRAPADO,24,23,2,ampliada
2021-02-01,09016,Miguel Hidalgo,VOLCADURA,3,3,0,ampliada
2021-02-01,09017,Venustiano Carranza,ATROPELLADO,13,13,0,ampliada
2021-02-01,09017,Venustiano Carranza,CAIDA DE CICLISTA,1,1,0,ampliada
2021-02-01,09017,Venustiano Carranza,CAIDA DE PASAJERO,0,0,0,ampliada
2021-02-01,09017,Venustiano Carranza,CHOQUE,69,83,0,ampliada
2021-02-01,09017,Venustiano Carranza,DERRAPADO,24,27,0,ampliada
2021-02-01,09017,Venustiano Carranza,VOLCADURA,3,4,0,ampliada
2021-03-01,09002,Azcapotzalco,ATROPELLADO,15,15,0,ampliada
2021-03-01,09002,Azcapotzalco,CAIDA DE CICLISTA,4,4,0,ampliada
2021-03-01,09002,Azcapotzalco,CAIDA DE PASAJERO,1,1,0,ampliada
2021-03-01,09002,Azcapotzalco,CHOQUE,54,62,2,ampliada
2021-03-01,09002,Azcapotzalco,DERRAPADO,22,26,1,ampliada
2021-03-01,09002,Azcapotzalco,VOLCADURA,0,0,0,ampliada
2021-03-01,09003,Coyoacán,ATROPELLADO,14,14,0,ampliada
2021-03-01,09003,Coyoacán,CAIDA DE CICLISTA,6,6,0,ampliada
2021-03-01,09003,Coyoacán,CAIDA DE PASAJERO,1,1,0,ampliada
2021-03-01,09003,Coyoacán,CHOQUE,71,81,0,ampliada
2021-03-01,09003,Coyoacán,DERRAPADO,19,21,0,ampliada
2021-03-01,09003,Coyoacán,VOLCADURA,0,0,0,ampliada
2021-03-01,09004,Cuajimalpa de Morelos,ATROPELLADO,2,1,1,ampliada
2021-03-01,09004,Cuajimalpa de Morelos,CAIDA DE CICLISTA,1,1,0,ampliada
2021-03-01,09004,Cuajimalpa de Morelos,CAIDA DE PASAJERO,0,0,0,ampliada
2021-03-01,09004,Cuajimalpa de Morelos,CHOQUE,10,13,0,ampliada
2021-03-01,09004,Cuajimalpa de Morelos,DERRAPADO,9,10,0,ampliada
2021-03-01,09004,Cuajimalpa de Morelos,VOLCADURA,1,1,0,ampliada
2021-03-01,09005,Gustavo A. Madero,ATROPELLADO,30,30,1,ampliada
2021-03-01,09005,Gustavo A. Madero,CAIDA DE CICLISTA,6,6,0,ampliada
2021-03-01,09005,Gustavo A. Madero,CAIDA DE PASAJERO,1,1,0,ampliada
2021-03-01,09005,Gustavo A. Madero,CHOQUE,126,141,4,ampliada
2021-03-01,09005,Gustavo A. Madero,DERRAPADO,45,50,0,ampliada
2021-03-01,09005,Gustavo A. Madero,VOLCADURA,7,7,2,ampliada
2021-03-01,09006,Iztacalco,ATROPELLADO,12,12,0,ampliada
2021-03-01,09006,Iztacalco,CAIDA DE CICLISTA,4,4,0,ampliada
2021-03-01,09006,Iztacalco,CAIDA DE PASAJERO,5,5,0,ampliada
2021-03-01,09006,Iztacalco,CHOQUE,50,53,1,ampliada
2021-03-01,09006,Iztacalco,DERRAPADO,20,23,0,ampliada
2021-03-01,09006,Iztacalco,VOLCADURA,3,4,0,ampliada
2021-03-01,09007,Iztapalapa,ATROPELLADO,36,35,2,ampliada
2021-03-01,09007,Iztapalapa,CAIDA DE CICLISTA,13,13,0,ampliada
2021-03-01,09007,Iztapalapa,CAIDA DE PASAJERO,5,4,1,ampliada
2021-03-01,09007,Iztapalapa,CHOQUE,146,163,5,ampliada
2021-03-01,09007,Iztapalapa,DERRAPADO,55,52,5,ampliada
2021-03-01,09007,Iztapalapa,VOLCADURA,4,3,1,ampliada
2021-03-01,09008,La Magdalena Contreras,ATROPELLADO,3,3,0,ampliada
2021-03-01,09008,La Magdalena Contreras,CAIDA DE CICLISTA,2,2,0,ampliada
2021-03-01,09008,La Magdalena Contreras,CAIDA DE PASAJERO,0,0,0,ampliada
2021-03-01,09008,La Magdalena Contreras,CHOQUE,12,13,0,ampliada
2021-03-01,09008,La Magdalena Contreras,DERRAPADO,8,8,0,ampliada
2021-03-01,09008,La Magdalena Contreras,VOLCADURA,0,0,0,ampliada
2021-03-01,09009,Milpa Alta,ATROPELLADO,2,2,0,ampliada
2021-03-01,09009,Milpa Alta,CAIDA DE CICLISTA,0,0,0,ampliada
2021-03-01,09009,Milpa Alta,CAIDA DE PASAJERO,0,0,0,ampliada
2021-03-01,09009,Milpa Alta,CHOQUE,9,11,0,ampliada
2021-03-01,09009,Milpa Alta,DERRAPADO,5,5,0,ampliada
2021-03-01,09009,Milpa Alta,VOLCADURA,1,1,0,ampliada
2021-03-01,09010,Álvaro Obregón,ATROPELLADO,14,15,0,ampliada
2021-03-01,09010,Álvaro Obregón,CAIDA DE CICLISTA,3,4,0,ampliada
2021-03-01,09010,Álvaro Obregón,CAIDA DE PASAJERO,0,0,0,ampliada
2021-03-01,09010,Álvaro Obregón,CHOQUE,40,46,2,ampliada
2021-03-01,09010,Álvaro Obregón,DERRAPADO,24,24,0,ampliada
2021-03-01,09010,Álvaro Obregón,VOLCADURA,0,0,0,ampliada
2021-03-01,09011,Tláhuac,ATROPELLADO,17,16,2,ampliada
2021-03-01,09011,Tláhuac,CAIDA DE CICLISTA,2,2,0,ampliada
2021-03-01,09011,Tláhuac,CAIDA DE PASAJERO,2,2,0,ampliada
2021-03-01,09011,Tláhuac,CHOQUE,21,25,1,ampliada
2021-03-01,09011,Tláhuac,DERRAPADO,11,10,1,ampliada
2021-03-01,09011,Tláhuac,VOLCADURA,0,0,0,ampliada
2021-03-01,09012,Tlalpan,ATROPELLADO,8,8,0,ampliada
2021-03-01,09012,Tlalpan,CAIDA DE CICLISTA,2,2,0,ampliada
2021-03-01,09012,Tlalpan,CAIDA DE PASAJERO,1,1,0,ampliada
2021-03-01,09012,Tlalpan,CHOQUE,53,76,1,ampliada
2021-03-01,09012,Tlalpan,DERRAPADO,23,25,0,ampliada
2021-03-01,09012,Tlalpan,VOLCADURA,5,10,0,ampliada
2021-03-01,09013,Xochimilco,ATROPELLADO,9,10,0,ampliada
2021-03-01,09013,Xochimilco,CAIDA DE CICLISTA,4,4,0,ampliada
2021-03-01,09013,Xochimilco,CAIDA DE PASAJERO,0,0,0,ampliada
2021-03-01,09013,Xochimilco,CHOQUE,24,28,0,ampliada
2021-03-01,09013,Xochimilco,DERRAPADO,10,10,0,ampliada
2021-03-01,09013,Xochimilco,VOLCADURA,0,0,0,ampliada
2021-03-01,09014,Benito Juárez,ATROPELLADO,14,14,0,ampliada
2021-03-01,09014,Benito Juárez,CAIDA DE CICLISTA,8,8,0,ampliada
2021-03-01,09014,Benito Juárez,CAIDA DE PASAJERO,0,0,0,ampliada
2021-03-01,09014,Benito Juárez,CHOQUE,84,108,0,ampliada
2021-03-01,09014,Benito Juárez,DERRAPADO,21,26,0,ampliada
2021-03-01,09014,Benito Juárez,VOLCADURA,0,0,0,ampliada
2021-03-01,09015,Cuauhtémoc,ATROPELLADO,44,46,1,ampliada
2021-03-01,09015,Cuauhtémoc,CAIDA DE CICLISTA,23,23,0,ampliada
2021-03-01,09015,Cuauhtémoc,CAIDA DE PASAJERO,1,3,0,ampliada
2021-03-01,09015,Cuauhtémoc,CHOQUE,129,155,0,ampliada
2021-03-01,09015,Cuauhtémoc,DERRAPADO,42,49,0,ampliada
2021-03-01,09015,Cuauhtémoc,VOLCADURA,2,4,0,ampliada
2021-03-01,09016,Miguel Hidalgo,ATROPELLADO,11,12,0,ampliada
2021-03-01,09016,Miguel Hidalgo,CAIDA DE CICLISTA,9,9,0,ampliada
2021-03-01,09016,Miguel Hidalgo,CAIDA DE PASAJERO,1,1,0,ampliada
2021-03-01,09016,Miguel Hidalgo,CHOQUE,76,81,1,ampliada
2021-03-01,09016,Miguel Hidalgo,DERRAPADO,24,29,0,ampliada
2021-03-01,09016,Miguel Hidalgo,VOLCADURA,3,4,0,ampliada
2021-03-01,09017,Venustiano Carranza,ATROPELLADO,28,25,3,ampliada
2021-03-01,09017,Venustiano Carranza,CAIDA DE CICLISTA,2,2,0,ampliada
2021-03-01,09017,Venustiano Carranza,CAIDA DE PASAJERO,0,0,0,ampliada
2021-03-01,09017,Venustiano Carranza,CHOQUE,87,101,1,ampliada
2021-03-01,09017,Venustiano Carranza,DERRAPADO,37,40,0,ampliada
2021-03-01,09017,Venustiano Carranza,VOLCADURA,0,0,0,ampliada
2021-04-01,09002,Azcapotzalco,ATROPELLADO,14,15,0,ampliada
2021-04-01,09002,Azcapotzalco,CAIDA DE CICLISTA,3,3,0,ampliada
2021-04-01,09002,Azcapotzalco,CAIDA DE PASAJERO,2,2,0,ampliada
2021-04-01,09002,Azcapotzalco,CHOQUE,52,58,1,ampliada
2021-04-01,09002,Azcapotzalco,DERRAPADO,20,21,0,ampliada
2021-04-01,09002,Azcapotzalco,VOLCADURA,1,1,0,ampliada
2021-04-01,09003,Coyoacán,ATROPELLADO,12,12,0,ampliada
2021-04-01,09003,Coyoacán,CAIDA DE CICLISTA,4,4,0,ampliada
2021-04-01,09003,Coyoacán,CAIDA DE PASAJERO,1,1,0,ampliada
2021-04-01,09003,Coyoacán,CHOQUE,58,72,0,ampliada
2021-04-01,09003,Coyoacán,DERRAPADO,26,29,1,ampliada
2021-04-01,09003,Coyoacán,VOLCADURA,1,1,0,ampliada
2021-04-01,09004,Cuajimalpa de Morelos,ATROPELLADO,2,2,1,ampliada
2021-04-01,09004,Cuajimalpa de Morelos,CAIDA DE CICLISTA,1,1,0,ampliada
2021-04-01,09004,Cuajimalpa de Morelos,CAIDA DE PASAJERO,0,0,0,ampliada
2021-04-01,09004,Cuajimalpa de Morelos,CHOQUE,6,7,0,ampliada
2021-04-01,09004,Cuajimalpa de Morelos,DERRAPADO,10,11,0,ampliada
2021-04-01,09004,Cuajimalpa de Morelos,VOLCADURA,0,0,0,ampliada
2021-04-01,09005,Gustavo A. Madero,ATROPELLADO,22,26,1,ampliada
2021-04-01,09005,Gustavo A. Madero,CAIDA DE CICLISTA,4,4,0,ampliada
2021-04-01,09005,Gustavo A. Madero,CAIDA DE PASAJERO,2,2,0,ampliada
2021-04-01,09005,Gustavo A. Madero,CHOQUE,101,122,1,ampliada
2021-04-01,09005,Gustavo A. Madero,DERRAPADO,39,40,0,ampliada
2021-04-01,09005,Gustavo A. Madero,VOLCADURA,8,9,0,ampliada
2021-04-01,09006,Iztacalco,ATROPELLADO,18,16,2,ampliada
2021-04-01,09006,Iztacalco,CAIDA DE CICLISTA,4,5,0,ampliada
2021-04-01,09006,Iztacalco,CAIDA DE PASAJERO,1,1,0,ampliada
2021-04-01,09006,Iztacalco,CHOQUE,55,65,0,ampliada
2021-04-01,09006,Iztacalco,DERRAPADO,25,30,0,ampliada
2021-04-01,09006,Iztacalco,VOLCADURA,0,0,0,ampliada
2021-04-01,09007,Iztapalapa,ATROPELLADO,46,44,4,ampliada
2021-04-01,09007,Iztapalapa,CAIDA DE CICLISTA,6,6,0,ampliada
2021-04-01,09007,Iztapalapa,CAIDA DE PASAJERO,2,1,1,ampliada
2021-04-01,09007,Iztapalapa,CHOQUE,136,150,5,ampliada
2021-04-01,09007,Iztapalapa,DERRAPADO,38,42,1,ampliada
2021-04-01,09007,Iztapalapa,VOLCADURA,7,8,0,ampliada
2021-04-01,09008,La Magdalena Contreras,ATROPELLADO,3,4,0,ampliada
2021-04-01,09008,La Magdalena Contreras,CAIDA DE CICLISTA,0,0,0,ampliada
2021-04-01,09008,La Magdalena Contreras,CAIDA DE PASAJERO,0,0,0,ampliada
2021-04-01,09008,La Magdalena Contreras,CHOQUE,7,8,0,ampliada
2021-04-01,09008,La Magdalena Contreras,DERRAPADO,5,5,0,ampliada
2021-04-01,09008,La Magdalena Contreras,VOLCADURA,0,0,0,ampliada
2021-04-01,09009,Milpa Alta,ATROPELLADO,0,0,0,ampliada
2021-04-01,09009,Milpa Alta,CAIDA DE CICLISTA,0,0,0,ampliada
2021-04-01,09009,Milpa Alta,CAIDA DE PASAJERO,1,1,0,ampliada
2021-04-01,09009,Milpa Alta,CHOQUE,3,7,0,ampliada
2021-04-01,09009,Milpa Alta,DERRAPADO,2,2,0,ampliada
2021-04-01,09009,Milpa Alta,VOLCADURA,2,2,0,ampliada
2021-04-01,09010,Álvaro Obregón,ATROPELLADO,11,11,0,ampliada
2021-04-01,09010,Álvaro Obregón,CAIDA DE CICLISTA,4,4,0,ampliada
2021-04-01,09010,Álvaro Obregón,CAIDA DE PASAJERO,0,0,0,ampliada
2021-04-01,09010,Álvaro Obregón,CHOQUE,57,66,1,ampliada
2021-04-01,09010,Álvaro Obregón,DERRAPADO,15,16,0,ampliada
2021-04-01,09010,Álvaro Obregón,VOLCADURA,4,4,0,ampliada
2021-04-01,09011,Tláhuac,ATROPELLADO,6,5,1,ampliada
2021-04-01,09011,Tláhuac,CAIDA DE CICLISTA,3,3,0,ampliada
2021-04-01,09011,Tláhuac,CAIDA DE PASAJERO,0,0,0,ampliada
2021-04-01,09011,Tláhuac,CHOQUE,29,37,0,ampliada
2021-04-01,09011,Tláhuac,DERRAPADO,11,12,0,ampliada
2021-04-01,09011,Tláhuac,VOLCADURA,1,1,0,ampliada
2021-04-01,09012,Tlalpan,ATROPELLADO,15,15,0,ampliada
2021-04-01,09012,Tlalpan,CAIDA DE CICLISTA,2,2,0,ampliada
2021-04-01,09012,Tlalpan,CAIDA DE PASAJERO,2,2,0,ampliada
2021-04-01,09012,Tlalpan,CHOQUE,67,79,1,ampliada
2021-04-01,09012,Tlalpan,DERRAPADO,26,28,0,ampliada
2021-04-01,09012,Tlalpan,VOLCADURA,5,11,2,ampliada
2021-04-01,09013,Xochimilco,ATROPELLADO,5,5,0,ampliada
2021-04-01,09013,Xochimilco,CAIDA DE CICLISTA,2,2,0,ampliada
2021-04-01,09013,Xochimilco,CAIDA DE PASAJERO,2,2,0,ampliada
2021-04-01,09013,Xochimilco,CHOQUE,28,31,3,ampliada
2021-04-01,09013,Xochimilco,DERRAPADO,19,18,2,ampliada
2021-04-01,09013,Xochimilco,VOLCADURA,5,5,0,ampliada
2021-04-01,09014,Benito Juárez,ATROPELLADO,17,17,0,ampliada
2021-04-01,09014,Benito Juárez,CAIDA DE CICLISTA,8,8,0,ampliada
2021-04-01,09014,Benito Juárez,CAIDA DE PASAJERO,0,0,0,ampliada
2021-04-01,09014,Benito Juárez,CHOQUE,90,107,0,ampliada
2021-04-01,09014,Benito Juárez,DERRAPADO,26,31,0,ampliada
2021-04-01,09014,Benito Juárez,VOLCADURA,2,3,0,ampliada
2021-04-01,09015,Cuauhtémoc,ATROPELLADO,39,38,1,ampliada
2021-04-01,09015,Cuauhtémoc,CAIDA DE CICLISTA,19,20,0,ampliada
2021-04-01,09015,Cuauhtémoc,CAIDA DE PASAJERO,2,2,0,ampliada
2021-04-01,09015,Cuauhtémoc,CHOQUE,156,177,0,ampliada
2021-04-01,09015,Cuauhtémoc,DERRAPADO,52,56,0,ampliada
2021-04-01,09015,Cuauhtémoc,VOLCADURA,1,2,0,ampliada
2021-04-01,09016,Miguel Hidalgo,ATROPELLADO,18,19,0,ampliada
2021-04-01,09016,Miguel Hidalgo,CAIDA DE CICLISTA,11,11,0,ampliada
2021-04-01,09016,Miguel Hidalgo,CAIDA DE PASAJERO,3,3,0,ampliada
2021-04-01,09016,Miguel Hidalgo,CHOQUE,69,72,1,ampliada
2021-04-01,09016,Miguel Hidalgo,DERRAPADO,19,19,0,ampliada
2021-04-01,09016,Miguel Hidalgo,VOLCADURA,5,5,0,ampliada
2021-04-01,09017,Venustiano Carranza,ATROPELLADO,21,19,2,ampliada
2021-04-01,09017,Venustiano Carranza,CAIDA DE CICLISTA,2,2,0,ampliada
2021-04-01,09017,Venustiano Carranza,CAIDA DE PASAJERO,0,0,0,ampliada
2021-04-01,09017,Venustiano Carranza,CHOQUE,91,111,0,ampliada
2021-04-01,09017,Venustiano Carranza,DERRAPADO,21,21,1,ampliada
2021-04-01,09017,Venustiano Carranza,VOLCADURA,4,6,0,ampliada
2021-05-01,09002,Azcapotzalco,ATROPELLADO,10,9,3,ampliada
2021-05-01,09002,Azcapotzalco,CAIDA DE CICLISTA,1,1,0,ampliada
2021-05-01,09002,Azcapotzalco,CAIDA DE PASAJERO,1,1,0,ampliada
2021-05-01,09002,Azcapotzalco,CHOQUE,63,70,0,ampliada
2021-05-01,09002,Azcapotzalco,DERRAPADO,20,21,0,ampliada
2021-05-01,09002,Azcapotzalco,VOLCADURA,0,0,0,ampliada
2021-05-01,09003,Coyoacán,ATROPELLADO,14,13,1,ampliada
2021-05-01,09003,Coyoacán,CAIDA DE CICLISTA,6,7,0,ampliada
2021-05-01,09003,Coyoacán,CAIDA DE PASAJERO,2,2,0,ampliada
2021-05-01,09003,Coyoacán,CHOQUE,79,92,1,ampliada
2021-05-01,09003,Coyoacán,DERRAPADO,18,19,0,ampliada
2021-05-01,09003,Coyoacán,VOLCADURA,3,5,1,ampliada
2021-05-01,09004,Cuajimalpa de Morelos,ATROPELLADO,4,4,0,ampliada
2021-05-01,09004,Cuajimalpa de Morelos,CAIDA DE CICLISTA,1,1,0,ampliada
2021-05-01,09004,Cuajimalpa de Morelos,CAIDA DE PASAJERO,0,0,0,ampliada
2021-05-01,09004,Cuajimalpa de Morelos,CHOQUE,11,15,0,ampliada
2021-05-01,09004,Cuajimalpa de Morelos,DERRAPADO,7,7,1,ampliada
2021-05-01,09004,Cuajimalpa de Morelos,VOLCADURA,2,10,0,ampliada
2021-05-01,09005,Gustavo A. Madero,ATROPELLADO,28,28,1,ampliada
2021-05-01,09005,Gustavo A. Madero,CAIDA DE CICLISTA,3,3,0,ampliada
2021-05-01,09005,Gustavo A. Madero,CAIDA DE PASAJERO,5,5,0,ampliada
2021-05-01,09005,Gustavo A. Madero,CHOQUE,127,161,3,ampliada
2021-05-01,09005,Gustavo A. Madero,DERRAPADO,32,34,0,ampliada
2021-05-01,09005,Gustavo A. Madero,VOLCADURA,8,12,0,ampliada
2021-05-01,09006,Iztacalco,ATROPELLADO,13,13,0,ampliada
2021-05-01,09006,Iztacalco,CAIDA DE CICLISTA,6,6,0,ampliada
2021-05-01,09006,Iztacalco,CAIDA DE PASAJERO,3,3,0,ampliada
2021-05-01,09006,Iztacalco,CHOQUE,76,95,0,ampliada
2021-05-01,09006,Iztacalco,DERRAPADO,18,19,0,ampliada
2021-05-01,09006,Iztacalco,VOLCADURA,0,0,0,ampliada
2021-05-01,09007,Iztapalapa,ATROPELLADO,59,58,2,ampliada
2021-05-01,09007,Iztapalapa,CAIDA DE CICLISTA,10,11,0,ampliada
2021-05-01,09007,Iztapalapa,CAIDA DE PASAJERO,4,4,0,ampliada
2021-05-01,09007,Iztapalapa,CHOQUE,183,204,1,ampliada
2021-05-01,09007,Iztapalapa,DERRAPADO,45,50,0,ampliada
2021-05-01,09007,Iztapalapa,VOLCADURA,3,3,0,ampliada
2021-05-01,09008,La Magdalena Contreras,ATROPELLADO,5,4,1,ampliada
2021-05-01,09008,La Magdalena Contreras,CAIDA DE CICLISTA,0,0,0,ampliada
2021-05-01,09008,La Magdalena Contreras,CAIDA DE PASAJERO,0,0,0,ampliada
2021-05-01,09008,La Magdalena Contreras,CHOQUE,8,9,0,ampliada
2021-05-01,09008,La Magdalena Contreras,DERRAPADO,2,2,0,ampliada
2021-05-01,09008,La Magdalena Contreras,VOLCADURA,2,2,0,ampliada
2021-05-01,09009,Milpa Alta,ATROPELLADO,1,1,0,ampliada
2021-05-01,09009,Milpa Alta,CAIDA DE CICLISTA,1,1,0,ampliada
2021-05-01,09009,Milpa Alta,CAIDA DE PASAJERO,0,0,0,ampliada
2021-05-01,09009,Milpa Alta,CHOQUE,8,9,0,ampliada
2021-05-01,09009,Milpa Alta,DERRAPADO,3,4,0,ampliada
2021-05-01,09009,Milpa Alta,VOLCADURA,0,0,0,ampliada
2021-05-01,09010,Álvaro Obregón,ATROPELLADO,13,14,0,ampliada
2021-05-01,09010,Álvaro Obregón,CAIDA DE CICLISTA,4,4,0,ampliada
2021-05-01,09010,Álvaro Obregón,CAIDA DE PASAJERO,1,1,0,ampliada
2021-05-01,09010,Álvaro Obregón,CHOQUE,58,71,1,ampliada
2021-05-01,09010,Álvaro Obregón,DERRAPADO,28,29,0,ampliada
2021-05-01,09010,Álvaro Obregón,VOLCADURA,6,6,0,ampliada
2021-05-01,09011,Tláhuac,ATROPELLADO,11,12,0,ampliada
2021-05-01,09011,Tláhuac,CAIDA DE CICLISTA,1,1,0,ampliada
2021-05-01,09011,Tláhuac,CAIDA DE PASAJERO,2,2,0,ampliada
2021-05-01,09011,Tláhuac,CHOQUE,34,46,0,ampliada
2021-05-01,09011,Tláhuac,DERRAPADO,14,16,0,ampliada
2021-05-01,09011,Tláhuac,VOLCADURA,0,0,0,ampliada
2021-05-01,09012,Tlalpan,ATROPELLADO,17,16,1,ampliada
2021-05-01,09012,Tlalpan,CAIDA DE CICLISTA,4,4,0,ampliada
2021-05-01,09012,Tlalpan,CAIDA DE PASAJERO,1,1,0,ampliada
2021-05-01,09012,Tlalpan,CHOQUE,81,104,2,ampliada
2021-05-01,09012,Tlalpan,DERRAPADO,26,29,1,ampliada
2021-05-01,09012,Tlalpan,VOLCADURA,2,2,0,ampliada
2021-05-01,09013,Xochimilco,ATROPELLADO,11,11,0,ampliada
2021-05-01,09013,Xochimilco,CAIDA DE CICLISTA,3,3,0,ampliada
2021-05-01,09013,Xochimilco,CAIDA DE PASAJERO,1,1,0,ampliada
2021-05-01,09013,Xochimilco,CHOQUE,43,52,1,ampliada
2021-05-01,09013,Xochimilco,DERRAPADO,13,16,0,ampliada
2021-05-01,09013,Xochimilco,VOLCADURA,2,3,0,ampliada
2021-05-01,09014,Benito Juárez,ATROPELLADO,26,27,0,ampliada
2021-05-01,09014,Benito Juárez,CAIDA DE CICLISTA,8,8,0,ampliada
2021-05-01,09014,Benito Juárez,CAIDA DE PASAJERO,1,1,0,ampliada
2021-05-01,09014,Benito Juárez,CHOQUE,127,144,1,ampliada
2021-05-01,09014,Benito Juárez,DERRAPADO,20,21,0,ampliada
2021-05-01,09014,Benito Juárez,VOLCADURA,1,1,0,ampliada
2021-05-01,09015,Cuauhtémoc,ATROPELLADO,42,44,0,ampliada
2021-05-01,09015,Cuauhtémoc,CAIDA DE CICLISTA,15,16,0,ampliada
2021-05-01,09015,Cuauhtémoc,CAIDA DE PASAJERO,4,4,0,ampliada
2021-05-01,09015,Cuauhtémoc,CHOQUE,155,182,1,ampliada
2021-05-01,09015,Cuauhtémoc,DERRAPADO,59,66,2,ampliada
2021-05-01,09015,Cuauhtémoc,VOLCADURA,2,2,0,ampliada
2021-05-01,09016,Miguel Hidalgo,ATROPELLADO,14,14,0,ampliada
2021-05-01,09016,Miguel Hidalgo,CAIDA DE CICLISTA,8,8,0,ampliada
2021-05-01,09016,Miguel Hidalgo,CAIDA DE PASAJERO,0,0,0,ampliada
2021-05-01,09016,Miguel Hidalgo,CHOQUE,83,99,0,ampliada
2021-05-01,09016,Miguel Hidalgo,DERRAPADO,32,34,0,ampliada
2021-05-01,09016,Miguel Hidalgo,VOLCADURA,3,3,0,ampliada
2021-05-01,09017,Venustiano Carranza,ATROPELLADO,31,33,2,ampliada
2021-05-01,09017,Venustiano Carranza,CAIDA DE CICLISTA,4,4,0,ampliada
2021-05-01,09017,Venustiano Carranza,CAIDA DE PASAJERO,3,3,0,ampliada
2021-05-01,09017,Venustiano Carranza,CHOQUE,106,137,0,ampliada
2021-05-01,09017,Venustiano Carranza,DERRAPADO,36,38,0,ampliada
2021-05-01,09017,Venustiano Carranza,VOLCADURA,1,1,0,ampliada
2021-06-01,09002,Azcapotzalco,ATROPELLADO,10,10,1,ampliada
2021-06-01,09002,Azcapotzalco,CAIDA DE CICLISTA,2,2,0,ampliada
2021-06-01,09002,Azcapotzalco,CAIDA DE PASAJERO,2,2,0,ampliada
2021-06-01,09002,Azcapotzalco,CHOQUE,57,63,2,ampliada
2021-06-01,09002,Azcapotzalco,DERRAPADO,11,12,0,ampliada
2021-06-01,09002,Azcapotzalco,VOLCADURA,1,1,0,ampliada
2021-06-01,09003,Coyoacán,ATROPELLADO,21,21,0,ampliada
2021-06-01,09003,Coyoacán,CAIDA DE CICLISTA,6,6,0,ampliada
2021-06-01,09003,Coyoacán,CAIDA DE PASAJERO,0,0,0,ampliada
2021-06-01,09003,Coyoacán,CHOQUE,94,106,1,ampliada
2021-06-01,09003,Coyoacán,DERRAPADO,20,22,0,ampliada
2021-06-01,09003,Coyoacán,VOLCADURA,2,4,0,ampliada
2021-06-01,09004,Cuajimalpa de Morelos,ATROPELLADO,3,3,0,ampliada
2021-06-01,09004,Cuajimalpa de Morelos,CAIDA DE CICLISTA,0,0,0,ampliada
2021-06-01,09004,Cuajimalpa de Morelos,CAIDA DE PASAJERO,1,1,0,ampliada
2021-06-01,09004,Cuajimalpa de Morelos,CHOQUE,9,10,0,ampliada
2021-06-01,09004,Cuajimalpa de Morelos,DERRAPADO,5,5,0,ampliada
2021-06-01,09004,Cuajimalpa de Morelos,VOLCADURA,2,2,0,ampliada
2021-06-01,09005,Gustavo A. Madero,ATROPELLADO,24,24,2,ampliada
2021-06-01,09005,Gustavo A. Madero,CAIDA DE CICLISTA,2,2,0,ampliada
2021-06-01,09005,Gustavo A. Madero,CAIDA DE PASAJERO,1,1,0,ampliada
2021-06-01,09005,Gustavo A. Madero,CHOQUE,100,127,1,ampliada
2021-06-01,09005,Gustavo A. Madero,DERRAPADO,32,35,0,ampliada
2021-06-01,09005,Gustavo A. Madero,VOLCADURA,2,3,0,ampliada
2021-06-01,09006,Iztacalco,ATROPELLADO,15,17,1,ampliada
2021-06-01,09006,Iztacalco,CAIDA DE CICLISTA,1,1,0,ampliada
2021-06-01,09006,Iztacalco,CAIDA DE PASAJERO,2,3,0,ampliada
2021-06-01,09006,Iztacalco,CHOQUE,62,74,0,ampliada
2021-06-01,09006,Iztacalco,DERRAPADO,13,14,0,ampliada
2021-06-01,09006,Iztacalco,VOLCADURA,0,0,0,ampliada
2021-06-01,09007,Iztapalapa,ATROPELLADO,37,40,0,ampliada
2021-06-01,09007,Iztapalapa,CAIDA DE CICLISTA,6,6,0,ampliada
2021-06-01,09007,Iztapalapa,CAIDA DE PASAJERO,6,6,0,ampliada
2021-06-01,09007,Iztapalapa,CHOQUE,170,196,2,ampliada
2021-06-01,09007,Iztapalapa,DERRAPADO,62,66,3,ampliada
2021-06-01,09007,Iztapalapa,VOLCADURA,7,10,0,ampliada
2021-06-01,09008,La Magdalena Contreras,ATROPELLADO,1,1,0,ampliada
2021-06-01,09008,La Magdalena Contreras,CAIDA DE CICLISTA,1,1,0,ampliada
2021-06-01,09008,La Magdalena Contreras,CAIDA DE PASAJERO,0,0,0,ampliada
2021-06-01,09008,La Magdalena Contreras,CHOQUE,12,16,0,ampliada
2021-06-01,09008,La Magdalena Contreras,DERRAPADO,3,3,0,ampliada
2021-06-01,09008,La Magdalena Contreras,VOLCADURA,1,1,0,ampliada
2021-06-01,09009,Milpa Alta,ATROPELLADO,2,2,0,ampliada
2021-06-01,09009,Milpa Alta,CAIDA DE CICLISTA,0,0,0,ampliada
2021-06-01,09009,Milpa Alta,CAIDA DE PASAJERO,0,0,0,ampliada
2021-06-01,09009,Milpa Alta,CHOQUE,7,9,0,ampliada
2021-06-01,09009,Milpa Alta,DERRAPADO,0,0,0,ampliada
2021-06-01,09009,Milpa Alta,VOLCADURA,0,0,0,ampliada
2021-06-01,09010,Álvaro Obregón,ATROPELLADO,19,18,1,ampliada
2021-06-01,09010,Álvaro Obregón,CAIDA DE CICLISTA,4,4,0,ampliada
2021-06-01,09010,Álvaro Obregón,CAIDA DE PASAJERO,1,1,0,ampliada
2021-06-01,09010,Álvaro Obregón,CHOQUE,58,70,2,ampliada
2021-06-01,09010,Álvaro Obregón,DERRAPADO,23,24,0,ampliada
2021-06-01,09010,Álvaro Obregón,VOLCADURA,5,4,1,ampliada
2021-06-01,09011,Tláhuac,ATROPELLADO,6,6,0,ampliada
2021-06-01,09011,Tláhuac,CAIDA DE CICLISTA,1,1,0,ampliada
2021-06-01,09011,Tláhuac,CAIDA DE PASAJERO,1,1,0,ampliada
2021-06-01,09011,Tláhuac,CHOQUE,38,51,0,ampliada
2021-06-01,09011,Tláhuac,DERRAPADO,8,9,0,ampliada
2021-06-01,09011,Tláhuac,VOLCADURA,0,0,0,ampliada
2021-06-01,09012,Tlalpan,ATROPELLADO,11,12,0,ampliada
2021-06-01,09012,Tlalpan,CAIDA DE CICLISTA,4,4,0,ampliada
2021-06-01,09012,Tlalpan,CAIDA DE PASAJERO,1,1,0,ampliada
2021-06-01,09012,Tlalpan,CHOQUE,83,115,2,ampliada
2021-06-01,09012,Tlalpan,DERRAPADO,21,22,1,ampliada
2021-06-01,09012,Tlalpan,VOLCADURA,4,5,0,ampliada
2021-06-01,09013,Xochimilco,ATROPELLADO,12,13,0,ampliada
2021-06-01,09013,Xochimilco,CAIDA DE CICLISTA,6,6,0,ampliada
2021-06-01,09013,Xochimilco,CAIDA DE PASAJERO,1,2,0,ampliada
2021-06-01,09013,Xochimilco,CHOQUE,26,29,0,ampliada
2021-06-01,09013,Xochimilco,DERRAPADO,12,13,0,ampliada
2021-06-01,09013,Xochimilco,VOLCADURA,1,1,0,ampliada
2021-06-01,09014,Benito Juárez,ATROPELLADO,26,28,0,ampliada
2021-06-01,09014,Benito Juárez,CAIDA DE CICLISTA,3,3,0,ampliada
2021-06-01,09014,Benito Juárez,CAIDA DE PASAJERO,3,3,0,ampliada
2021-06-01,09014,Benito Juárez,CHOQUE,100,112,3,ampliada
2021-06-01,09014,Benito Juárez,DERRAPADO,22,22,0,ampliada
2021-06-01,09014,Benito Juárez,VOLCADURA,4,6,0,ampliada
2021-06-01,09015,Cuauhtémoc,ATROPELLADO,52,54,0,ampliada
2021-06-01,09015,Cuauhtémoc,CAIDA DE CICLISTA,17,18,0,ampliada
2021-06-01,09015,Cuauhtémoc,CAIDA DE PASAJERO,2,2,0,ampliada
2021-06-01,09015,Cuauhtémoc,CHOQUE,161,201,1,ampliada
2021-06-01,09015,Cuauhtémoc,DERRAPADO,46,47,1,ampliada
2021-06-01,09015,Cuauhtémoc,VOLCADURA,6,7,0,ampliada
2021-06-01,09016,Miguel Hidalgo,ATROPELLADO,8,8,1,ampliada
2021-06-01,09016,Miguel Hidalgo,CAIDA DE CICLISTA,9,9,0,ampliada
2021-06-01,09016,Miguel Hidalgo,CAIDA DE PASAJERO,0,0,0,ampliada
2021-06-01,09016,Miguel Hidalgo,CHOQUE,72,86,2,ampliada
2021-06-01,09016,Miguel Hidalgo,DERRAPADO,21,22,0,ampliada
2021-06-01,09016,Miguel Hidalgo,VOLCADURA,3,4,0,ampliada
2021-06-01,09017,Venustiano Carranza,ATROPELLADO,22,22,1,ampliada
2021-06-01,09017,Venustiano Carranza,CAIDA DE CICLISTA,7,7,0,ampliada
2021-06-01,09017,Venustiano Carranza,CAIDA DE PASAJERO,1,1,0,ampliada
2021-06-01,09017,Venustiano Carranza,CHOQUE,82,94,1,ampliada
2021-06-01,09017,Venustiano Carranza,DERRAPADO,27,31,1,ampliada
2021-06-01,09017,Venustiano Carranza,VOLCADURA,0,0,0,ampliada
2021-07-01,09002,Azcapotzalco,ATROPELLADO,17,17,1,ampliada
2021-07-01,09002,Azcapotzalco,CAIDA DE CICLISTA,3,3,0,ampliada
2021-07-01,09002,Azcapotzalco,CAIDA DE PASAJERO,1,1,0,ampliada
2021-07-01,09002,Azcapotzalco,CHOQUE,47,53,1,ampliada
2021-07-01,09002,Azcapotzalco,DERRAPADO,20,22,0,ampliada
2021-07-01,09002,Azcapotzalco,VOLCADURA,1,1,0,ampliada
2021-07-01,09003,Coyoacán,ATROPELLADO,9,11,0,ampliada
2021-07-01,09003,Coyoacán,CAIDA DE CICLISTA,6,6,0,ampliada
2021-07-01,09003,Coyoacán,CAIDA DE PASAJERO,3,5,0,ampliada
2021-07-01,09003,Coyoacán,CHOQUE,87,117,0,ampliada
2021-07-01,09003,Coyoacán,DERRAPADO,23,25,0,ampliada
2021-07-01,09003,Coyoacán,VOLCADURA,2,3,1,ampliada
2021-07-01,09004,Cuajimalpa de Morelos,ATROPELLADO,2,2,0,ampliada
2021-07-01,09004,Cuajimalpa de Morelos,CAIDA DE CICLISTA,2,2,0,ampliada
2021-07-01,09004,Cuajimalpa de Morelos,CAIDA DE PASAJERO,1,1,0,ampliada
2021-07-01,09004,Cuajimalpa de Morelos,CHOQUE,10,12,1,ampliada
2021-07-01,09004,Cuajimalpa de Morelos,DERRAPADO,9,10,0,ampliada
2021-07-01,09004,Cuajimalpa de Morelos,VOLCADURA,3,2,1,ampliada
2021-07-01,09005,Gustavo A. Madero,ATROPELLADO,23,22,1,ampliada
2021-07-01,09005,Gustavo A. Madero,CAIDA DE CICLISTA,5,5,0,ampliada
2021-07-01,09005,Gustavo A. Madero,CAIDA DE PASAJERO,1,2,0,ampliada
2021-07-01,09005,Gustavo A. Madero,CHOQUE,101,121,0,ampliada
2021-07-01,09005,Gustavo A. Madero,DERRAPADO,28,34,0,ampliada
2021-07-01,09005,Gustavo A. Madero,VOLCADURA,6,7,1,ampliada
2021-07-01,09006,Iztacalco,ATROPELLADO,11,11,0,ampliada
2021-07-01,09006,Iztacalco,CAIDA DE CICLISTA,2,2,0,ampliada
2021-07-01,09006,Iztacalco,CAIDA DE PASAJERO,1,1,0,ampliada
2021-07-01,09006,Iztacalco,CHOQUE,69,88,0,ampliada
2021-07-01,09006,Iztacalco,DERRAPADO,15,17,0,ampliada
2021-07-01,09006,Iztacalco,VOLCADURA,2,2,0,ampliada
2021-07-01,09007,Iztapalapa,ATROPELLADO,49,49,2,ampliada
2021-07-01,09007,Iztapalapa,CAIDA DE CICLISTA,5,5,0,ampliada
2021-07-01,09007,Iztapalapa,CAIDA DE PASAJERO,1,1,0,ampliada
2021-07-01,09007,Iztapalapa,CHOQUE,176,218,3,ampliada
2021-07-01,09007,Iztapalapa,DERRAPADO,47,52,1,ampliada
2021-07-01,09007,Iztapalapa,VOLCADURA,4,5,0,ampliada
2021-07-01,09008,La Magdalena Contreras,ATROPELLADO,1,1,0,ampliada
2021-07-01,09008,La Magdalena Contreras,CAIDA DE CICLISTA,1,1,0,ampliada
2021-07-01,09008,La Magdalena Contreras,CAIDA DE PASAJERO,1,1,0,ampliada
2021-07-01,09008,La Magdalena Contreras,CHOQUE,8,9,0,ampliada
2021-07-01,09008,La Magdalena Contreras,DERRAPADO,6,6,0,ampliada
2021-07-01,09008,La Magdalena Contreras,VOLCADURA,1,1,0,ampliada
2021-07-01,09009,Milpa Alta,ATROPELLADO,1,1,0,ampliada
2021-07-01,09009,Milpa Alta,CAIDA DE CICLISTA,1,1,0,ampliada
2021-07-01,09009,Milpa Alta,CAIDA DE PASAJERO,0,0,0,ampliada
2021-07-01,09009,Milpa Alta,CHOQUE,7,9,0,ampliada
2021-07-01,09009,Milpa Alta,DERRAPADO,4,4,0,ampliada
2021-07-01,09009,Milpa Alta,VOLCADURA,1,1,0,ampliada
2021-07-01,09010,Álvaro Obregón,ATROPELLADO,16,18,0,ampliada
2021-07-01,09010,Álvaro Obregón,CAIDA DE CICLISTA,1,1,0,ampliada
2021-07-01,09010,Álvaro Obregón,CAIDA DE PASAJERO,3,3,0,ampliada
2021-07-01,09010,Álvaro Obregón,CHOQUE,64,87,2,ampliada
2021-07-01,09010,Álvaro Obregón,DERRAPADO,22,23,1,ampliada
2021-07-01,09010,Álvaro Obregón,VOLCADURA,4,4,0,ampliada
2021-07-01,09011,Tláhuac,ATROPELLADO,3,3,0,ampliada
2021-07-01,09011,Tláhuac,CAIDA DE CICLISTA,0,0,0,ampliada
2021-07-01,09011,Tláhuac,CAIDA DE PASAJERO,1,1,0,ampliada
2021-07-01,09011,Tláhuac,CHOQUE,45,60,1,ampliada
2021-07-01,09011,Tláhuac,DERRAPADO,10,13,1,ampliada
2021-07-01,09011,Tláhuac,VOLCADURA,0,0,0,ampliada
2021-07-01,09012,Tlalpan,ATROPELLADO,22,21,1,ampliada
2021-07-01,09012,Tlalpan,CAIDA DE CICLISTA,1,1,0,ampliada
2021-07-01,09012,Tlalpan,CAIDA DE PASAJERO,0,0,0,ampliada
2021-07-01,09012,Tlalpan,CHOQUE,67,96,3,ampliada
2021-07-01,09012,Tlalpan,DERRAPADO,15,16,0,ampliada
2021-07-01,09012,Tlalpan,VOLCADURA,1,1,0,ampliada
2021-07-01,09013,Xochimilco,ATROPELLADO,9,8,1,ampliada
2021-07-01,09013,Xochimilco,CAIDA DE CICLISTA,2,2,0,ampliada
2021-07-01,09013,Xochimilco,CAIDA DE PASAJERO,2,2,0,ampliada
2021-07-01,09013,Xochimilco,CHOQUE,36,44,1,ampliada
2021-07-01,09013,Xochimilco,DERRAPADO,9,13,0,ampliada
2021-07-01,09013,Xochimilco,VOLCADURA,1,1,0,ampliada
2021-07-01,09014,Benito Juárez,ATROPELLADO,25,27,1,ampliada
2021-07-01,09014,Benito Juárez,CAIDA DE CICLISTA,6,6,0,ampliada
2021-07-01,09014,Benito Juárez,CAIDA DE PASAJERO,3,3,0,ampliada
2021-07-01,09014,Benito Juárez,CHOQUE,102,133,1,ampliada
2021-07-01,09014,Benito Juárez,DERRAPADO,20,22,0,ampliada
2021-07-01,09014,Benito Juárez,VOLCADURA,1,1,0,ampliada
2021-07-01,09015,Cuauhtémoc,ATROPELLADO,38,40,0,ampliada
2021-07-01,09015,Cuauhtémoc,CAIDA DE CICLISTA,11,11,0,ampliada
2021-07-01,09015,Cuauhtémoc,CAIDA DE PASAJERO,3,3,0,ampliada
2021-07-01,09015,Cuauhtémoc,CHOQUE,124,149,1,ampliada
2021-07-01,09015,Cuauhtémoc,DERRAPADO,35,38,0,ampliada
2021-07-01,09015,Cuauhtémoc,VOLCADURA,2,2,0,ampliada
2021-07-01,09016,Miguel Hidalgo,ATROPELLADO,16,16,0,ampliada
2021-07-01,09016,Miguel Hidalgo,CAIDA DE CICLISTA,8,8,0,ampliada
2021-07-01,09016,Miguel Hidalgo,CAIDA DE PASAJERO,1,1,0,ampliada
2021-07-01,09016,Miguel Hidalgo,CHOQUE,76,88,0,ampliada
2021-07-01,09016,Miguel Hidalgo,DERRAPADO,22,23,1,ampliada
2021-07-01,09016,Miguel Hidalgo,VOLCADURA,1,1,0,ampliada
2021-07-01,09017,Venustiano Carranza,ATROPELLADO,23,23,2,ampliada
2021-07-01,09017,Venustiano Carranza,CAIDA DE CICLISTA,1,1,0,ampliada
2021-07-01,09017,Venustiano Carranza,CAIDA DE PASAJERO,0,0,0,ampliada
2021-07-01,09017,Venustiano Carranza,CHOQUE,84,114,0,ampliada
2021-07-01,09017,Venustiano Carranza,DERRAPADO,23,24,0,ampliada
2021-07-01,09017,Venustiano Carranza,VOLCADURA,0,0,0,ampliada
2021-08-01,09002,Azcapotzalco,ATROPELLADO,9,8,1,ampliada
2021-08-01,09002,Azcapotzalco,CAIDA DE CICLISTA,2,2,0,ampliada
2021-08-01,09002,Azcapotzalco,CAIDA DE PASAJERO,2,2,0,ampliada
2021-08-01,09002,Azcapotzalco,CHOQUE,44,46,1,ampliada
2021-08-01,09002,Azcapotzalco,DERRAPADO,16,16,0,ampliada
2021-08-01,09002,Azcapotzalco,VOLCADURA,0,0,0,ampliada
2021-08-01,09003,Coyoacán,ATROPELLADO,15,16,0,ampliada
2021-08-01,09003,Coyoacán,CAIDA DE CICLISTA,4,4,0,ampliada
2021-08-01,09003,Coyoacán,CAIDA DE PASAJERO,1,1,0,ampliada
2021-08-01,09003,Coyoacán,CHOQUE,67,85,0,ampliada
2021-08-01,09003,Coyoacán,DERRAPADO,20,21,0,ampliada
2021-08-01,09003,Coyoacán,VOLCADURA,6,6,1,ampliada
2021-08-01,09004,Cuajimalpa de Morelos,ATROPELLADO,4,4,0,ampliada
2021-08-01,09004,Cuajimalpa de Morelos,CAIDA DE CICLISTA,3,3,0,ampliada
2021-08-01,09004,Cuajimalpa de Morelos,CAIDA DE PASAJERO,0,0,0,ampliada
2021-08-01,09004,Cuajimalpa de Morelos,CHOQUE,10,12,0,ampliada
2021-08-01,09004,Cuajimalpa de Morelos,DERRAPADO,3,4,0,ampliada
2021-08-01,09004,Cuajimalpa de Morelos,VOLCADURA,1,1,0,ampliada
2021-08-01,09005,Gustavo A. Madero,ATROPELLADO,33,31,2,ampliada
2021-08-01,09005,Gustavo A. Madero,CAIDA DE CICLISTA,2,2,0,ampliada
2021-08-01,09005,Gustavo A. Madero,CAIDA DE PASAJERO,6,6,0,ampliada
2021-08-01,09005,Gustavo A. Madero,CHOQUE,98,117,1,ampliada
2021-08-01,09005,Gustavo A. Madero,DERRAPADO,42,41,1,ampliada
2021-08-01,09005,Gustavo A. Madero,VOLCADURA,5,5,1,ampliada
2021-08-01,09006,Iztacalco,ATROPELLADO,14,14,0,ampliada
2021-08-01,09006,Iztacalco,CAIDA DE CICLISTA,3,3,0,ampliada
2021-08-01,09006,Iztacalco,CAIDA DE PASAJERO,0,0,0,ampliada
2021-08-01,09006,Iztacalco,CHOQUE,50,63,1,ampliada
2021-08-01,09006,Iztacalco,DERRAPADO,22,26,0,ampliada
2021-08-01,09006,Iztacalco,VOLCADURA,3,3,0,ampliada
2021-08-01,09007,Iztapalapa,ATROPELLADO,58,61,2,ampliada
2021-08-01,09007,Iztapalapa,CAIDA DE CICLISTA,6,6,0,ampliada
2021-08-01,09007,Iztapalapa,CAIDA DE PASAJERO,3,3,0,ampliada
2021-08-01,09007,Iztapalapa,CHOQUE,173,197,2,ampliada
2021-08-01,09007,Iztapalapa,DERRAPADO,61,65,1,ampliada
2021-08-01,09007,Iztapalapa,VOLCADURA,8,9,0,ampliada
2021-08-01,09008,La Magdalena Contreras,ATROPELLADO,1,1,0,ampliada
2021-08-01,09008,La Magdalena Contreras,CAIDA DE CICLISTA,1,1,0,ampliada
2021-08-01,09008,La Magdalena Contreras,CAIDA DE PASAJERO,0,0,0,ampliada
2021-08-01,09008,La Magdalena Contreras,CHOQUE,9,9,0,ampliada
2021-08-01,09008,La Magdalena Contreras,DERRAPADO,7,7,0,ampliada
2021-08-01,09008,La Magdalena Contreras,VOLCADURA,1,2,0,ampliada
2021-08-01,09009,Milpa Alta,ATROPELLADO,2,2,0,ampliada
2021-08-01,09009,Milpa Alta,CAIDA DE CICLISTA,1,1,0,ampliada
2021-08-01,09009,Milpa Alta,CAIDA DE PASAJERO,1,1,0,ampliada
2021-08-01,09009,Milpa Alta,CHOQUE,6,6,0,ampliada
2021-08-01,09009,Milpa Alta,DERRAPADO,2,2,0,ampliada
2021-08-01,09009,Milpa Alta,VOLCADURA,0,0,0,ampliada
2021-08-01,09010,Álvaro Obregón,ATROPELLADO,10,12,0,ampliada
2021-08-01,09010,Álvaro Obregón,CAIDA DE CICLISTA,1,1,0,ampliada
2021-08-01,09010,Álvaro Obregón,CAIDA DE PASAJERO,2,2,0,ampliada
2021-08-01,09010,Álvaro Obregón,CHOQUE,51,63,1,ampliada
2021-08-01,09010,Álvaro Obregón,DERRAPADO,25,25,0,ampliada
2021-08-01,09010,Álvaro Obregón,VOLCADURA,5,6,1,ampliada
2021-08-01,09011,Tláhuac,ATROPELLADO,5,5,0,ampliada
2021-08-01,09011,Tláhuac,CAIDA DE CICLISTA,0,0,0,ampliada
2021-08-01,09011,Tláhuac,CAIDA DE PASAJERO,1,3,0,ampliada
2021-08-01,09011,Tláhuac,CHOQUE,29,33,0,ampliada
2021-08-01,09011,Tláhuac,DERRAPADO,9,9,0,ampliada
2021-08-01,09011,Tláhuac,VOLCADURA,1,5,0,ampliada
2021-08-01,09012,Tlalpan,ATROPELLADO,9,10,0,ampliada
2021-08-01,09012,Tlalpan,CAIDA DE CICLISTA,0,0,0,ampliada
2021-08-01,09012,Tlalpan,CAIDA DE PASAJERO,1,1,0,ampliada
2021-08-01,09012,Tlalpan,CHOQUE,68,101,1,ampliada
2021-08-01,09012,Tlalpan,DERRAPADO,18,19,1,ampliada
2021-08-01,09012,Tlalpan,VOLCADURA,2,4,0,ampliada
2021-08-01,09013,Xochimilco,ATROPELLADO,11,12,1,ampliada
2021-08-01,09013,Xochimilco,CAIDA DE CICLISTA,3,3,0,ampliada
2021-08-01,09013,Xochimilco,CAIDA DE PASAJERO,1,1,0,ampliada
2021-08-01,09013,Xochimilco,CHOQUE,25,27,1,ampliada
2021-08-01,09013,Xochimilco,DERRAPADO,12,13,0,ampliada
2021-08-01,09013,Xochimilco,VOLCADURA,2,2,0,ampliada
2021-08-01,09014,Benito Juárez,ATROPELLADO,27,30,1,ampliada
2021-08-01,09014,Benito Juárez,CAIDA DE CICLISTA,7,7,0,ampliada
2021-08-01,09014,Benito Juárez,CAIDA DE PASAJERO,1,1,0,ampliada
2021-08-01,09014,Benito Juárez,CHOQUE,96,107,1,ampliada
2021-08-01,09014,Benito Juárez,DERRAPADO,23,24,0,ampliada
2021-08-01,09014,Benito Juárez,VOLCADURA,1,1,0,ampliada
2021-08-01,09015,Cuauhtémoc,ATROPELLADO,46,49,0,ampliada
2021-08-01,09015,Cuauhtémoc,CAIDA DE CICLISTA,8,8,0,ampliada
2021-08-01,09015,Cuauhtémoc,CAIDA DE PASAJERO,3,6,0,ampliada
2021-08-01,09015,Cuauhtémoc,CHOQUE,153,194,1,ampliada
2021-08-01,09015,Cuauhtémoc,DERRAPADO,40,42,0,ampliada
2021-08-01,09015,Cuauhtémoc,VOLCADURA,1,2,0,ampliada
2021-08-01,09016,Miguel Hidalgo,ATROPELLADO,15,15,0,ampliada
2021-08-01,09016,Miguel Hidalgo,CAIDA DE CICLISTA,5,5,0,ampliada
2021-08-01,09016,Miguel Hidalgo,CAIDA DE PASAJERO,0,0,0,ampliada
2021-08-01,09016,Miguel Hidalgo,CHOQUE,65,77,0,ampliada
2021-08-01,09016,Miguel Hidalgo,DERRAPADO,25,25,1,ampliada
2021-08-01,09016,Miguel Hidalgo,VOLCADURA,3,6,0,ampliada
2021-08-01,09017,Venustiano Carranza,ATROPELLADO,17,16,2,ampliada
2021-08-01,09017,Venustiano Carranza,CAIDA DE CICLISTA,1,1,0,ampliada
2021-08-01,09017,Venustiano Carranza,CAIDA DE PASAJERO,0,0,0,ampliada
2021-08-01,09017,Venustiano Carranza,CHOQUE,66,87,0,ampliada
2021-08-01,09017,Venustiano Carranza,DERRAPADO,18,18,1,ampliada
2021-08-01,09017,Venustiano Carranza,VOLCADURA,0,0,0,ampliada
2021-09-01,09002,Azcapotzalco,ATROPELLADO,14,16,1,ampliada
2021-09-01,09002,Azcapotzalco,CAIDA DE CICLISTA,0,0,0,ampliada
2021-09-01,09002,Azcapotzalco,CAIDA DE PASAJERO,1,1,0,ampliada
2021-09-01,09002,Azcapotzalco,CHOQUE,54,64,1,ampliada
2021-09-01,09002,Azcapotzalco,DERRAPADO,13,13,0,ampliada
2021-09-01,09002,Azcapotzalco,VOLCADURA,2,2,0,ampliada
2021-09-01,09003,Coyoacán,ATROPELLADO,20,22,1,ampliada
2021-09-01,09003,Coyoacán,CAIDA DE CICLISTA,5,5,0,ampliada
2021-09-01,09003,Coyoacán,CAIDA DE PASAJERO,3,3,0,ampliada
2021-09-01,09003,Coyoacán,CHOQUE,90,110,0,ampliada
2021-09-01,09003,Coyoacán,DERRAPADO,16,16,1,ampliada
2021-09-01,09003,Coyoacán,VOLCADURA,1,1,0,ampliada
2021-09-01,09004,Cuajimalpa de Morelos,ATROPELLADO,4,4,1,ampliada
2021-09-01,09004,Cuajimalpa de Morelos,CAIDA DE CICLISTA,0,0,0,ampliada
2021-09-01,09004,Cuajimalpa de Morelos,CAIDA DE PASAJERO,1,1,0,ampliada
2021-09-01,09004,Cuajimalpa de Morelos,CHOQUE,8,17,0,ampliada
2021-09-01,09004,Cuajimalpa de Morelos,DERRAPADO,8,10,0,ampliada
2021-09-01,09004,Cuajimalpa de Morelos,VOLCADURA,3,5,0,ampliada
2021-09-01,09005,Gustavo A. Madero,ATROPELLADO,20,20,0,ampliada
2021-09-01,09005,Gustavo A. Madero,CAIDA DE CICLISTA,3,3,0,ampliada
2021-09-01,09005,Gustavo A. Madero,CAIDA DE PASAJERO,0,0,0,ampliada
2021-09-01,09005,Gustavo A. Madero,CHOQUE,92,119,0,ampliada
2021-09-01,09005,Gustavo A. Madero,DERRAPADO,31,32,2,ampliada
2021-09-01,09005,Gustavo A. Madero,VOLCADURA,5,7,0,ampliada
2021-09-01,09006,Iztacalco,ATROPELLADO,10,10,1,ampliada
2021-09-01,09006,Iztacalco,CAIDA DE CICLISTA,2,2,0,ampliada
2021-09-01,09006,Iztacalco,CAIDA DE PASAJERO,1,1,0,ampliada
2021-09-01,09006,Iztacalco,CHOQUE,48,56,1,ampliada
2021-09-01,09006,Iztacalco,DERRAPADO,11,11,1,ampliada
2021-09-01,09006,Iztacalco,VOLCADURA,1,1,0,ampliada
2021-09-01,09007,Iztapalapa,ATROPELLADO,58,60,2,ampliada
2021-09-01,09007,Iztapalapa,CAIDA DE CICLISTA,11,11,0,ampliada
2021-09-01,09007,Iztapalapa,CAIDA DE PASAJERO,4,4,0,ampliada
2021-09-01,09007,Iztapalapa,CHOQUE,183,243,3,ampliada
2021-09-01,09007,Iztapalapa,DERRAPADO,66,70,2,ampliada
2021-09-01,09007,Iztapalapa,VOLCADURA,4,4,0,ampliada
2021-09-01,09008,La Magdalena Contreras,ATROPELLADO,5,4,2,ampliada
2021-09-01,09008,La Magdalena Contreras,CAIDA DE CICLISTA,0,0,0,ampliada
2021-09-01,09008,La Magdalena Contreras,CAIDA DE PASAJERO,1,1,0,ampliada
2021-09-01,09008,La Magdalena Contreras,CHOQUE,12,13,0,ampliada
2021-09-01,09008,La Magdalena Contreras,DERRAPADO,3,3,0,ampliada
2021-09-01,09008,La Magdalena Contreras,VOLCADURA,0,0,0,ampliada
2021-09-01,09009,Milpa Alta,ATROPELLADO,1,1,1,ampliada
2021-09-01,09009,Milpa Alta,CAIDA DE CICLISTA,0,0,0,ampliada
2021-09-01,09009,Milpa Alta,CAIDA DE PASAJERO,0,0,0,ampliada
2021-09-01,09009,Milpa Alta,CHOQUE,9,16,1,ampliada
2021-09-01,09009,Milpa Alta,DERRAPADO,4,5,0,ampliada
2021-09-01,09009,Milpa Alta,VOLCADURA,0,0,0,ampliada
2021-09-01,09010,Álvaro Obregón,ATROPELLADO,18,18,1,ampliada
2021-09-01,09010,Álvaro Obregón,CAIDA DE CICLISTA,1,1,0,ampliada
2021-09-01,09010,Álvaro Obregón,CAIDA DE PASAJERO,3,3,0,ampliada
2021-09-01,09010,Álvaro Obregón,CHOQUE,43,47,2,ampliada
2021-09-01,09010,Álvaro Obregón,DERRAPADO,15,16,0,ampliada
2021-09-01,09010,Álvaro Obregón,VOLCADURA,4,4,1,ampliada
2021-09-01,09011,Tláhuac,ATROPELLADO,12,13,0,ampliada
2021-09-01,09011,Tláhuac,CAIDA DE CICLISTA,0,0,0,ampliada
2021-09-01,09011,Tláhuac,CAIDA DE PASAJERO,1,1,0,ampliada
2021-09-01,09011,Tláhuac,CHOQUE,39,48,1,ampliada
2021-09-01,09011,Tláhuac,DERRAPADO,12,12,0,ampliada
2021-09-01,09011,Tláhuac,VOLCADURA,1,2,0,ampliada
2021-09-01,09012,Tlalpan,ATROPELLADO,15,15,0,ampliada
2021-09-01,09012,Tlalpan,CAIDA DE CICLISTA,2,2,0,ampliada
2021-09-01,09012,Tlalpan,CAIDA DE PASAJERO,3,3,0,ampliada
2021-09-01,09012,Tlalpan,CHOQUE,65,88,1,ampliada
2021-09-01,09012,Tlalpan,DERRAPADO,29,35,0,ampliada
2021-09-01,09012,Tlalpan,VOLCADURA,7,7,1,ampliada
2021-09-01,09013,Xochimilco,ATROPELLADO,10,10,2,ampliada
2021-09-01,09013,Xochimilco,CAIDA DE CICLISTA,3,4,0,ampliada
2021-09-01,09013,Xochimilco,CAIDA DE PASAJERO,0,0,0,ampliada
2021-09-01,09013,Xochimilco,CHOQUE,47,61,2,ampliada
2021-09-01,09013,Xochimilco,DERRAPADO,15,17,2,ampliada
2021-09-01,09013,Xochimilco,VOLCADURA,3,3,0,ampliada
2021-09-01,09014,Benito Juárez,ATROPELLADO,21,20,1,ampliada
2021-09-01,09014,Benito Juárez,CAIDA DE CICLISTA,3,3,0,ampliada
2021-09-01,09014,Benito Juárez,CAIDA DE PASAJERO,0,0,0,ampliada
2021-09-01,09014,Benito Juárez,CHOQUE,99,125,0,ampliada
2021-09-01,09014,Benito Juárez,DERRAPADO,22,23,0,ampliada
2021-09-01,09014,Benito Juárez,VOLCADURA,4,5,0,ampliada
2021-09-01,09015,Cuauhtémoc,ATROPELLADO,49,49,1,ampliada
2021-09-01,09015,Cuauhtémoc,CAIDA DE CICLISTA,18,18,0,ampliada
2021-09-01,09015,Cuauhtémoc,CAIDA DE PASAJERO,6,7,0,ampliada
2021-09-01,09015,Cuauhtémoc,CHOQUE,160,186,0,ampliada
2021-09-01,09015,Cuauhtémoc,DERRAPADO,39,40,1,ampliada
2021-09-01,09015,Cuauhtémoc,VOLCADURA,2,2,0,ampliada
2021-09-01,09016,Miguel Hidalgo,ATROPELLADO,17,18,0,ampliada
2021-09-01,09016,Miguel Hidalgo,CAIDA DE CICLISTA,4,4,0,ampliada
2021-09-01,09016,Miguel Hidalgo,CAIDA DE PASAJERO,1,1,0,ampliada
2021-09-01,09016,Miguel Hidalgo,CHOQUE,78,97,0,ampliada
2021-09-01,09016,Miguel Hidalgo,DERRAPADO,17,21,0,ampliada
2021-09-01,09016,Miguel Hidalgo,VOLCADURA,6,7,0,ampliada
2021-09-01,09017,Venustiano Carranza,ATROPELLADO,26,25,3,ampliada
2021-09-01,09017,Venustiano Carranza,CAIDA DE CICLISTA,2,2,0,ampliada
2021-09-01,09017,Venustiano Carranza,CAIDA DE PASAJERO,1,1,0,ampliada
2021-09-01,09017,Venustiano Carranza,CHOQUE,76,92,1,ampliada
2021-09-01,09017,Venustiano Carranza,DERRAPADO,23,28,1,ampliada
2021-09-01,09017,Venustiano Carranza,VOLCADURA,1,8,0,ampliada
2021-10-01,09002,Azcapotzalco,ATROPELLADO,9,9,0,ampliada
2021-10-01,09002,Azcapotzalco,CAIDA DE CICLISTA,3,3,0,ampliada
2021-10-01,09002,Azcapotzalco,CAIDA DE PASAJERO,0,0,0,ampliada
2021-10-01,09002,Azcapotzalco,CHOQUE,66,78,0,ampliada
2021-10-01,09002,Azcapotzalco,DERRAPADO,13,15,0,ampliada
2021-10-01,09002,Azcapotzalco,VOLCADURA,2,2,0,ampliada
2021-10-01,09003,Coyoacán,ATROPELLADO,31,30,1,ampliada
2021-10-01,09003,Coyoacán,CAIDA DE CICLISTA,3,3,0,ampliada
2021-10-01,09003,Coyoacán,CAIDA DE PASAJERO,2,2,0,ampliada
2021-10-01,09003,Coyoacán,CHOQUE,99,121,2,ampliada
2021-10-01,09003,Coyoacán,DERRAPADO,34,36,0,ampliada
2021-10-01,09003,Coyoacán,VOLCADURA,2,2,0,ampliada
2021-10-01,09004,Cuajimalpa de Morelos,ATROPELLADO,11,11,0,ampliada
2021-10-01,09004,Cuajimalpa de Morelos,CAIDA DE CICLISTA,2,1,1,ampliada
2021-10-01,09004,Cuajimalpa de Morelos,CAIDA DE PASAJERO,0,0,0,ampliada
2021-10-01,09004,Cuajimalpa de Morelos,CHOQUE,10,14,0,ampliada
2021-10-01,09004,Cuajimalpa de Morelos,DERRAPADO,4,4,0,ampliada
2021-10-01,09004,Cuajimalpa de Morelos,VOLCADURA,2,2,0,ampliada
2021-10-01,09005,Gustavo A. Madero,ATROPELLADO,37,41,2,ampliada
2021-10-01,09005,Gustavo A. Madero,CAIDA DE CICLISTA,6,7,0,ampliada
2021-10-01,09005,Gustavo A. Madero,CAIDA DE PASAJERO,6,6,0,ampliada
2021-10-01,09005,Gustavo A. Madero,CHOQUE,132,160,3,ampliada
2021-10-01,09005,Gustavo A. Madero,DERRAPADO,37,41,0,ampliada
2021-10-01,09005,Gustavo A. Madero,VOLCADURA,3,4,0,ampliada
2021-10-01,09006,Iztacalco,ATROPELLADO,11,12,0,ampliada
2021-10-01,09006,Iztacalco,CAIDA DE CICLISTA,3,3,0,ampliada
2021-10-01,09006,Iztacalco,CAIDA DE PASAJERO,2,3,0,ampliada
2021-10-01,09006,Iztacalco,CHOQUE,65,82,0,ampliada
2021-10-01,09006,Iztacalco,DERRAPADO,19,21,0,ampliada
2021-10-01,09006,Iztacalco,VOLCADURA,1,1,0,ampliada
2021-10-01,09007,Iztapalapa,ATROPELLADO,69,73,5,ampliada
2021-10-01,09007,Iztapalapa,CAIDA DE CICLISTA,6,6,0,ampliada
2021-10-01,09007,Iztapalapa,CAIDA DE PASAJERO,6,6,0,ampliada
2021-10-01,09007,Iztapalapa,CHOQUE,216,253,8,ampliada
2021-10-01,09007,Iztapalapa,DERRAPADO,67,72,1,ampliada
2021-10-01,09007,Iztapalapa,VOLCADURA,13,21,0,ampliada
2021-10-01,09008,La Magdalena Contreras,ATROPELLADO,7,6,1,ampliada
2021-10-01,09008,La Magdalena Contreras,CAIDA DE CICLISTA,0,0,0,ampliada
2021-10-01,09008,La Magdalena Contreras,CAIDA DE PASAJERO,1,2,0,ampliada
2021-10-01,09008,La Magdalena Contreras,CHOQUE,6,7,0,ampliada
2021-10-01,09008,La Magdalena Contreras,DERRAPADO,8,9,0,ampliada
2021-10-01,09008,La Magdalena Contreras,VOLCADURA,1,1,0,ampliada
2021-10-01,09009,Milpa Alta,ATROPELLADO,4,4,0,ampliada
2021-10-01,09009,Milpa Alta,CAIDA DE CICLISTA,1,1,0,ampliada
2021-10-01,09009,Milpa Alta,CAIDA DE PASAJERO,0,0,0,ampliada
2021-10-01,09009,Milpa Alta,CHOQUE,4,5,1,ampliada
2021-10-01,09009,Milpa Alta,DERRAPADO,4,5,0,ampliada
2021-10-01,09009,Milpa Alta,VOLCADURA,0,0,0,ampliada
2021-10-01,09010,Álvaro Obregón,ATROPELLADO,25,26,0,ampliada
2021-10-01,09010,Álvaro Obregón,CAIDA DE CICLISTA,4,4,0,ampliada
2021-10-01,09010,Álvaro Obregón,CAIDA DE PASAJERO,2,2,0,ampliada
2021-10-01,09010,Álvaro Obregón,CHOQUE,58,67,0,ampliada
2021-10-01,09010,Álvaro Obregón,DERRAPADO,20,22,0,ampliada
2021-10-01,09010,Álvaro Obregón,VOLCADURA,4,4,0,ampliada
2021-10-01,09011,Tláhuac,ATROPELLADO,14,14,0,ampliada
2021-10-01,09011,Tláhuac,CAIDA DE CICLISTA,2,3,0,ampliada
2021-10-01,09011,Tláhuac,CAIDA DE PASAJERO,0,0,0,ampliada
2021-10-01,09011,Tláhuac,CHOQUE,45,55,1,ampliada
2021-10-01,09011,Tláhuac,DERRAPADO,11,11,0,ampliada
2021-10-01,09011,Tláhuac,VOLCADURA,0,0,0,ampliada
2021-10-01,09012,Tlalpan,ATROPELLADO,19,19,1,ampliada
2021-10-01,09012,Tlalpan,CAIDA DE CICLISTA,2,2,0,ampliada
2021-10-01,09012,Tlalpan,CAIDA DE PASAJERO,1,1,0,ampliada
2021-10-01,09012,Tlalpan,CHOQUE,85,117,0,ampliada
2021-10-01,09012,Tlalpan,DERRAPADO,28,31,0,ampliada
2021-10-01,09012,Tlalpan,VOLCADURA,5,7,1,ampliada
2021-10-01,09013,Xochimilco,ATROPELLADO,8,8,1,ampliada
2021-10-01,09013,Xochimilco,CAIDA DE CICLISTA,1,1,0,ampliada
2021-10-01,09013,Xochimilco,CAIDA DE PASAJERO,1,1,0,ampliada
2021-10-01,09013,Xochimilco,CHOQUE,40,48,0,ampliada
2021-10-01,09013,Xochimilco,DERRAPADO,18,23,0,ampliada
2021-10-01,09013,Xochimilco,VOLCADURA,1,1,0,ampliada
2021-10-01,09014,Benito Juárez,ATROPELLADO,32,34,0,ampliada
2021-10-01,09014,Benito Juárez,CAIDA DE CICLISTA,9,9,0,ampliada
2021-10-01,09014,Benito Juárez,CAIDA DE PASAJERO,1,1,0,ampliada
2021-10-01,09014,Benito Juárez,CHOQUE,118,145,1,ampliada
2021-10-01,09014,Benito Juárez,DERRAPADO,31,33,0,ampliada
2021-10-01,09014,Benito Juárez,VOLCADURA,3,3,0,ampliada
2021-10-01,09015,Cuauhtémoc,ATROPELLADO,75,84,0,ampliada
2021-10-01,09015,Cuauhtémoc,CAIDA DE CICLISTA,13,13,0,ampliada
2021-10-01,09015,Cuauhtémoc,CAIDA DE PASAJERO,2,2,0,ampliada
2021-10-01,09015,Cuauhtémoc,CHOQUE,178,202,2,ampliada
2021-10-01,09015,Cuauhtémoc,DERRAPADO,58,65,1,ampliada
2021-10-01,09015,Cuauhtémoc,VOLCADURA,7,8,0,ampliada
2021-10-01,09016,Miguel Hidalgo,ATROPELLADO,16,14,2,ampliada
2021-10-01,09016,Miguel Hidalgo,CAIDA DE CICLISTA,6,6,0,ampliada
2021-10-01,09016,Miguel Hidalgo,CAIDA DE PASAJERO,1,1,0,ampliada
2021-10-01,09016,Miguel Hidalgo,CHOQUE,98,113,0,ampliada
2021-10-01,09016,Miguel Hidalgo,DERRAPADO,26,27,0,ampliada
2021-10-01,09016,Miguel Hidalgo,VOLCADURA,8,12,0,ampliada
2021-10-01,09017,Venustiano Carranza,ATROPELLADO,28,30,0,ampliada
2021-10-01,09017,Venustiano Carranza,CAIDA DE CICLISTA,7,8,0,ampliada
2021-10-01,09017,Venustiano Carranza,CAIDA DE PASAJERO,2,2,0,ampliada
2021-10-01,09017,Venustiano Carranza,CHOQUE,100,120,0,ampliada
2021-10-01,09017,Venustiano Carranza,DERRAPADO,39,44,0,ampliada
2021-10-01,09017,Venustiano Carranza,VOLCADURA,2,2,0,ampliada
2021-11-01,09002,Azcapotzalco,ATROPELLADO,16,16,0,ampliada
2021-11-01,09002,Azcapotzalco,CAIDA DE CICLISTA,3,3,0,ampliada
2021-11-01,09002,Azcapotzalco,CAIDA DE PASAJERO,3,3,0,ampliada
2021-11-01,09002,Azcapotzalco,CHOQUE,43,50,2,ampliada
2021-11-01,09002,Azcapotzalco,DERRAPADO,16,17,1,ampliada
2021-11-01,09002,Azcapotzalco,VOLCADURA,0,0,0,ampliada
2021-11-01,09003,Coyoacán,ATROPELLADO,17,17,1,ampliada
2021-11-01,09003,Coyoacán,CAIDA DE CICLISTA,3,3,0,ampliada
2021-11-01,09003,Coyoacán,CAIDA DE PASAJERO,4,4,0,ampliada
2021-11-01,09003,Coyoacán,CHOQUE,103,129,1,ampliada
2021-11-01,09003,Coyoacán,DERRAPADO,31,32,0,ampliada
2021-11-01,09003,Coyoacán,VOLCADURA,1,2,0,ampliada
2021-11-01,09004,Cuajimalpa de Morelos,ATROPELLADO,4,4,0,ampliada
2021-11-01,09004,Cuajimalpa de Morelos,CAIDA DE CICLISTA,1,1,0,ampliada
2021-11-01,09004,Cuajimalpa de Morelos,CAIDA DE PASAJERO,0,0,0,ampliada
2021-11-01,09004,Cuajimalpa de Morelos,CHOQUE,17,19,1,ampliada
2021-11-01,09004,Cuajimalpa de Morelos,DERRAPADO,11,11,0,ampliada
2021-11-01,09004,Cuajimalpa de Morelos,VOLCADURA,3,3,0,ampliada
2021-11-01,09005,Gustavo A. Madero,ATROPELLADO,46,47,3,ampliada
2021-11-01,09005,Gustavo A. Madero,CAIDA DE CICLISTA,4,4,0,ampliada
2021-11-01,09005,Gustavo A. Madero,CAIDA DE PASAJERO,4,8,0,ampliada
2021-11-01,09005,Gustavo A. Madero,CHOQUE,136,185,1,ampliada
2021-11-01,09005,Gustavo A. Madero,DERRAPADO,40,42,2,ampliada
2021-11-01,09005,Gustavo A. Madero,VOLCADURA,3,3,0,ampliada
2021-11-01,09006,Iztacalco,ATROPELLADO,14,11,3,ampliada
2021-11-01,09006,Iztacalco,CAIDA DE CICLISTA,2,1,1,ampliada
2021-11-01,09006,Iztacalco,CAIDA DE PASAJERO,3,3,0,ampliada
2021-11-01,09006,Iztacalco,CHOQUE,50,63,2,ampliada
2021-11-01,09006,Iztacalco,DERRAPADO,17,17,0,ampliada
2021-11-01,09006,Iztacalco,VOLCADURA,1,2,0,ampliada
2021-11-01,09007,Iztapalapa,ATROPELLADO,68,71,1,ampliada
2021-11-01,09007,Iztapalapa,CAIDA DE CICLISTA,9,9,0,ampliada
2021-11-01,09007,Iztapalapa,CAIDA DE PASAJERO,6,9,0,ampliada
2021-11-01,09007,Iztapalapa,CHOQUE,221,251,4,ampliada
2021-11-01,09007,Iztapalapa,DERRAPADO,64,73,0,ampliada
2021-11-01,09007,Iztapalapa,VOLCADURA,8,7,1,ampliada
2021-11-01,09008,La Magdalena Contreras,ATROPELLADO,6,7,0,ampliada
2021-11-01,09008,La Magdalena Contreras,CAIDA DE CICLISTA,0,0,0,ampliada
2021-11-01,09008,La Magdalena Contreras,CAIDA DE PASAJERO,0,0,0,ampliada
2021-11-01,09008,La Magdalena Contreras,CHOQUE,11,11,0,ampliada
2021-11-01,09008,La Magdalena Contreras,DERRAPADO,7,7,0,ampliada
2021-11-01,09008,La Magdalena Contreras,VOLCADURA,1,1,0,ampliada
2021-11-01,09009,Milpa Alta,ATROPELLADO,3,4,0,ampliada
2021-11-01,09009,Milpa Alta,CAIDA DE CICLISTA,3,3,0,ampliada
2021-11-01,09009,Milpa Alta,CAIDA DE PASAJERO,0,0,0,ampliada
2021-11-01,09009,Milpa Alta,CHOQUE,12,19,0,ampliada
2021-11-01,09009,Milpa Alta,DERRAPADO,1,1,0,ampliada
2021-11-01,09009,Milpa Alta,VOLCADURA,0,0,0,ampliada
2021-11-01,09010,Álvaro Obregón,ATROPELLADO,23,27,0,ampliada
2021-11-01,09010,Álvaro Obregón,CAIDA DE CICLISTA,2,2,0,ampliada
2021-11-01,09010,Álvaro Obregón,CAIDA DE PASAJERO,2,2,0,ampliada
2021-11-01,09010,Álvaro Obregón,CHOQUE,57,68,0,ampliada
2021-11-01,09010,Álvaro Obregón,DERRAPADO,20,22,0,ampliada
2021-11-01,09010,Álvaro Obregón,VOLCADURA,3,3,0,ampliada
2021-11-01,09011,Tláhuac,ATROPELLADO,13,12,2,ampliada
2021-11-01,09011,Tláhuac,CAIDA DE CICLISTA,2,2,0,ampliada
2021-11-01,09011,Tláhuac,CAIDA DE PASAJERO,1,1,0,ampliada
2021-11-01,09011,Tláhuac,CHOQUE,46,62,0,ampliada
2021-11-01,09011,Tláhuac,DERRAPADO,17,20,0,ampliada
2021-11-01,09011,Tláhuac,VOLCADURA,0,0,0,ampliada
2021-11-01,09012,Tlalpan,ATROPELLADO,24,24,3,ampliada
2021-11-01,09012,Tlalpan,CAIDA DE CICLISTA,3,3,0,ampliada
2021-11-01,09012,Tlalpan,CAIDA DE PASAJERO,4,5,0,ampliada
2021-11-01,09012,Tlalpan,CHOQUE,68,86,1,ampliada
2021-11-01,09012,Tlalpan,DERRAPADO,27,30,1,ampliada
2021-11-01,09012,Tlalpan,VOLCADURA,1,1,0,ampliada
2021-11-01,09013,Xochimilco,ATROPELLADO,16,17,0,ampliada
2021-11-01,09013,Xochimilco,CAIDA DE CICLISTA,6,6,0,ampliada
2021-11-01,09013,Xochimilco,CAIDA DE PASAJERO,1,1,0,ampliada
2021-11-01,09013,Xochimilco,CHOQUE,40,49,1,ampliada
2021-11-01,09013,Xochimilco,DERRAPADO,25,26,0,ampliada
2021-11-01,09013,Xochimilco,VOLCADURA,3,5,0,ampliada
2021-11-01,09014,Benito Juárez,ATROPELLADO,18,17,1,ampliada
2021-11-01,09014,Benito Juárez,CAIDA DE CICLISTA,4,4,0,ampliada
2021-11-01,09014,Benito Juárez,CAIDA DE PASAJERO,2,4,0,ampliada
2021-11-01,09014,Benito Juárez,CHOQUE,137,162,0,ampliada
2021-11-01,09014,Benito Juárez,DERRAPADO,30,32,0,ampliada
2021-11-01,09014,Benito Juárez,VOLCADURA,3,3,0,ampliada
2021-11-01,09015,Cuauhtémoc,ATROPELLADO,60,63,0,ampliada
2021-11-01,09015,Cuauhtémoc,CAIDA DE CICLISTA,11,11,0,ampliada
2021-11-01,09015,Cuauhtémoc,CAIDA DE PASAJERO,1,1,0,ampliada
2021-11-01,09015,Cuauhtémoc,CHOQUE,177,207,0,ampliada
2021-11-01,09015,Cuauhtémoc,DERRAPADO,78,87,0,ampliada
2021-11-01,09015,Cuauhtémoc,VOLCADURA,2,3,0,ampliada
2021-11-01,09016,Miguel Hidalgo,ATROPELLADO,13,13,0,ampliada
2021-11-01,09016,Miguel Hidalgo,CAIDA DE CICLISTA,10,10,0,ampliada
2021-11-01,09016,Miguel Hidalgo,CAIDA DE PASAJERO,0,0,0,ampliada
2021-11-01,09016,Miguel Hidalgo,CHOQUE,103,127,1,ampliada
2021-11-01,09016,Miguel Hidalgo,DERRAPADO,34,36,0,ampliada
2021-11-01,09016,Miguel Hidalgo,VOLCADURA,4,5,0,ampliada
2021-11-01,09017,Venustiano Carranza,ATROPELLADO,27,30,1,ampliada
2021-11-01,09017,Venustiano Carranza,CAIDA DE CICLISTA,3,3,0,ampliada
2021-11-01,09017,Venustiano Carranza,CAIDA DE PASAJERO,3,3,0,ampliada
2021-11-01,09017,Venustiano Carranza,CHOQUE,91,133,0,ampliada
2021-11-01,09017,Venustiano Carranza,DERRAPADO,41,46,0,ampliada
2021-11-01,09017,Venustiano Carranza,VOLCADURA,2,2,0,ampliada
2021-12-01,09002,Azcapotzalco,ATROPELLADO,18,18,0,ampliada
2021-12-01,09002,Azcapotzalco,CAIDA DE CICLISTA,2,2,0,ampliada
2021-12-01,09002,Azcapotzalco,CAIDA DE PASAJERO,0,0,0,ampliada
2021-12-01,09002,Azcapotzalco,CHOQUE,74,91,0,ampliada
2021-12-01,09002,Azcapotzalco,DERRAPADO,29,33,0,ampliada
2021-12-01,09002,Azcapotzalco,VOLCADURA,2,2,0,ampliada
2021-12-01,09003,Coyoacán,ATROPELLADO,32,31,1,ampliada
2021-12-01,09003,Coyoacán,CAIDA DE CICLISTA,7,7,0,ampliada
2021-12-01,09003,Coyoacán,CAIDA DE PASAJERO,6,6,0,ampliada
2021-12-01,09003,Coyoacán,CHOQUE,145,192,1,ampliada
2021-12-01,09003,Coyoacán,DERRAPADO,30,32,0,ampliada
2021-12-01,09003,Coyoacán,VOLCADURA,4,4,0,ampliada
2021-12-01,09004,Cuajimalpa de Morelos,ATROPELLADO,7,6,1,ampliada
2021-12-01,09004,Cuajimalpa de Morelos,CAIDA DE CICLISTA,2,2,0,ampliada
2021-12-01,09004,Cuajimalpa de Morelos,CAIDA DE PASAJERO,0,0,0,ampliada
2021-12-01,09004,Cuajimalpa de Morelos,CHOQUE,13,18,2,ampliada
2021-12-01,09004,Cuajimalpa de Morelos,DERRAPADO,12,16,0,ampliada
2021-12-01,09004,Cuajimalpa de Morelos,VOLCADURA,1,1,0,ampliada
2021-12-01,09005,Gustavo A. Madero,ATROPELLADO,38,36,3,ampliada
2021-12-01,09005,Gustavo A. Madero,CAIDA DE CICLISTA,5,5,0,ampliada
2021-12-01,09005,Gustavo A. Madero,CAIDA DE PASAJERO,6,6,0,ampliada
2021-12-01,09005,Gustavo A. Madero,CHOQUE,142,187,3,ampliada
2021-12-01,09005,Gustavo A. Madero,DERRAPADO,43,44,2,ampliada
2021-12-01,09005,Gustavo A. Madero,VOLCADURA,7,10,0,ampliada
2021-12-01,09006,Iztacalco,ATROPELLADO,16,15,1,ampliada
2021-12-01,09006,Iztacalco,CAIDA DE CICLISTA,3,3,0,ampliada
2021-12-01,09006,Iztacalco,CAIDA DE PASAJERO,3,3,0,ampliada
2021-12-01,09006,Iztacalco,CHOQUE,81,100,0,ampliada
2021-12-01,09006,Iztacalco,DERRAPADO,22,24,0,ampliada
2021-12-01,09006,Iztacalco,VOLCADURA,2,3,0,ampliada
2021-12-01,09007,Iztapalapa,ATROPELLADO,61,62,2,ampliada
2021-12-01,09007,Iztapalapa,CAIDA DE CICLISTA,12,12,0,ampliada
2021-12-01,09007,Iztapalapa,CAIDA DE PASAJERO,8,9,0,ampliada
2021-12-01,09007,Iztapalapa,CHOQUE,273,332,2,ampliada
2021-12-01,09007,Iztapalapa,DERRAPADO,101,112,0,ampliada
2021-12-01,09007,Iztapalapa,VOLCADURA,9,13,0,ampliada
2021-12-01,09008,La Magdalena Contreras,ATROPELLADO,3,5,0,ampliada
2021-12-01,09008,La Magdalena Contreras,CAIDA DE CICLISTA,1,1,0,ampliada
2021-12-01,09008,La Magdalena Contreras,CAIDA DE PASAJERO,0,0,0,ampliada
2021-12-01,09008,La Magdalena Contreras,CHOQUE,12,16,0,ampliada
2021-12-01,09008,La Magdalena Contreras,DERRAPADO,15,17,1,ampliada
2021-12-01,09008,La Magdalena Contreras,VOLCADURA,0,0,0,ampliada
2021-12-01,09009,Milpa Alta,ATROPELLADO,1,1,0,ampliada
2021-12-01,09009,Milpa Alta,CAIDA DE CICLISTA,1,1,0,ampliada
2021-12-01,09009,Milpa Alta,CAIDA DE PASAJERO,1,1,0,ampliada
2021-12-01,09009,Milpa Alta,CHOQUE,12,15,1,ampliada
2021-12-01,09009,Milpa Alta,DERRAPADO,4,3,1,ampliada
2021-12-01,09009,Milpa Alta,VOLCADURA,0,0,0,ampliada
2021-12-01,09010,Álvaro Obregón,ATROPELLADO,12,12,0,ampliada
2021-12-01,09010,Álvaro Obregón,CAIDA DE CICLISTA,0,0,0,ampliada
2021-12-01,09010,Álvaro Obregón,CAIDA DE PASAJERO,3,3,0,ampliada
2021-12-01,09010,Álvaro Obregón,CHOQUE,71,82,1,ampliada
2021-12-01,09010,Álvaro Obregón,DERRAPADO,26,27,1,ampliada
2021-12-01,09010,Álvaro Obregón,VOLCADURA,3,3,0,ampliada
2021-12-01,09011,Tláhuac,ATROPELLADO,6,8,0,ampliada
2021-12-01,09011,Tláhuac,CAIDA DE CICLISTA,1,1,0,ampliada
2021-12-01,09011,Tláhuac,CAIDA DE PASAJERO,1,1,0,ampliada
2021-12-01,09011,Tláhuac,CHOQUE,56,94,1,ampliada
2021-12-01,09011,Tláhuac,DERRAPADO,12,13,1,ampliada
2021-12-01,09011,Tláhuac,VOLCADURA,0,0,0,ampliada
2021-12-01,09012,Tlalpan,ATROPELLADO,23,25,1,ampliada
2021-12-01,09012,Tlalpan,CAIDA DE CICLISTA,3,3,0,ampliada
2021-12-01,09012,Tlalpan,CAIDA DE PASAJERO,2,2,0,ampliada
2021-12-01,09012,Tlalpan,CHOQUE,86,107,1,ampliada
2021-12-01,09012,Tlalpan,DERRAPADO,38,42,1,ampliada
2021-12-01,09012,Tlalpan,VOLCADURA,1,1,0,ampliada
2021-12-01,09013,Xochimilco,ATROPELLADO,20,22,1,ampliada
2021-12-01,09013,Xochimilco,CAIDA DE CICLISTA,3,3,0,ampliada
2021-12-01,09013,Xochimilco,CAIDA DE PASAJERO,0,0,0,ampliada
2021-12-01,09013,Xochimilco,CHOQUE,43,52,1,ampliada
2021-12-01,09013,Xochimilco,DERRAPADO,18,21,0,ampliada
2021-12-01,09013,Xochimilco,VOLCADURA,1,2,0,ampliada
2021-12-01,09014,Benito Juárez,ATROPELLADO,27,27,0,ampliada
2021-12-01,09014,Benito Juárez,CAIDA DE CICLISTA,7,7,0,ampliada
2021-12-01,09014,Benito Juárez,CAIDA DE PASAJERO,1,1,0,ampliada
2021-12-01,09014,Benito Juárez,CHOQUE,164,207,0,ampliada
2021-12-01,09014,Benito Juárez,DERRAPADO,36,36,0,ampliada
2021-12-01,09014,Benito Juárez,VOLCADURA,0,0,0,ampliada
2021-12-01,09015,Cuauhtémoc,ATROPELLADO,79,81,0,ampliada
2021-12-01,09015,Cuauhtémoc,CAIDA DE CICLISTA,18,18,0,ampliada
2021-12-01,09015,Cuauhtémoc,CAIDA DE PASAJERO,5,5,0,ampliada
2021-12-01,09015,Cuauhtémoc,CHOQUE,223,286,2,ampliada
2021-12-01,09015,Cuauhtémoc,DERRAPADO,75,81,1,ampliada
2021-12-01,09015,Cuauhtémoc,VOLCADURA,2,1,1,ampliada
2021-12-01,09016,Miguel Hidalgo,ATROPELLADO,13,12,1,ampliada
2021-12-01,09016,Miguel Hidalgo,CAIDA DE CICLISTA,11,11,0,ampliada
2021-12-01,09016,Miguel Hidalgo,CAIDA DE PASAJERO,4,5,0,ampliada
2021-12-01,09016,Miguel Hidalgo,CHOQUE,88,103,1,ampliada
2021-12-01,09016,Miguel Hidalgo,DERRAPADO,28,29,0,ampliada
2021-12-01,09016,Miguel Hidalgo,VOLCADURA,10,11,0,ampliada
2021-12-01,09017,Venustiano Carranza,ATROPELLADO,39,41,2,ampliada
2021-12-01,09017,Venustiano Carranza,CAIDA DE CICLISTA,4,4,0,ampliada
2021-12-01,09017,Venustiano Carranza,CAIDA DE PASAJERO,3,4,0,ampliada
2021-12-01,09017,Venustiano Carranza,CHOQUE,105,122,0,ampliada
2021-12-01,09017,Venustiano Carranza,DERRAPADO,40,45,0,ampliada
2021-12-01,09017,Venustiano Carranza,VOLCADURA,6,6,0,ampliada
2022-01-01,09002,Azcapotzalco,ATROPELLADO,11,11,0,ampliada
2022-01-01,09002,Azcapotzalco,CAIDA DE CICLISTA,4,4,0,ampliada
2022-01-01,09002,Azcapotzalco,CAIDA DE PASAJERO,1,1,0,ampliada
2022-01-01,09002,Azcapotzalco,CHOQUE,48,53,2,ampliada
2022-01-01,09002,Azcapotzalco,DERRAPADO,19,21,0,ampliada
2022-01-01,09002,Azcapotzalco,VOLCADURA,1,2,0,ampliada
2022-01-01,09003,Coyoacán,ATROPELLADO,23,24,0,ampliada
2022-01-01,09003,Coyoacán,CAIDA DE CICLISTA,5,5,0,ampliada
2022-01-01,09003,Coyoacán,CAIDA DE PASAJERO,1,1,0,ampliada
2022-01-01,09003,Coyoacán,CHOQUE,98,122,1,ampliada
2022-01-01,09003,Coyoacán,DERRAPADO,41,42,2,ampliada
2022-01-01,09003,Coyoacán,VOLCADURA,4,5,0,ampliada
2022-01-01,09004,Cuajimalpa de Morelos,ATROPELLADO,5,5,0,ampliada
2022-01-01,09004,Cuajimalpa de Morelos,CAIDA DE CICLISTA,0,0,0,ampliada
2022-01-01,09004,Cuajimalpa de Morelos,CAIDA DE PASAJERO,0,0,0,ampliada
2022-01-01,09004,Cuajimalpa de Morelos,CHOQUE,16,18,0,ampliada
2022-01-01,09004,Cuajimalpa de Morelos,DERRAPADO,13,13,0,ampliada
2022-01-01,09004,Cuajimalpa de Morelos,VOLCADURA,3,4,0,ampliada
2022-01-01,09005,Gustavo A. Madero,ATROPELLADO,29,28,3,ampliada
2022-01-01,09005,Gustavo A. Madero,CAIDA DE CICLISTA,2,2,0,ampliada
2022-01-01,09005,Gustavo A. Madero,CAIDA DE PASAJERO,5,7,0,ampliada
2022-01-01,09005,Gustavo A. Madero,CHOQUE,120,183,0,ampliada
2022-01-01,09005,Gustavo A. Madero,DERRAPADO,31,32,1,ampliada
2022-01-01,09005,Gustavo A. Madero,VOLCADURA,3,3,0,ampliada
2022-01-01,09006,Iztacalco,ATROPELLADO,16,17,0,ampliada
2022-01-01,09006,Iztacalco,CAIDA DE CICLISTA,1,1,0,ampliada
2022-01-01,09006,Iztacalco,CAIDA DE PASAJERO,0,0,0,ampliada
2022-01-01,09006,Iztacalco,CHOQUE,52,68,0,ampliada
2022-01-01,09006,Iztacalco,DERRAPADO,14,14,0,ampliada
2022-01-01,09006,Iztacalco,VOLCADURA,1,3,0,ampliada
2022-01-01,09007,Iztapalapa,ATROPELLADO,51,49,4,ampliada
2022-01-01,09007,Iztapalapa,CAIDA DE CICLISTA,8,8,0,ampliada
2022-01-01,09007,Iztapalapa,CAIDA DE PASAJERO,4,8,0,ampliada
2022-01-01,09007,Iztapalapa,CHOQUE,214,259,3,ampliada
2022-01-01,09007,Iztapalapa,DERRAPADO,96,105,3,ampliada
2022-01-01,09007,Iztapalapa,VOLCADURA,2,2,0,ampliada
2022-01-01,09008,La Magdalena Contreras,ATROPELLADO,7,6,1,ampliada
2022-01-01,09008,La Magdalena Contreras,CAIDA DE CICLISTA,0,0,0,ampliada
2022-01-01,09008,La Magdalena Contreras,CAIDA DE PASAJERO,2,2,0,ampliada
2022-01-01,09008,La Magdalena Contreras,CHOQUE,6,6,0,ampliada
2022-01-01,09008,La Magdalena Contreras,DERRAPADO,7,8,0,ampliada
2022-01-01,09008,La Magdalena Contreras,VOLCADURA,0,0,0,ampliada
2022-01-01,09009,Milpa Alta,ATROPELLADO,3,3,0,ampliada
2022-01-01,09009,Milpa Alta,CAIDA DE CICLISTA,1,1,0,ampliada
2022-01-01,09009,Milpa Alta,CAIDA DE PASAJERO,0,0,0,ampliada
2022-01-01,09009,Milpa Alta,CHOQUE,10,23,1,ampliada
2022-01-01,09009,Milpa Alta,DERRAPADO,6,7,0,ampliada
2022-01-01,09009,Milpa Alta,VOLCADURA,2,4,0,ampliada
2022-01-01,09010,Álvaro Obregón,ATROPELLADO,18,16,2,ampliada
2022-01-01,09010,Álvaro Obregón,CAIDA DE CICLISTA,2,2,0,ampliada
2022-01-01,09010,Álvaro Obregón,CAIDA DE PASAJERO,1,1,0,ampliada
2022-01-01,09010,Álvaro Obregón,CHOQUE,60,65,2,ampliada
2022-01-01,09010,Álvaro Obregón,DERRAPADO,31,31,1,ampliada
2022-01-01,09010,Álvaro Obregón,VOLCADURA,1,2,0,ampliada
2022-01-01,09011,Tláhuac,ATROPELLADO,10,10,0,ampliada
2022-01-01,09011,Tláhuac,CAIDA DE CICLISTA,3,3,0,ampliada
2022-01-01,09011,Tláhuac,CAIDA DE PASAJERO,4,4,0,ampliada
2022-01-01,09011,Tláhuac,CHOQUE,52,67,1,ampliada
2022-01-01,09011,Tláhuac,DERRAPADO,22,27,0,ampliada
2022-01-01,09011,Tláhuac,VOLCADURA,1,1,0,ampliada
2022-01-01,09012,Tlalpan,ATROPELLADO,21,22,2,ampliada
2022-01-01,09012,Tlalpan,CAIDA DE CICLISTA,4,4,0,ampliada
2022-01-01,09012,Tlalpan,CAIDA DE PASAJERO,4,4,0,ampliada
2022-01-01,09012,Tlalpan,CHOQUE,85,109,1,ampliada
2022-01-01,09012,Tlalpan,DERRAPADO,35,35,1,ampliada
2022-01-01,09012,Tlalpan,VOLCADURA,12,19,0,ampliada
2022-01-01,09013,Xochimilco,ATROPELLADO,7,8,0,ampliada
2022-01-01,09013,Xochimilco,CAIDA DE CICLISTA,3,3,0,ampliada
2022-01-01,09013,Xochimilco,CAIDA DE PASAJERO,1,1,0,ampliada
2022-01-01,09013,Xochimilco,CHOQUE,32,36,1,ampliada
2022-01-01,09013,Xochimilco,DERRAPADO,14,16,0,ampliada
2022-01-01,09013,Xochimilco,VOLCADURA,0,0,0,ampliada
2022-01-01,09014,Benito Juárez,ATROPELLADO,18,20,0,ampliada
2022-01-01,09014,Benito Juárez,CAIDA DE CICLISTA,6,6,0,ampliada
2022-01-01,09014,Benito Juárez,CAIDA DE PASAJERO,2,3,0,ampliada
2022-01-01,09014,Benito Juárez,CHOQUE,116,134,1,ampliada
2022-01-01,09014,Benito Juárez,DERRAPADO,22,22,0,ampliada
2022-01-01,09014,Benito Juárez,VOLCADURA,1,1,0,ampliada
2022-01-01,09015,Cuauhtémoc,ATROPELLADO,40,45,0,ampliada
2022-01-01,09015,Cuauhtémoc,CAIDA DE CICLISTA,12,12,0,ampliada
2022-01-01,09015,Cuauhtémoc,CAIDA DE PASAJERO,2,2,1,ampliada
2022-01-01,09015,Cuauhtémoc,CHOQUE,156,189,1,ampliada
2022-01-01,09015,Cuauhtémoc,DERRAPADO,62,69,0,ampliada
2022-01-01,09015,Cuauhtémoc,VOLCADURA,3,3,0,ampliada
2022-01-01,09016,Miguel Hidalgo,ATROPELLADO,17,17,1,ampliada
2022-01-01,09016,Miguel Hidalgo,CAIDA DE CICLISTA,4,4,0,ampliada
2022-01-01,09016,Miguel Hidalgo,CAIDA DE PASAJERO,3,3,0,ampliada
2022-01-01,09016,Miguel Hidalgo,CHOQUE,72,81,4,ampliada
2022-01-01,09016,Miguel Hidalgo,DERRAPADO,23,24,0,ampliada
2022-01-01,09016,Miguel Hidalgo,VOLCADURA,4,4,0,ampliada
2022-01-01,09017,Venustiano Carranza,ATROPELLADO,21,20,1,ampliada
2022-01-01,09017,Venustiano Carranza,CAIDA DE CICLISTA,1,1,0,ampliada
2022-01-01,09017,Venustiano Carranza,CAIDA DE PASAJERO,1,1,0,ampliada
2022-01-01,09017,Venustiano Carranza,CHOQUE,79,99,1,ampliada
2022-01-01,09017,Venustiano Carranza,DERRAPADO,22,26,0,ampliada
2022-01-01,09017,Venustiano Carranza,VOLCADURA,3,5,0,ampliada
2022-02-01,09002,Azcapotzalco,ATROPELLADO,15,15,0,ampliada
2022-02-01,09002,Azcapotzalco,CAIDA DE CICLISTA,7,7,0,ampliada
2022-02-01,09002,Azcapotzalco,CAIDA DE PASAJERO,1,5,0,ampliada
2022-02-01,09002,Azcapotzalco,CHOQUE,50,56,0,ampliada
2022-02-01,09002,Azcapotzalco,DERRAPADO,17,17,0,ampliada
2022-02-01,09002,Azcapotzalco,VOLCADURA,1,1,0,ampliada
2022-02-01,09003,Coyoacán,ATROPELLADO,25,29,1,ampliada
2022-02-01,09003,Coyoacán,CAIDA DE CICLISTA,5,5,0,ampliada
2022-02-01,09003,Coyoacán,CAIDA DE PASAJERO,1,1,0,ampliada
2022-02-01,09003,Coyoacán,CHOQUE,116,137,1,ampliada
2022-02-01,09003,Coyoacán,DERRAPADO,32,33,1,ampliada
2022-02-01,09003,Coyoacán,VOLCADURA,4,4,0,ampliada
2022-02-01,09004,Cuajimalpa de Morelos,ATROPELLADO,4,4,0,ampliada
2022-02-01,09004,Cuajimalpa de Morelos,CAIDA DE CICLISTA,1,1,0,ampliada
2022-02-01,09004,Cuajimalpa de Morelos,CAIDA DE PASAJERO,0,0,0,ampliada
2022-02-01,09004,Cuajimalpa de Morelos,CHOQUE,15,19,0,ampliada
2022-02-01,09004,Cuajimalpa de Morelos,DERRAPADO,4,4,0,ampliada
2022-02-01,09004,Cuajimalpa de Morelos,VOLCADURA,2,2,0,ampliada
2022-02-01,09005,Gustavo A. Madero,ATROPELLADO,32,34,1,ampliada
2022-02-01,09005,Gustavo A. Madero,CAIDA DE CICLISTA,4,4,0,ampliada
2022-02-01,09005,Gustavo A. Madero,CAIDA DE PASAJERO,0,0,0,ampliada
2022-02-01,09005,Gustavo A. Madero,CHOQUE,140,170,2,ampliada
2022-02-01,09005,Gustavo A. Madero,DERRAPADO,44,44,1,ampliada
2022-02-01,09005,Gustavo A. Madero,VOLCADURA,6,6,1,ampliada
2022-02-01,09006,Iztacalco,ATROPELLADO,21,22,0,ampliada
2022-02-01,09006,Iztacalco,CAIDA DE CICLISTA,4,4,0,ampliada
2022-02-01,09006,Iztacalco,CAIDA DE PASAJERO,4,5,0,ampliada
2022-02-01,09006,Iztacalco,CHOQUE,72,88,1,ampliada
2022-02-01,09006,Iztacalco,DERRAPADO,14,16,0,ampliada
2022-02-01,09006,Iztacalco,VOLCADURA,1,1,0,ampliada
2022-02-01,09007,Iztapalapa,ATROPELLADO,53,57,2,ampliada
2022-02-01,09007,Iztapalapa,CAIDA DE CICLISTA,9,9,0,ampliada
2022-02-01,09007,Iztapalapa,CAIDA DE PASAJERO,3,3,0,ampliada
2022-02-01,09007,Iztapalapa,CHOQUE,222,272,2,ampliada
2022-02-01,09007,Iztapalapa,DERRAPADO,98,108,4,ampliada
2022-02-01,09007,Iztapalapa,VOLCADURA,2,2,0,ampliada
2022-02-01,09008,La Magdalena Contreras,ATROPELLADO,6,6,0,ampliada
2022-02-01,09008,La Magdalena Contreras,CAIDA DE CICLISTA,0,0,0,ampliada
2022-02-01,09008,La Magdalena Contreras,CAIDA DE PASAJERO,0,0,0,ampliada
2022-02-01,09008,La Magdalena Contreras,CHOQUE,12,16,1,ampliada
2022-02-01,09008,La Magdalena Contreras,DERRAPADO,3,3,0,ampliada
2022-02-01,09008,La Magdalena Contreras,VOLCADURA,0,0,0,ampliada
2022-02-01,09009,Milpa Alta,ATROPELLADO,3,4,0,ampliada
2022-02-01,09009,Milpa Alta,CAIDA DE CICLISTA,2,2,0,ampliada
2022-02-01,09009,Milpa Alta,CAIDA DE PASAJERO,0,0,0,ampliada
2022-02-01,09009,Milpa Alta,CHOQUE,10,12,0,ampliada
2022-02-01,09009,Milpa Alta,DERRAPADO,4,4,0,ampliada
2022-02-01,09009,Milpa Alta,VOLCADURA,3,14,0,ampliada
2022-02-01,09010,Álvaro Obregón,ATROPELLADO,21,22,0,ampliada
2022-02-01,09010,Álvaro Obregón,CAIDA DE CICLISTA,3,3,0,ampliada
2022-02-01,09010,Álvaro Obregón,CAIDA DE PASAJERO,2,2,0,ampliada
2022-02-01,09010,Álvaro Obregón,CHOQUE,61,77,1,ampliada
2022-02-01,09010,Álvaro Obregón,DERRAPADO,26,26,1,ampliada
2022-02-01,09010,Álvaro Obregón,VOLCADURA,4,5,0,ampliada
2022-02-01,09011,Tláhuac,ATROPELLADO,7,7,0,ampliada
2022-02-01,09011,Tláhuac,CAIDA DE CICLISTA,4,4,0,ampliada
2022-02-01,09011,Tláhuac,CAIDA DE PASAJERO,3,4,0,ampliada
2022-02-01,09011,Tláhuac,CHOQUE,51,66,0,ampliada
2022-02-01,09011,Tláhuac,DERRAPADO,11,13,1,ampliada
2022-02-01,09011,Tláhuac,VOLCADURA,1,1,0,ampliada
2022-02-01,09012,Tlalpan,ATROPELLADO,16,19,0,ampliada
2022-02-01,09012,Tlalpan,CAIDA DE CICLISTA,3,3,0,ampliada
2022-02-01,09012,Tlalpan,CAIDA DE PASAJERO,2,7,0,ampliada
2022-02-01,09012,Tlalpan,CHOQUE,98,146,0,ampliada
2022-02-01,09012,Tlalpan,DERRAPADO,31,33,0,ampliada
2022-02-01,09012,Tlalpan,VOLCADURA,7,9,0,ampliada
2022-02-01,09013,Xochimilco,ATROPELLADO,12,14,0,ampliada
2022-02-01,09013,Xochimilco,CAIDA DE CICLISTA,5,5,0,ampliada
2022-02-01,09013,Xochimilco,CAIDA DE PASAJERO,2,2,0,ampliada
2022-02-01,09013,Xochimilco,CHOQUE,40,54,0,ampliada
2022-02-01,09013,Xochimilco,DERRAPADO,20,22,0,ampliada
2022-02-01,09013,Xochimilco,VOLCADURA,0,0,0,ampliada
2022-02-01,09014,Benito Juárez,ATROPELLADO,28,28,0,ampliada
2022-02-01,09014,Benito Juárez,CAIDA DE CICLISTA,6,6,0,ampliada
2022-02-01,09014,Benito Juárez,CAIDA DE PASAJERO,1,1,0,ampliada
2022-02-01,09014,Benito Juárez,CHOQUE,131,160,1,ampliada
2022-02-01,09014,Benito Juárez,DERRAPADO,31,34,0,ampliada
2022-02-01,09014,Benito Juárez,VOLCADURA,0,0,0,ampliada
2022-02-01,09015,Cuauhtémoc,ATROPELLADO,59,65,2,ampliada
2022-02-01,09015,Cuauhtémoc,CAIDA DE CICLISTA,17,17,0,ampliada
2022-02-01,09015,Cuauhtémoc,CAIDA DE PASAJERO,5,6,0,ampliada
2022-02-01,09015,Cuauhtémoc,CHOQUE,153,187,0,ampliada
2022-02-01,09015,Cuauhtémoc,DERRAPADO,54,62,1,ampliada
2022-02-01,09015,Cuauhtémoc,VOLCADURA,2,3,0,ampliada
2022-02-01,09016,Miguel Hidalgo,ATROPELLADO,14,14,0,ampliada
2022-02-01,09016,Miguel Hidalgo,CAIDA DE CICLISTA,10,10,0,ampliada
2022-02-01,09016,Miguel Hidalgo,CAIDA DE PASAJERO,1,1,0,ampliada
2022-02-01,09016,Miguel Hidalgo,CHOQUE,103,122,1,ampliada
2022-02-01,09016,Miguel Hidalgo,DERRAPADO,30,31,1,ampliada
2022-02-01,09016,Miguel Hidalgo,VOLCADURA,1,1,0,ampliada
2022-02-01,09017,Venustiano Carranza,ATROPELLADO,27,27,1,ampliada
2022-02-01,09017,Venustiano Carranza,CAIDA DE CICLISTA,4,4,0,ampliada
2022-02-01,09017,Venustiano Carranza,CAIDA DE PASAJERO,3,11,1,ampliada
2022-02-01,09017,Venustiano Carranza,CHOQUE,106,133,0,ampliada
2022-02-01,09017,Venustiano Carranza,DERRAPADO,29,31,1,ampliada
2022-02-01,09017,Venustiano Carranza,VOLCADURA,2,2,1,ampliada
2022-03-01,09002,Azcapotzalco,ATROPELLADO,18,18,0,ampliada
2022-03-01,09002,Azcapotzalco,CAIDA DE CICLISTA,4,4,0,ampliada
2022-03-01,09002,Azcapotzalco,CAIDA DE PASAJERO,0,0,0,ampliada
2022-03-01,09002,Azcapotzalco,CHOQUE,64,71,1,ampliada
2022-03-01,09002,Azcapotzalco,DERRAPADO,20,21,0,ampliada
2022-03-01,09002,Azcapotzalco,VOLCADURA,0,0,0,ampliada
2022-03-01,09003,Coyoacán,ATROPELLADO,24,24,1,ampliada
2022-03-01,09003,Coyoacán,CAIDA DE CICLISTA,8,8,0,ampliada
2022-03-01,09003,Coyoacán,CAIDA DE PASAJERO,5,5,0,ampliada
2022-03-01,09003,Coyoacán,CHOQUE,142,201,0,ampliada
2022-03-01,09003,Coyoacán,DERRAPADO,30,33,0,ampliada
2022-03-01,09003,Coyoacán,VOLCADURA,1,1,0,ampliada
2022-03-01,09004,Cuajimalpa de Morelos,ATROPELLADO,4,4,0,ampliada
2022-03-01,09004,Cuajimalpa de Morelos,CAIDA DE CICLISTA,0,0,0,ampliada
2022-03-01,09004,Cuajimalpa de Morelos,CAIDA DE PASAJERO,0,0,0,ampliada
2022-03-01,09004,Cuajimalpa de Morelos,CHOQUE,20,36,1,ampliada
2022-03-01,09004,Cuajimalpa de Morelos,DERRAPADO,5,6,0,ampliada
2022-03-01,09004,Cuajimalpa de Morelos,VOLCADURA,3,3,1,ampliada
2022-03-01,09005,Gustavo A. Madero,ATROPELLADO,54,55,1,ampliada
2022-03-01,09005,Gustavo A. Madero,CAIDA DE CICLISTA,4,4,0,ampliada
2022-03-01,09005,Gustavo A. Madero,CAIDA DE PASAJERO,8,13,0,ampliada
2022-03-01,09005,Gustavo A. Madero,CHOQUE,178,231,0,ampliada
2022-03-01,09005,Gustavo A. Madero,DERRAPADO,64,69,2,ampliada
2022-03-01,09005,Gustavo A. Madero,VOLCADURA,12,13,0,ampliada
2022-03-01,09006,Iztacalco,ATROPELLADO,25,24,2,ampliada
2022-03-01,09006,Iztacalco,CAIDA DE CICLISTA,3,3,0,ampliada
2022-03-01,09006,Iztacalco,CAIDA DE PASAJERO,3,3,0,ampliada
2022-03-01,09006,Iztacalco,CHOQUE,73,88,1,ampliada
2022-03-01,09006,Iztacalco,DERRAPADO,28,30,0,ampliada
2022-03-01,09006,Iztacalco,VOLCADURA,3,4,0,ampliada
2022-03-01,09007,Iztapalapa,ATROPELLADO,84,95,2,ampliada
2022-03-01,09007,Iztapalapa,CAIDA DE CICLISTA,16,16,0,ampliada
2022-03-01,09007,Iztapalapa,CAIDA DE PASAJERO,3,3,0,ampliada
2022-03-01,09007,Iztapalapa,CHOQUE,239,304,1,ampliada
2022-03-01,09007,Iztapalapa,DERRAPADO,87,94,2,ampliada
2022-03-01,09007,Iztapalapa,VOLCADURA,5,5,0,ampliada
2022-03-01,09008,La Magdalena Contreras,ATROPELLADO,1,1,0,ampliada
2022-03-01,09008,La Magdalena Contreras,CAIDA DE CICLISTA,1,1,0,ampliada
2022-03-01,09008,La Magdalena Contreras,CAIDA DE PASAJERO,0,0,0,ampliada
2022-03-01,09008,La Magdalena Contreras,CHOQUE,11,13,1,ampliada
2022-03-01,09008,La Magdalena Contreras,DERRAPADO,9,10,0,ampliada
2022-03-01,09008,La Magdalena Contreras,VOLCADURA,0,0,0,ampliada
2022-03-01,09009,Milpa Alta,ATROPELLADO,2,2,0,ampliada
2022-03-01,09009,Milpa Alta,CAIDA DE CICLISTA,0,0,0,ampliada
2022-03-01,09009,Milpa Alta,CAIDA DE PASAJERO,0,0,0,ampliada
2022-03-01,09009,Milpa Alta,CHOQUE,9,9,0,ampliada
2022-03-01,09009,Milpa Alta,DERRAPADO,2,2,0,ampliada
2022-03-01,09009,Milpa Alta,VOLCADURA,1,1,0,ampliada
2022-03-01,09010,Álvaro Obregón,ATROPELLADO,21,23,1,ampliada
2022-03-01,09010,Álvaro Obregón,CAIDA DE CICLISTA,4,4,0,ampliada
2022-03-01,09010,Álvaro Obregón,CAIDA DE PASAJERO,4,7,0,ampliada
2022-03-01,09010,Álvaro Obregón,CHOQUE,87,108,1,ampliada
2022-03-01,09010,Álvaro Obregón,DERRAPADO,44,45,2,ampliada
2022-03-01,09010,Álvaro Obregón,VOLCADURA,5,5,0,ampliada
2022-03-01,09011,Tláhuac,ATROPELLADO,7,7,0,ampliada
2022-03-01,09011,Tláhuac,CAIDA DE CICLISTA,2,2,0,ampliada
2022-03-01,09011,Tláhuac,CAIDA DE PASAJERO,0,0,0,ampliada
2022-03-01,09011,Tláhuac,CHOQUE,50,70,0,ampliada
2022-03-01,09011,Tláhuac,DERRAPADO,22,24,0,ampliada
2022-03-01,09011,Tláhuac,VOLCADURA,0,0,0,ampliada
2022-03-01,09012,Tlalpan,ATROPELLADO,20,18,3,ampliada
2022-03-01,09012,Tlalpan,CAIDA DE CICLISTA,4,4,0,ampliada
2022-03-01,09012,Tlalpan,CAIDA DE PASAJERO,2,2,0,ampliada
2022-03-01,09012,Tlalpan,CHOQUE,112,134,0,ampliada
2022-03-01,09012,Tlalpan,DERRAPADO,30,30,1,ampliada
2022-03-01,09012,Tlalpan,VOLCADURA,3,4,0,ampliada
2022-03-01,09013,Xochimilco,ATROPELLADO,14,14,0,ampliada
2022-03-01,09013,Xochimilco,CAIDA DE CICLISTA,6,6,0,ampliada
2022-03-01,09013,Xochimilco,CAIDA DE PASAJERO,0,0,0,ampliada
2022-03-01,09013,Xochimilco,CHOQUE,52,71,1,ampliada
2022-03-01,09013,Xochimilco,DERRAPADO,13,13,0,ampliada
2022-03-01,09013,Xochimilco,VOLCADURA,1,1,0,ampliada
2022-03-01,09014,Benito Juárez,ATROPELLADO,25,27,0,ampliada
2022-03-01,09014,Benito Juárez,CAIDA DE CICLISTA,8,8,0,ampliada
2022-03-01,09014,Benito Juárez,CAIDA DE PASAJERO,5,10,0,ampliada
2022-03-01,09014,Benito Juárez,CHOQUE,134,168,0,ampliada
2022-03-01,09014,Benito Juárez,DERRAPADO,26,29,2,ampliada
2022-03-01,09014,Benito Juárez,VOLCADURA,2,2,0,ampliada
2022-03-01,09015,Cuauhtémoc,ATROPELLADO,67,71,1,ampliada
2022-03-01,09015,Cuauhtémoc,CAIDA DE CICLISTA,16,17,0,ampliada
2022-03-01,09015,Cuauhtémoc,CAIDA DE PASAJERO,5,5,0,ampliada
2022-03-01,09015,Cuauhtémoc,CHOQUE,215,276,2,ampliada
2022-03-01,09015,Cuauhtémoc,DERRAPADO,60,73,0,ampliada
2022-03-01,09015,Cuauhtémoc,VOLCADURA,3,3,0,ampliada
2022-03-01,09016,Miguel Hidalgo,ATROPELLADO,13,14,0,ampliada
2022-03-01,09016,Miguel Hidalgo,CAIDA DE CICLISTA,13,13,0,ampliada
2022-03-01,09016,Miguel Hidalgo,CAIDA DE PASAJERO,2,2,0,ampliada
2022-03-01,09016,Miguel Hidalgo,CHOQUE,113,129,0,ampliada
2022-03-01,09016,Miguel Hidalgo,DERRAPADO,33,34,0,ampliada
2022-03-01,09016,Miguel Hidalgo,VOLCADURA,4,4,0,ampliada
2022-03-01,09017,Venustiano Carranza,ATROPELLADO,31,36,1,ampliada
2022-03-01,09017,Venustiano Carranza,CAIDA DE CICLISTA,1,1,0,ampliada
2022-03-01,09017,Venustiano Carranza,CAIDA DE PASAJERO,2,2,0,ampliada
2022-03-01,09017,Venustiano Carranza,CHOQUE,107,120,4,ampliada
2022-03-01,09017,Venustiano Carranza,DERRAPADO,31,34,0,ampliada
2022-03-01,09017,Venustiano Carranza,VOLCADURA,8,14,1,ampliada
2022-04-01,09002,Azcapotzalco,ATROPELLADO,13,13,0,ampliada
2022-04-01,09002,Azcapotzalco,CAIDA DE CICLISTA,1,1,0,ampliada
2022-04-01,09002,Azcapotzalco,CAIDA DE PASAJERO,0,0,0,ampliada
2022-04-01,09002,Azcapotzalco,CHOQUE,70,83,0,ampliada
2022-04-01,09002,Azcapotzalco,DERRAPADO,19,22,0,ampliada
2022-04-01,09002,Azcapotzalco,VOLCADURA,3,3,0,ampliada
2022-04-01,09003,Coyoacán,ATROPELLADO,33,33,1,ampliada
2022-04-01,09003,Coyoacán,CAIDA DE CICLISTA,8,8,0,ampliada
2022-04-01,09003,Coyoacán,CAIDA DE PASAJERO,1,5,0,ampliada
2022-04-01,09003,Coyoacán,CHOQUE,125,158,1,ampliada
2022-04-01,09003,Coyoacán,DERRAPADO,31,32,1,ampliada
2022-04-01,09003,Coyoacán,VOLCADURA,3,5,0,ampliada
2022-04-01,09004,Cuajimalpa de Morelos,ATROPELLADO,9,9,0,ampliada
2022-04-01,09004,Cuajimalpa de Morelos,CAIDA DE CICLISTA,2,2,0,ampliada
2022-04-01,09004,Cuajimalpa de Morelos,CAIDA DE PASAJERO,0,0,0,ampliada
2022-04-01,09004,Cuajimalpa de Morelos,CHOQUE,22,31,0,ampliada
2022-04-01,09004,Cuajimalpa de Morelos,DERRAPADO,7,8,0,ampliada
2022-04-01,09004,Cuajimalpa de Morelos,VOLCADURA,0,0,0,ampliada
2022-04-01,09005,Gustavo A. Madero,ATROPELLADO,49,57,1,ampliada
2022-04-01,09005,Gustavo A. Madero,CAIDA DE CICLISTA,6,6,0,ampliada
2022-04-01,09005,Gustavo A. Madero,CAIDA DE PASAJERO,4,7,0,ampliada
2022-04-01,09005,Gustavo A. Madero,CHOQUE,181,234,4,ampliada
2022-04-01,09005,Gustavo A. Madero,DERRAPADO,49,53,0,ampliada
2022-04-01,09005,Gustavo A. Madero,VOLCADURA,4,7,0,ampliada
2022-04-01,09006,Iztacalco,ATROPELLADO,23,24,2,ampliada
2022-04-01,09006,Iztacalco,CAIDA DE CICLISTA,4,4,0,ampliada
2022-04-01,09006,Iztacalco,CAIDA DE PASAJERO,2,2,0,ampliada
2022-04-01,09006,Iztacalco,CHOQUE,85,111,2,ampliada
2022-04-01,09006,Iztacalco,DERRAPADO,29,35,0,ampliada
2022-04-01,09006,Iztacalco,VOLCADURA,1,1,0,ampliada
2022-04-01,09007,Iztapalapa,ATROPELLADO,68,65,4,ampliada
2022-04-01,09007,Iztapalapa,CAIDA DE CICLISTA,9,9,0,ampliada
2022-04-01,09007,Iztapalapa,CAIDA DE PASAJERO,5,6,0,ampliada
2022-04-01,09007,Iztapalapa,CHOQUE,249,331,5,ampliada
2022-04-01,09007,Iztapalapa,DERRAPADO,88,104,0,ampliada
2022-04-01,09007,Iztapalapa,VOLCADURA,8,8,0,ampliada
2022-04-01,09008,La Magdalena Contreras,ATROPELLADO,5,5,0,ampliada
2022-04-01,09008,La Magdalena Contreras,CAIDA DE CICLISTA,0,0,0,ampliada
2022-04-01,09008,La Magdalena Contreras,CAIDA DE PASAJERO,0,0,0,ampliada
2022-04-01,09008,La Magdalena Contreras,CHOQUE,11,12,0,ampliada
2022-04-01,09008,La Magdalena Contreras,DERRAPADO,8,8,0,ampliada
2022-04-01,09008,La Magdalena Contreras,VOLCADURA,0,0,0,ampliada
2022-04-01,09009,Milpa Alta,ATROPELLADO,0,0,0,ampliada
2022-04-01,09009,Milpa Alta,CAIDA DE CICLISTA,0,0,0,ampliada
2022-04-01,09009,Milpa Alta,CAIDA DE PASAJERO,1,1,0,ampliada
2022-04-01,09009,Milpa Alta,CHOQUE,11,14,0,ampliada
2022-04-01,09009,Milpa Alta,DERRAPADO,4,4,0,ampliada
2022-04-01,09009,Milpa Alta,VOLCADURA,1,1,0,ampliada
2022-04-01,09010,Álvaro Obregón,ATROPELLADO,20,21,0,ampliada
2022-04-01,09010,Álvaro Obregón,CAIDA DE CICLISTA,3,3,0,ampliada
2022-04-01,09010,Álvaro Obregón,CAIDA DE PASAJERO,2,1,1,ampliada
2022-04-01,09010,Álvaro Obregón,CHOQUE,68,92,0,ampliada
2022-04-01,09010,Álvaro Obregón,DERRAPADO,25,27,0,ampliada
2022-04-01,09010,Álvaro Obregón,VOLCADURA,8,10,2,ampliada
2022-04-01,09011,Tláhuac,ATROPELLADO,9,10,0,ampliada
2022-04-01,09011,Tláhuac,CAIDA DE CICLISTA,3,3,0,ampliada
2022-04-01,09011,Tláhuac,CAIDA DE PASAJERO,3,3,0,ampliada
2022-04-01,09011,Tláhuac,CHOQUE,56,67,0,ampliada
2022-04-01,09011,Tláhuac,DERRAPADO,20,22,0,ampliada
2022-04-01,09011,Tláhuac,VOLCADURA,1,1,0,ampliada
2022-04-01,09012,Tlalpan,ATROPELLADO,25,25,1,ampliada
2022-04-01,09012,Tlalpan,CAIDA DE CICLISTA,4,4,0,ampliada
2022-04-01,09012,Tlalpan,CAIDA DE PASAJERO,3,3,0,ampliada
2022-04-01,09012,Tlalpan,CHOQUE,102,134,1,ampliada
2022-04-01,09012,Tlalpan,DERRAPADO,29,29,2,ampliada
2022-04-01,09012,Tlalpan,VOLCADURA,6,7,0,ampliada
2022-04-01,09013,Xochimilco,ATROPELLADO,14,14,0,ampliada
2022-04-01,09013,Xochimilco,CAIDA DE CICLISTA,3,3,0,ampliada
2022-04-01,09013,Xochimilco,CAIDA DE PASAJERO,0,0,0,ampliada
2022-04-01,09013,Xochimilco,CHOQUE,43,50,2,ampliada
2022-04-01,09013,Xochimilco,DERRAPADO,18,20,0,ampliada
2022-04-01,09013,Xochimilco,VOLCADURA,1,1,0,ampliada
2022-04-01,09014,Benito Juárez,ATROPELLADO,21,21,0,ampliada
2022-04-01,09014,Benito Juárez,CAIDA DE CICLISTA,4,4,0,ampliada
2022-04-01,09014,Benito Juárez,CAIDA DE PASAJERO,1,1,0,ampliada
2022-04-01,09014,Benito Juárez,CHOQUE,135,169,0,ampliada
2022-04-01,09014,Benito Juárez,DERRAPADO,22,27,0,ampliada
2022-04-01,09014,Benito Juárez,VOLCADURA,3,4,0,ampliada
2022-04-01,09015,Cuauhtémoc,ATROPELLADO,56,59,0,ampliada
2022-04-01,09015,Cuauhtémoc,CAIDA DE CICLISTA,16,16,0,ampliada
2022-04-01,09015,Cuauhtémoc,CAIDA DE PASAJERO,3,3,0,ampliada
2022-04-01,09015,Cuauhtémoc,CHOQUE,199,248,0,ampliada
2022-04-01,09015,Cuauhtémoc,DERRAPADO,71,83,0,ampliada
2022-04-01,09015,Cuauhtémoc,VOLCADURA,2,2,0,ampliada
2022-04-01,09016,Miguel Hidalgo,ATROPELLADO,29,30,1,ampliada
2022-04-01,09016,Miguel Hidalgo,CAIDA DE CICLISTA,14,14,0,ampliada
2022-04-01,09016,Miguel Hidalgo,CAIDA DE PASAJERO,0,0,0,ampliada
2022-04-01,09016,Miguel Hidalgo,CHOQUE,86,98,2,ampliada
2022-04-01,09016,Miguel Hidalgo,DERRAPADO,26,26,0,ampliada
2022-04-01,09016,Miguel Hidalgo,VOLCADURA,3,4,0,ampliada
2022-04-01,09017,Venustiano Carranza,ATROPELLADO,26,26,0,ampliada
2022-04-01,09017,Venustiano Carranza,CAIDA DE CICLISTA,2,2,0,ampliada
2022-04-01,09017,Venustiano Carranza,CAIDA DE PASAJERO,6,6,0,ampliada
2022-04-01,09017,Venustiano Carranza,CHOQUE,112,144,3,ampliada
2022-04-01,09017,Venustiano Carranza,DERRAPADO,34,38,2,ampliada
2022-04-01,09017,Venustiano Carranza,VOLCADURA,0,0,0,ampliada
2022-05-01,09002,Azcapotzalco,ATROPELLADO,17,16,1,ampliada
2022-05-01,09002,Azcapotzalco,CAIDA DE CICLISTA,4,5,0,ampliada
2022-05-01,09002,Azcapotzalco,CAIDA DE PASAJERO,0,0,0,ampliada
2022-05-01,09002,Azcapotzalco,CHOQUE,59,67,0,ampliada
2022-05-01,09002,Azcapotzalco,DERRAPADO,25,26,0,ampliada
2022-05-01,09002,Azcapotzalco,VOLCADURA,1,1,0,ampliada
2022-05-01,09003,Coyoacán,ATROPELLADO,23,24,0,ampliada
2022-05-01,09003,Coyoacán,CAIDA DE CICLISTA,8,8,0,ampliada
2022-05-01,09003,Coyoacán,CAIDA DE PASAJERO,5,7,0,ampliada
2022-05-01,09003,Coyoacán,CHOQUE,135,163,0,ampliada
2022-05-01,09003,Coyoacán,DERRAPADO,30,35,0,ampliada
2022-05-01,09003,Coyoacán,VOLCADURA,1,4,0,ampliada
2022-05-01,09004,Cuajimalpa de Morelos,ATROPELLADO,6,6,0,ampliada
2022-05-01,09004,Cuajimalpa de Morelos,CAIDA DE CICLISTA,1,1,0,ampliada
2022-05-01,09004,Cuajimalpa de Morelos,CAIDA DE PASAJERO,1,1,0,ampliada
2022-05-01,09004,Cuajimalpa de Morelos,CHOQUE,14,15,0,ampliada
2022-05-01,09004,Cuajimalpa de Morelos,DERRAPADO,11,14,0,ampliada
2022-05-01,09004,Cuajimalpa de Morelos,VOLCADURA,4,6,1,ampliada
2022-05-01,09005,Gustavo A. Madero,ATROPELLADO,41,39,2,ampliada
2022-05-01,09005,Gustavo A. Madero,CAIDA DE CICLISTA,9,9,0,ampliada
2022-05-01,09005,Gustavo A. Madero,CAIDA DE PASAJERO,4,7,0,ampliada
2022-05-01,09005,Gustavo A. Madero,CHOQUE,219,278,1,ampliada
2022-05-01,09005,Gustavo A. Madero,DERRAPADO,60,66,1,ampliada
2022-05-01,09005,Gustavo A. Madero,VOLCADURA,4,7,0,ampliada
2022-05-01,09006,Iztacalco,ATROPELLADO,19,21,0,ampliada
2022-05-01,09006,Iztacalco,CAIDA DE CICLISTA,5,5,0,ampliada
2022-05-01,09006,Iztacalco,CAIDA DE PASAJERO,3,3,0,ampliada
2022-05-01,09006,Iztacalco,CHOQUE,65,81,0,ampliada
2022-05-01,09006,Iztacalco,DERRAPADO,18,17,2,ampliada
2022-05-01,09006,Iztacalco,VOLCADURA,4,5,0,ampliada
2022-05-01,09007,Iztapalapa,ATROPELLADO,57,62,3,ampliada
2022-05-01,09007,Iztapalapa,CAIDA DE CICLISTA,15,16,0,ampliada
2022-05-01,09007,Iztapalapa,CAIDA DE PASAJERO,6,6,0,ampliada
2022-05-01,09007,Iztapalapa,CHOQUE,268,327,1,ampliada
2022-05-01,09007,Iztapalapa,DERRAPADO,88,93,2,ampliada
2022-05-01,09007,Iztapalapa,VOLCADURA,3,3,0,ampliada
2022-05-01,09008,La Magdalena Contreras,ATROPELLADO,9,10,0,ampliada
2022-05-01,09008,La Magdalena Contreras,CAIDA DE CICLISTA,1,1,0,ampliada
2022-05-01,09008,La Magdalena Contreras,CAIDA DE PASAJERO,0,0,0,ampliada
2022-05-01,09008,La Magdalena Contreras,CHOQUE,26,32,0,ampliada
2022-05-01,09008,La Magdalena Contreras,DERRAPADO,8,12,0,ampliada
2022-05-01,09008,La Magdalena Contreras,VOLCADURA,0,0,0,ampliada
2022-05-01,09009,Milpa Alta,ATROPELLADO,3,3,0,ampliada
2022-05-01,09009,Milpa Alta,CAIDA DE CICLISTA,0,0,0,ampliada
2022-05-01,09009,Milpa Alta,CAIDA DE PASAJERO,0,0,0,ampliada
2022-05-01,09009,Milpa Alta,CHOQUE,12,18,0,ampliada
2022-05-01,09009,Milpa Alta,DERRAPADO,6,9,0,ampliada
2022-05-01,09009,Milpa Alta,VOLCADURA,2,4,0,ampliada
2022-05-01,09010,Álvaro Obregón,ATROPELLADO,22,25,0,ampliada
2022-05-01,09010,Álvaro Obregón,CAIDA DE CICLISTA,1,1,0,ampliada
2022-05-01,09010,Álvaro Obregón,CAIDA DE PASAJERO,3,3,0,ampliada
2022-05-01,09010,Álvaro Obregón,CHOQUE,81,102,0,ampliada
2022-05-01,09010,Álvaro Obregón,DERRAPADO,28,28,2,ampliada
2022-05-01,09010,Álvaro Obregón,VOLCADURA,0,0,0,ampliada
2022-05-01,09011,Tláhuac,ATROPELLADO,9,9,0,ampliada
2022-05-01,09011,Tláhuac,CAIDA DE CICLISTA,2,2,0,ampliada
2022-05-01,09011,Tláhuac,CAIDA DE PASAJERO,3,3,0,ampliada
2022-05-01,09011,Tláhuac,CHOQUE,52,62,0,ampliada
2022-05-01,09011,Tláhuac,DERRAPADO,24,27,0,ampliada
2022-05-01,09011,Tláhuac,VOLCADURA,1,2,0,ampliada
2022-05-01,09012,Tlalpan,ATROPELLADO,28,34,0,ampliada
2022-05-01,09012,Tlalpan,CAIDA DE CICLISTA,4,4,0,ampliada
2022-05-01,09012,Tlalpan,CAIDA DE PASAJERO,3,2,1,ampliada
2022-05-01,09012,Tlalpan,CHOQUE,97,126,1,ampliada
2022-05-01,09012,Tlalpan,DERRAPADO,24,26,0,ampliada
2022-05-01,09012,Tlalpan,VOLCADURA,4,5,0,ampliada
2022-05-01,09013,Xochimilco,ATROPELLADO,18,18,0,ampliada
2022-05-01,09013,Xochimilco,CAIDA DE CICLISTA,4,4,0,ampliada
2022-05-01,09013,Xochimilco,CAIDA DE PASAJERO,1,1,0,ampliada
2022-05-01,09013,Xochimilco,CHOQUE,50,67,1,ampliada
2022-05-01,09013,Xochimilco,DERRAPADO,20,20,2,ampliada
2022-05-01,09013,Xochimilco,VOLCADURA,1,2,0,ampliada
2022-05-01,09014,Benito Juárez,ATROPELLADO,30,31,0,ampliada
2022-05-01,09014,Benito Juárez,CAIDA DE CICLISTA,9,9,0,ampliada
2022-05-01,09014,Benito Juárez,CAIDA DE PASAJERO,1,1,0,ampliada
2022-05-01,09014,Benito Juárez,CHOQUE,128,173,0,ampliada
2022-05-01,09014,Benito Juárez,DERRAPADO,27,25,4,ampliada
2022-05-01,09014,Benito Juárez,VOLCADURA,0,0,0,ampliada
2022-05-01,09015,Cuauhtémoc,ATROPELLADO,70,71,2,ampliada
2022-05-01,09015,Cuauhtémoc,CAIDA DE CICLISTA,26,28,0,ampliada
2022-05-01,09015,Cuauhtémoc,CAIDA DE PASAJERO,3,3,0,ampliada
2022-05-01,09015,Cuauhtémoc,CHOQUE,219,256,0,ampliada
2022-05-01,09015,Cuauhtémoc,DERRAPADO,58,66,0,ampliada
2022-05-01,09015,Cuauhtémoc,VOLCADURA,4,7,0,ampliada
2022-05-01,09016,Miguel Hidalgo,ATROPELLADO,22,21,1,ampliada
2022-05-01,09016,Miguel Hidalgo,CAIDA DE CICLISTA,7,7,0,ampliada
2022-05-01,09016,Miguel Hidalgo,CAIDA DE PASAJERO,2,2,0,ampliada
2022-05-01,09016,Miguel Hidalgo,CHOQUE,100,127,0,ampliada
2022-05-01,09016,Miguel Hidalgo,DERRAPADO,23,24,0,ampliada
2022-05-01,09016,Miguel Hidalgo,VOLCADURA,2,2,0,ampliada
2022-05-01,09017,Venustiano Carranza,ATROPELLADO,31,34,1,ampliada
2022-05-01,09017,Venustiano Carranza,CAIDA DE CICLISTA,7,7,0,ampliada
2022-05-01,09017,Venustiano Carranza,CAIDA DE PASAJERO,3,3,0,ampliada
2022-05-01,09017,Venustiano Carranza,CHOQUE,105,125,2,ampliada
2022-05-01,09017,Venustiano Carranza,DERRAPADO,35,38,0,ampliada
2022-05-01,09017,Venustiano Carranza,VOLCADURA,3,4,0,ampliada
2022-06-01,09002,Azcapotzalco,ATROPELLADO,15,15,0,ampliada
2022-06-01,09002,Azcapotzalco,CAIDA DE CICLISTA,4,4,0,ampliada
2022-06-01,09002,Azcapotzalco,CAIDA DE PASAJERO,1,1,0,ampliada
2022-06-01,09002,Azcapotzalco,CHOQUE,88,107,0,ampliada
2022-06-01,09002,Azcapotzalco,DERRAPADO,22,27,0,ampliada
2022-06-01,09002,Azcapotzalco,VOLCADURA,1,1,0,ampliada
2022-06-01,09003,Coyoacán,ATROPELLADO,23,23,0,ampliada
2022-06-01,09003,Coyoacán,CAIDA DE CICLISTA,4,4,0,ampliada
2022-06-01,09003,Coyoacán,CAIDA DE PASAJERO,2,2,0,ampliada
2022-06-01,09003,Coyoacán,CHOQUE,134,149,2,ampliada
2022-06-01,09003,Coyoacán,DERRAPADO,34,35,1,ampliada
2022-06-01,09003,Coyoacán,VOLCADURA,4,4,0,ampliada
2022-06-01,09004,Cuajimalpa de Morelos,ATROPELLADO,3,3,0,ampliada
2022-06-01,09004,Cuajimalpa de Morelos,CAIDA DE CICLISTA,1,1,0,ampliada
2022-06-01,09004,Cuajimalpa de Morelos,CAIDA DE PASAJERO,0,0,0,ampliada
2022-06-01,09004,Cuajimalpa de Morelos,CHOQUE,15,17,0,ampliada
2022-06-01,09004,Cuajimalpa de Morelos,DERRAPADO,8,10,1,ampliada
2022-06-01,09004,Cuajimalpa de Morelos,VOLCADURA,3,4,1,ampliada
2022-06-01,09005,Gustavo A. Madero,ATROPELLADO,46,45,2,ampliada
2022-06-01,09005,Gustavo A. Madero,CAIDA DE CICLISTA,8,8,0,ampliada
2022-06-01,09005,Gustavo A. Madero,CAIDA DE PASAJERO,8,10,0,ampliada
2022-06-01,09005,Gustavo A. Madero,CHOQUE,181,246,3,ampliada
2022-06-01,09005,Gustavo A. Madero,DERRAPADO,62,67,2,ampliada
2022-06-01,09005,Gustavo A. Madero,VOLCADURA,6,7,0,ampliada
2022-06-01,09006,Iztacalco,ATROPELLADO,22,22,1,ampliada
2022-06-01,09006,Iztacalco,CAIDA DE CICLISTA,5,5,0,ampliada
2022-06-01,09006,Iztacalco,CAIDA DE PASAJERO,2,2,0,ampliada
2022-06-01,09006,Iztacalco,CHOQUE,75,89,1,ampliada
2022-06-01,09006,Iztacalco,DERRAPADO,29,33,0,ampliada
2022-06-01,09006,Iztacalco,VOLCADURA,1,1,0,ampliada
2022-06-01,09007,Iztapalapa,ATROPELLADO,51,53,1,ampliada
2022-06-01,09007,Iztapalapa,CAIDA DE CICLISTA,14,14,0,ampliada
2022-06-01,09007,Iztapalapa,CAIDA DE PASAJERO,4,4,0,ampliada
2022-06-01,09007,Iztapalapa,CHOQUE,219,269,1,ampliada
2022-06-01,09007,Iztapalapa,DERRAPADO,82,94,1,ampliada
2022-06-01,09007,Iztapalapa,VOLCADURA,3,4,0,ampliada
2022-06-01,09008,La Magdalena Contreras,ATROPELLADO,6,6,0,ampliada
2022-06-01,09008,La Magdalena Contreras,CAIDA DE CICLISTA,0,0,0,ampliada
2022-06-01,09008,La Magdalena Contreras,CAIDA DE PASAJERO,1,0,1,ampliada
2022-06-01,09008,La Magdalena Contreras,CHOQUE,16,23,0,ampliada
2022-06-01,09008,La Magdalena Contreras,DERRAPADO,7,8,0,ampliada
2022-06-01,09008,La Magdalena Contreras,VOLCADURA,0,0,0,ampliada
2022-06-01,09009,Milpa Alta,ATROPELLADO,4,4,0,ampliada
2022-06-01,09009,Milpa Alta,CAIDA DE CICLISTA,2,2,0,ampliada
2022-06-01,09009,Milpa Alta,CAIDA DE PASAJERO,0,0,0,ampliada
2022-06-01,09009,Milpa Alta,CHOQUE,4,7,2,ampliada
2022-06-01,09009,Milpa Alta,DERRAPADO,4,6,0,ampliada
2022-06-01,09009,Milpa Alta,VOLCADURA,0,0,0,ampliada
2022-06-01,09010,Álvaro Obregón,ATROPELLADO,20,21,2,ampliada
2022-06-01,09010,Álvaro Obregón,CAIDA DE CICLISTA,4,4,0,ampliada
2022-06-01,09010,Álvaro Obregón,CAIDA DE PASAJERO,1,1,0,ampliada
2022-06-01,09010,Álvaro Obregón,CHOQUE,77,92,1,ampliada
2022-06-01,09010,Álvaro Obregón,DERRAPADO,22,22,0,ampliada
2022-06-01,09010,Álvaro Obregón,VOLCADURA,4,7,1,ampliada
2022-06-01,09011,Tláhuac,ATROPELLADO,13,14,1,ampliada
2022-06-01,09011,Tláhuac,CAIDA DE CICLISTA,3,3,0,ampliada
2022-06-01,09011,Tláhuac,CAIDA DE PASAJERO,2,1,1,ampliada
2022-06-01,09011,Tláhuac,CHOQUE,56,68,0,ampliada
2022-06-01,09011,Tláhuac,DERRAPADO,18,19,0,ampliada
2022-06-01,09011,Tláhuac,VOLCADURA,0,0,0,ampliada
2022-06-01,09012,Tlalpan,ATROPELLADO,26,27,1,ampliada
2022-06-01,09012,Tlalpan,CAIDA DE CICLISTA,2,3,0,ampliada
2022-06-01,09012,Tlalpan,CAIDA DE PASAJERO,2,2,0,ampliada
2022-06-01,09012,Tlalpan,CHOQUE,110,159,2,ampliada
2022-06-01,09012,Tlalpan,DERRAPADO,26,30,0,ampliada
2022-06-01,09012,Tlalpan,VOLCADURA,4,6,0,ampliada
2022-06-01,09013,Xochimilco,ATROPELLADO,10,10,0,ampliada
2022-06-01,09013,Xochimilco,CAIDA DE CICLISTA,6,6,0,ampliada
2022-06-01,09013,Xochimilco,CAIDA DE PASAJERO,2,3,0,ampliada
2022-06-01,09013,Xochimilco,CHOQUE,65,75,2,ampliada
2022-06-01,09013,Xochimilco,DERRAPADO,19,21,1,ampliada
2022-06-01,09013,Xochimilco,VOLCADURA,2,4,1,ampliada
2022-06-01,09014,Benito Juárez,ATROPELLADO,23,23,0,ampliada
2022-06-01,09014,Benito Juárez,CAIDA DE CICLISTA,8,8,0,ampliada
2022-06-01,09014,Benito Juárez,CAIDA DE PASAJERO,2,2,0,ampliada
2022-06-01,09014,Benito Juárez,CHOQUE,135,154,0,ampliada
2022-06-01,09014,Benito Juárez,DERRAPADO,34,37,0,ampliada
2022-06-01,09014,Benito Juárez,VOLCADURA,3,5,0,ampliada
2022-06-01,09015,Cuauhtémoc,ATROPELLADO,55,62,0,ampliada
2022-06-01,09015,Cuauhtémoc,CAIDA DE CICLISTA,13,13,0,ampliada
2022-06-01,09015,Cuauhtémoc,CAIDA DE PASAJERO,2,4,0,ampliada
2022-06-01,09015,Cuauhtémoc,CHOQUE,237,285,0,ampliada
2022-06-01,09015,Cuauhtémoc,DERRAPADO,61,63,1,ampliada
2022-06-01,09015,Cuauhtémoc,VOLCADURA,2,3,0,ampliada
2022-06-01,09016,Miguel Hidalgo,ATROPELLADO,20,20,0,ampliada
2022-06-01,09016,Miguel Hidalgo,CAIDA DE CICLISTA,7,7,0,ampliada
2022-06-01,09016,Miguel Hidalgo,CAIDA DE PASAJERO,2,2,0,ampliada
2022-06-01,09016,Miguel Hidalgo,CHOQUE,105,118,4,ampliada
2022-06-01,09016,Miguel Hidalgo,DERRAPADO,26,31,0,ampliada
2022-06-01,09016,Miguel Hidalgo,VOLCADURA,5,7,0,ampliada
2022-06-01,09017,Venustiano Carranza,ATROPELLADO,33,35,3,ampliada
2022-06-01,09017,Venustiano Carranza,CAIDA DE CICLISTA,1,1,0,ampliada
2022-06-01,09017,Venustiano Carranza,CAIDA DE PASAJERO,3,2,1,ampliada
2022-06-01,09017,Venustiano Carranza,CHOQUE,109,134,3,ampliada
2022-06-01,09017,Venustiano Carranza,DERRAPADO,44,49,1,ampliada
2022-06-01,09017,Venustiano Carranza,VOLCADURA,2,3,0,ampliada
2022-07-01,09002,Azcapotzalco,ATROPELLADO,20,20,0,ampliada
2022-07-01,09002,Azcapotzalco,CAIDA DE CICLISTA,2,2,0,ampliada
2022-07-01,09002,Azcapotzalco,CAIDA DE PASAJERO,0,0,0,ampliada
2022-07-01,09002,Azcapotzalco,CHOQUE,66,88,2,ampliada
2022-07-01,09002,Azcapotzalco,DERRAPADO,23,26,1,ampliada
2022-07-01,09002,Azcapotzalco,VOLCADURA,2,8,0,ampliada
2022-07-01,09003,Coyoacán,ATROPELLADO,16,17,1,ampliada
2022-07-01,09003,Coyoacán,CAIDA DE CICLISTA,4,4,0,ampliada
2022-07-01,09003,Coyoacán,CAIDA DE PASAJERO,4,4,0,ampliada
2022-07-01,09003,Coyoacán,CHOQUE,97,111,0,ampliada
2022-07-01,09003,Coyoacán,DERRAPADO,23,28,0,ampliada
2022-07-01,09003,Coyoacán,VOLCADURA,1,1,0,ampliada
2022-07-01,09004,Cuajimalpa de Morelos,ATROPELLADO,4,3,1,ampliada
2022-07-01,09004,Cuajimalpa de Morelos,CAIDA DE CICLISTA,1,1,0,ampliada
2022-07-01,09004,Cuajimalpa de Morelos,CAIDA DE PASAJERO,0,0,0,ampliada
2022-07-01,09004,Cuajimalpa de Morelos,CHOQUE,16,33,1,ampliada
2022-07-01,09004,Cuajimalpa de Morelos,DERRAPADO,4,4,0,ampliada
2022-07-01,09004,Cuajimalpa de Morelos,VOLCADURA,2,2,0,ampliada
2022-07-01,09005,Gustavo A. Madero,ATROPELLADO,37,38,1,ampliada
2022-07-01,09005,Gustavo A. Madero,CAIDA DE CICLISTA,4,4,0,ampliada
2022-07-01,09005,Gustavo A. Madero,CAIDA DE PASAJERO,7,7,0,ampliada
2022-07-01,09005,Gustavo A. Madero,CHOQUE,169,227,5,ampliada
2022-07-01,09005,Gustavo A. Madero,DERRAPADO,54,62,1,ampliada
2022-07-01,09005,Gustavo A. Madero,VOLCADURA,5,7,0,ampliada
2022-07-01,09006,Iztacalco,ATROPELLADO,18,16,2,ampliada
2022-07-01,09006,Iztacalco,CAIDA DE CICLISTA,3,3,0,ampliada
2022-07-01,09006,Iztacalco,CAIDA DE PASAJERO,2,3,0,ampliada
2022-07-01,09006,Iztacalco,CHOQUE,73,101,2,ampliada
2022-07-01,09006,Iztacalco,DERRAPADO,26,28,0,ampliada
2022-07-01,09006,Iztacalco,VOLCADURA,1,1,0,ampliada
2022-07-01,09007,Iztapalapa,ATROPELLADO,56,53,3,ampliada
2022-07-01,09007,Iztapalapa,CAIDA DE CICLISTA,9,9,0,ampliada
2022-07-01,09007,Iztapalapa,CAIDA DE PASAJERO,6,7,0,ampliada
2022-07-01,09007,Iztapalapa,CHOQUE,259,305,1,ampliada
2022-07-01,09007,Iztapalapa,DERRAPADO,93,104,0,ampliada
2022-07-01,09007,Iztapalapa,VOLCADURA,6,6,0,ampliada
2022-07-01,09008,La Magdalena Contreras,ATROPELLADO,5,6,0,ampliada
2022-07-01,09008,La Magdalena Contreras,CAIDA DE CICLISTA,4,4,0,ampliada
2022-07-01,09008,La Magdalena Contreras,CAIDA DE PASAJERO,0,0,0,ampliada
2022-07-01,09008,La Magdalena Contreras,CHOQUE,26,32,0,ampliada
2022-07-01,09008,La Magdalena Contreras,DERRAPADO,9,12,0,ampliada
2022-07-01,09008,La Magdalena Contreras,VOLCADURA,0,0,0,ampliada
2022-07-01,09009,Milpa Alta,ATROPELLADO,2,1,1,ampliada
2022-07-01,09009,Milpa Alta,CAIDA DE CICLISTA,2,2,0,ampliada
2022-07-01,09009,Milpa Alta,CAIDA DE PASAJERO,0,0,0,ampliada
2022-07-01,09009,Milpa Alta,CHOQUE,7,13,2,ampliada
2022-07-01,09009,Milpa Alta,DERRAPADO,6,6,2,ampliada
2022-07-01,09009,Milpa Alta,VOLCADURA,6,8,0,ampliada
2022-07-01,09010,Álvaro Obregón,ATROPELLADO,21,21,0,ampliada
2022-07-01,09010,Álvaro Obregón,CAIDA DE CICLISTA,1,1,0,ampliada
2022-07-01,09010,Álvaro Obregón,CAIDA DE PASAJERO,1,1,0,ampliada
2022-07-01,09010,Álvaro Obregón,CHOQUE,75,95,0,ampliada
2022-07-01,09010,Álvaro Obregón,DERRAPADO,31,31,1,ampliada
2022-07-01,09010,Álvaro Obregón,VOLCADURA,6,12,0,ampliada
2022-07-01,09011,Tláhuac,ATROPELLADO,12,13,0,ampliada
2022-07-01,09011,Tláhuac,CAIDA DE CICLISTA,3,6,0,ampliada
2022-07-01,09011,Tláhuac,CAIDA DE PASAJERO,4,8,0,ampliada
2022-07-01,09011,Tláhuac,CHOQUE,49,58,1,ampliada
2022-07-01,09011,Tláhuac,DERRAPADO,24,23,1,ampliada
2022-07-01,09011,Tláhuac,VOLCADURA,1,1,0,ampliada
2022-07-01,09012,Tlalpan,ATROPELLADO,18,18,2,ampliada
2022-07-01,09012,Tlalpan,CAIDA DE CICLISTA,1,1,0,ampliada
2022-07-01,09012,Tlalpan,CAIDA DE PASAJERO,1,1,0,ampliada
2022-07-01,09012,Tlalpan,CHOQUE,87,108,4,ampliada
2022-07-01,09012,Tlalpan,DERRAPADO,25,25,4,ampliada
2022-07-01,09012,Tlalpan,VOLCADURA,3,4,0,ampliada
2022-07-01,09013,Xochimilco,ATROPELLADO,8,10,0,ampliada
2022-07-01,09013,Xochimilco,CAIDA DE CICLISTA,3,3,0,ampliada
2022-07-01,09013,Xochimilco,CAIDA DE PASAJERO,0,0,0,ampliada
2022-07-01,09013,Xochimilco,CHOQUE,46,60,0,ampliada
2022-07-01,09013,Xochimilco,DERRAPADO,21,23,1,ampliada
2022-07-01,09013,Xochimilco,VOLCADURA,1,1,0,ampliada
2022-07-01,09014,Benito Juárez,ATROPELLADO,25,26,1,ampliada
2022-07-01,09014,Benito Juárez,CAIDA DE CICLISTA,7,7,0,ampliada
2022-07-01,09014,Benito Juárez,CAIDA DE PASAJERO,2,3,0,ampliada
2022-07-01,09014,Benito Juárez,CHOQUE,116,143,1,ampliada
2022-07-01,09014,Benito Juárez,DERRAPADO,33,37,0,ampliada
2022-07-01,09014,Benito Juárez,VOLCADURA,3,3,0,ampliada
2022-07-01,09015,Cuauhtémoc,ATROPELLADO,67,71,1,ampliada
2022-07-01,09015,Cuauhtémoc,CAIDA DE CICLISTA,24,24,0,ampliada
2022-07-01,09015,Cuauhtémoc,CAIDA DE PASAJERO,4,4,0,ampliada
2022-07-01,09015,Cuauhtémoc,CHOQUE,261,316,3,ampliada
2022-07-01,09015,Cuauhtémoc,DERRAPADO,56,62,1,ampliada
2022-07-01,09015,Cuauhtémoc,VOLCADURA,4,5,1,ampliada
2022-07-01,09016,Miguel Hidalgo,ATROPELLADO,23,25,0,ampliada
2022-07-01,09016,Miguel Hidalgo,CAIDA DE CICLISTA,14,14,0,ampliada
2022-07-01,09016,Miguel Hidalgo,CAIDA DE PASAJERO,2,2,0,ampliada
2022-07-01,09016,Miguel Hidalgo,CHOQUE,98,121,1,ampliada
2022-07-01,09016,Miguel Hidalgo,DERRAPADO,28,31,0,ampliada
2022-07-01,09016,Miguel Hidalgo,VOLCADURA,4,4,0,ampliada
2022-07-01,09017,Venustiano Carranza,ATROPELLADO,32,33,2,ampliada
2022-07-01,09017,Venustiano Carranza,CAIDA DE CICLISTA,4,4,0,ampliada
2022-07-01,09017,Venustiano Carranza,CAIDA DE PASAJERO,5,5,0,ampliada
2022-07-01,09017,Venustiano Carranza,CHOQUE,141,179,6,ampliada
2022-07-01,09017,Venustiano Carranza,DERRAPADO,38,43,0,ampliada
2022-07-01,09017,Venustiano Carranza,VOLCADURA,3,4,0,ampliada
2022-08-01,09002,Azcapotzalco,ATROPELLADO,13,16,1,ampliada
2022-08-01,09002,Azcapotzalco,CAIDA DE CICLISTA,5,5,0,ampliada
2022-08-01,09002,Azcapotzalco,CAIDA DE PASAJERO,0,0,0,ampliada
2022-08-01,09002,Azcapotzalco,CHOQUE,70,80,0,ampliada
2022-08-01,09002,Azcapotzalco,DERRAPADO,14,15,0,ampliada
2022-08-01,09002,Azcapotzalco,VOLCADURA,2,2,0,ampliada
2022-08-01,09003,Coyoacán,ATROPELLADO,34,36,2,ampliada
2022-08-01,09003,Coyoacán,CAIDA DE CICLISTA,8,7,1,ampliada
2022-08-01,09003,Coyoacán,CAIDA DE PASAJERO,5,5,0,ampliada
2022-08-01,09003,Coyoacán,CHOQUE,103,130,0,ampliada
2022-08-01,09003,Coyoacán,DERRAPADO,22,26,1,ampliada
2022-08-01,09003,Coyoacán,VOLCADURA,2,3,0,ampliada
2022-08-01,09004,Cuajimalpa de Morelos,ATROPELLADO,2,1,1,ampliada
2022-08-01,09004,Cuajimalpa de Morelos,CAIDA DE CICLISTA,1,1,0,ampliada
2022-08-01,09004,Cuajimalpa de Morelos,CAIDA DE PASAJERO,0,0,0,ampliada
2022-08-01,09004,Cuajimalpa de Morelos,CHOQUE,10,14,1,ampliada
2022-08-01,09004,Cuajimalpa de Morelos,DERRAPADO,7,9,0,ampliada
2022-08-01,09004,Cuajimalpa de Morelos,VOLCADURA,4,6,0,ampliada
2022-08-01,09005,Gustavo A. Madero,ATROPELLADO,42,45,2,ampliada
2022-08-01,09005,Gustavo A. Madero,CAIDA DE CICLISTA,9,8,1,ampliada
2022-08-01,09005,Gustavo A. Madero,CAIDA DE PASAJERO,8,15,1,ampliada
2022-08-01,09005,Gustavo A. Madero,CHOQUE,173,216,2,ampliada
2022-08-01,09005,Gustavo A. Madero,DERRAPADO,60,62,2,ampliada
2022-08-01,09005,Gustavo A. Madero,VOLCADURA,7,8,1,ampliada
2022-08-01,09006,Iztacalco,ATROPELLADO,21,21,0,ampliada
2022-08-01,09006,Iztacalco,CAIDA DE CICLISTA,1,1,0,ampliada
2022-08-01,09006,Iztacalco,CAIDA DE PASAJERO,1,1,0,ampliada
2022-08-01,09006,Iztacalco,CHOQUE,78,90,1,ampliada
2022-08-01,09006,Iztacalco,DERRAPADO,20,22,0,ampliada
2022-08-01,09006,Iztacalco,VOLCADURA,1,1,0,ampliada
2022-08-01,09007,Iztapalapa,ATROPELLADO,63,64,2,ampliada
2022-08-01,09007,Iztapalapa,CAIDA DE CICLISTA,8,8,0,ampliada
2022-08-01,09007,Iztapalapa,CAIDA DE PASAJERO,5,5,0,ampliada
2022-08-01,09007,Iztapalapa,CHOQUE,241,322,1,ampliada
2022-08-01,09007,Iztapalapa,DERRAPADO,74,84,0,ampliada
2022-08-01,09007,Iztapalapa,VOLCADURA,3,3,0,ampliada
2022-08-01,09008,La Magdalena Contreras,ATROPELLADO,7,6,1,ampliada
2022-08-01,09008,La Magdalena Contreras,CAIDA DE CICLISTA,1,1,0,ampliada
2022-08-01,09008,La Magdalena Contreras,CAIDA DE PASAJERO,0,0,0,ampliada
2022-08-01,09008,La Magdalena Contreras,CHOQUE,13,13,1,ampliada
2022-08-01,09008,La Magdalena Contreras,DERRAPADO,6,7,0,ampliada
2022-08-01,09008,La Magdalena Contreras,VOLCADURA,1,2,0,ampliada
2022-08-01,09009,Milpa Alta,ATROPELLADO,1,1,0,ampliada
2022-08-01,09009,Milpa Alta,CAIDA DE CICLISTA,0,0,0,ampliada
2022-08-01,09009,Milpa Alta,CAIDA DE PASAJERO,2,2,0,ampliada
2022-08-01,09009,Milpa Alta,CHOQUE,10,13,1,ampliada
2022-08-01,09009,Milpa Alta,DERRAPADO,2,2,0,ampliada
2022-08-01,09009,Milpa Alta,VOLCADURA,1,2,0,ampliada
2022-08-01,09010,Álvaro Obregón,ATROPELLADO,26,27,0,ampliada
2022-08-01,09010,Álvaro Obregón,CAIDA DE CICLISTA,3,3,0,ampliada
2022-08-01,09010,Álvaro Obregón,CAIDA DE PASAJERO,0,0,0,ampliada
2022-08-01,09010,Álvaro Obregón,CHOQUE,93,121,2,ampliada
2022-08-01,09010,Álvaro Obregón,DERRAPADO,23,25,0,ampliada
2022-08-01,09010,Álvaro Obregón,VOLCADURA,6,7,0,ampliada
2022-08-01,09011,Tláhuac,ATROPELLADO,13,13,2,ampliada
2022-08-01,09011,Tláhuac,CAIDA DE CICLISTA,2,2,0,ampliada
2022-08-01,09011,Tláhuac,CAIDA DE PASAJERO,1,1,0,ampliada
2022-08-01,09011,Tláhuac,CHOQUE,51,64,0,ampliada
2022-08-01,09011,Tláhuac,DERRAPADO,14,17,0,ampliada
2022-08-01,09011,Tláhuac,VOLCADURA,2,5,0,ampliada
2022-08-01,09012,Tlalpan,ATROPELLADO,19,21,1,ampliada
2022-08-01,09012,Tlalpan,CAIDA DE CICLISTA,4,4,0,ampliada
2022-08-01,09012,Tlalpan,CAIDA DE PASAJERO,0,0,0,ampliada
2022-08-01,09012,Tlalpan,CHOQUE,105,134,5,ampliada
2022-08-01,09012,Tlalpan,DERRAPADO,35,38,3,ampliada
2022-08-01,09012,Tlalpan,VOLCADURA,1,5,0,ampliada
2022-08-01,09013,Xochimilco,ATROPELLADO,11,11,0,ampliada
2022-08-01,09013,Xochimilco,CAIDA DE CICLISTA,4,4,0,ampliada
2022-08-01,09013,Xochimilco,CAIDA DE PASAJERO,3,3,0,ampliada
2022-08-01,09013,Xochimilco,CHOQUE,35,46,1,ampliada
2022-08-01,09013,Xochimilco,DERRAPADO,18,18,2,ampliada
2022-08-01,09013,Xochimilco,VOLCADURA,1,4,1,ampliada
2022-08-01,09014,Benito Juárez,ATROPELLADO,32,32,1,ampliada
2022-08-01,09014,Benito Juárez,CAIDA DE CICLISTA,3,3,0,ampliada
2022-08-01,09014,Benito Juárez,CAIDA DE PASAJERO,1,1,0,ampliada
2022-08-01,09014,Benito Juárez,CHOQUE,123,143,1,ampliada
2022-08-01,09014,Benito Juárez,DERRAPADO,35,38,0,ampliada
2022-08-01,09014,Benito Juárez,VOLCADURA,1,1,0,ampliada
2022-08-01,09015,Cuauhtémoc,ATROPELLADO,93,97,1,ampliada
2022-08-01,09015,Cuauhtémoc,CAIDA DE CICLISTA,15,15,0,ampliada
2022-08-01,09015,Cuauhtémoc,CAIDA DE PASAJERO,6,6,0,ampliada
2022-08-01,09015,Cuauhtémoc,CHOQUE,227,279,2,ampliada
2022-08-01,09015,Cuauhtémoc,DERRAPADO,65,68,1,ampliada
2022-08-01,09015,Cuauhtémoc,VOLCADURA,4,4,0,ampliada
2022-08-01,09016,Miguel Hidalgo,ATROPELLADO,21,21,1,ampliada
2022-08-01,09016,Miguel Hidalgo,CAIDA DE CICLISTA,11,11,0,ampliada
2022-08-01,09016,Miguel Hidalgo,CAIDA DE PASAJERO,0,0,0,ampliada
2022-08-01,09016,Miguel Hidalgo,CHOQUE,112,126,1,ampliada
2022-08-01,09016,Miguel Hidalgo,DERRAPADO,33,36,1,ampliada
2022-08-01,09016,Miguel Hidalgo,VOLCADURA,5,5,0,ampliada
2022-08-01,09017,Venustiano Carranza,ATROPELLADO,33,39,0,ampliada
2022-08-01,09017,Venustiano Carranza,CAIDA DE CICLISTA,2,2,0,ampliada
2022-08-01,09017,Venustiano Carranza,CAIDA DE PASAJERO,5,5,0,ampliada
2022-08-01,09017,Venustiano Carranza,CHOQUE,131,148,0,ampliada
2022-08-01,09017,Venustiano Carranza,DERRAPADO,36,39,0,ampliada
2022-08-01,09017,Venustiano Carranza,VOLCADURA,3,3,0,ampliada
2022-09-01,09002,Azcapotzalco,ATROPELLADO,15,16,1,ampliada
2022-09-01,09002,Azcapotzalco,CAIDA DE CICLISTA,2,2,0,ampliada
2022-09-01,09002,Azcapotzalco,CAIDA DE PASAJERO,0,0,0,ampliada
2022-09-01,09002,Azcapotzalco,CHOQUE,75,79,3,ampliada
2022-09-01,09002,Azcapotzalco,DERRAPADO,26,28,0,ampliada
2022-09-01,09002,Azcapotzalco,VOLCADURA,2,6,0,ampliada
2022-09-01,09003,Coyoacán,ATROPELLADO,30,33,0,ampliada
2022-09-01,09003,Coyoacán,CAIDA DE CICLISTA,4,4,0,ampliada
2022-09-01,09003,Coyoacán,CAIDA DE PASAJERO,2,2,0,ampliada
2022-09-01,09003,Coyoacán,CHOQUE,117,138,4,ampliada
2022-09-01,09003,Coyoacán,DERRAPADO,33,38,0,ampliada
2022-09-01,09003,Coyoacán,VOLCADURA,3,5,0,ampliada
2022-09-01,09004,Cuajimalpa de Morelos,ATROPELLADO,5,5,0,ampliada
2022-09-01,09004,Cuajimalpa de Morelos,CAIDA DE CICLISTA,0,0,0,ampliada
2022-09-01,09004,Cuajimalpa de Morelos,CAIDA DE PASAJERO,0,0,0,ampliada
2022-09-01,09004,Cuajimalpa de Morelos,CHOQUE,11,16,1,ampliada
2022-09-01,09004,Cuajimalpa de Morelos,DERRAPADO,5,5,0,ampliada
2022-09-01,09004,Cuajimalpa de Morelos,VOLCADURA,4,4,0,ampliada
2022-09-01,09005,Gustavo A. Madero,ATROPELLADO,50,45,5,ampliada
2022-09-01,09005,Gustavo A. Madero,CAIDA DE CICLISTA,4,4,0,ampliada
2022-09-01,09005,Gustavo A. Madero,CAIDA DE PASAJERO,3,5,0,ampliada
2022-09-01,09005,Gustavo A. Madero,CHOQUE,168,224,5,ampliada
2022-09-01,09005,Gustavo A. Madero,DERRAPADO,55,59,0,ampliada
2022-09-01,09005,Gustavo A. Madero,VOLCADURA,8,19,0,ampliada
2022-09-01,09006,Iztacalco,ATROPELLADO,23,24,1,ampliada
2022-09-01,09006,Iztacalco,CAIDA DE CICLISTA,1,1,0,ampliada
2022-09-01,09006,Iztacalco,CAIDA DE PASAJERO,0,0,0,ampliada
2022-09-01,09006,Iztacalco,CHOQUE,73,83,2,ampliada
2022-09-01,09006,Iztacalco,DERRAPADO,26,28,0,ampliada
2022-09-01,09006,Iztacalco,VOLCADURA,0,0,0,ampliada
2022-09-01,09007,Iztapalapa,ATROPELLADO,69,71,5,ampliada
2022-09-01,09007,Iztapalapa,CAIDA DE CICLISTA,6,6,0,ampliada
2022-09-01,09007,Iztapalapa,CAIDA DE PASAJERO,6,6,0,ampliada
2022-09-01,09007,Iztapalapa,CHOQUE,210,275,2,ampliada
2022-09-01,09007,Iztapalapa,DERRAPADO,82,91,3,ampliada
2022-09-01,09007,Iztapalapa,VOLCADURA,5,7,0,ampliada
2022-09-01,09008,La Magdalena Contreras,ATROPELLADO,5,6,0,ampliada
2022-09-01,09008,La Magdalena Contreras,CAIDA DE CICLISTA,1,1,0,ampliada
2022-09-01,09008,La Magdalena Contreras,CAIDA DE PASAJERO,0,0,0,ampliada
2022-09-01,09008,La Magdalena Contreras,CHOQUE,12,13,0,ampliada
2022-09-01,09008,La Magdalena Contreras,DERRAPADO,7,8,0,ampliada
2022-09-01,09008,La Magdalena Contreras,VOLCADURA,0,0,0,ampliada
2022-09-01,09009,Milpa Alta,ATROPELLADO,2,3,0,ampliada
2022-09-01,09009,Milpa Alta,CAIDA DE CICLISTA,1,1,0,ampliada
2022-09-01,09009,Milpa Alta,CAIDA DE PASAJERO,0,0,0,ampliada
2022-09-01,09009,Milpa Alta,CHOQUE,4,4,0,ampliada
2022-09-01,09009,Milpa Alta,DERRAPADO,9,10,0,ampliada
2022-09-01,09009,Milpa Alta,VOLCADURA,0,0,0,ampliada
2022-09-01,09010,Álvaro Obregón,ATROPELLADO,20,23,1,ampliada
2022-09-01,09010,Álvaro Obregón,CAIDA DE CICLISTA,3,3,0,ampliada
2022-09-01,09010,Álvaro Obregón,CAIDA DE PASAJERO,1,1,0,ampliada
2022-09-01,09010,Álvaro Obregón,CHOQUE,70,84,2,ampliada
2022-09-01,09010,Álvaro Obregón,DERRAPADO,40,43,0,ampliada
2022-09-01,09010,Álvaro Obregón,VOLCADURA,3,4,0,ampliada
2022-09-01,09011,Tláhuac,ATROPELLADO,14,15,0,ampliada
2022-09-01,09011,Tláhuac,CAIDA DE CICLISTA,1,1,0,ampliada
2022-09-01,09011,Tláhuac,CAIDA DE PASAJERO,1,1,0,ampliada
2022-09-01,09011,Tláhuac,CHOQUE,52,69,3,ampliada
2022-09-01,09011,Tláhuac,DERRAPADO,17,18,0,ampliada
2022-09-01,09011,Tláhuac,VOLCADURA,0,0,0,ampliada
2022-09-01,09012,Tlalpan,ATROPELLADO,22,23,0,ampliada
2022-09-01,09012,Tlalpan,CAIDA DE CICLISTA,1,1,0,ampliada
2022-09-01,09012,Tlalpan,CAIDA DE PASAJERO,1,1,0,ampliada
2022-09-01,09012,Tlalpan,CHOQUE,89,106,1,ampliada
2022-09-01,09012,Tlalpan,DERRAPADO,23,26,2,ampliada
2022-09-01,09012,Tlalpan,VOLCADURA,3,3,0,ampliada
2022-09-01,09013,Xochimilco,ATROPELLADO,9,9,0,ampliada
2022-09-01,09013,Xochimilco,CAIDA DE CICLISTA,2,2,0,ampliada
2022-09-01,09013,Xochimilco,CAIDA DE PASAJERO,2,2,0,ampliada
2022-09-01,09013,Xochimilco,CHOQUE,52,70,0,ampliada
2022-09-01,09013,Xochimilco,DERRAPADO,18,20,0,ampliada
2022-09-01,09013,Xochimilco,VOLCADURA,2,3,0,ampliada
2022-09-01,09014,Benito Juárez,ATROPELLADO,21,23,0,ampliada
2022-09-01,09014,Benito Juárez,CAIDA DE CICLISTA,4,4,0,ampliada
2022-09-01,09014,Benito Juárez,CAIDA DE PASAJERO,1,1,0,ampliada
2022-09-01,09014,Benito Juárez,CHOQUE,133,158,1,ampliada
2022-09-01,09014,Benito Juárez,DERRAPADO,28,30,0,ampliada
2022-09-01,09014,Benito Juárez,VOLCADURA,2,2,0,ampliada
2022-09-01,09015,Cuauhtémoc,ATROPELLADO,75,80,1,ampliada
2022-09-01,09015,Cuauhtémoc,CAIDA DE CICLISTA,7,7,0,ampliada
2022-09-01,09015,Cuauhtémoc,CAIDA DE PASAJERO,5,5,0,ampliada
2022-09-01,09015,Cuauhtémoc,CHOQUE,233,265,2,ampliada
2022-09-01,09015,Cuauhtémoc,DERRAPADO,75,81,0,ampliada
2022-09-01,09015,Cuauhtémoc,VOLCADURA,1,1,0,ampliada
2022-09-01,09016,Miguel Hidalgo,ATROPELLADO,19,20,0,ampliada
2022-09-01,09016,Miguel Hidalgo,CAIDA DE CICLISTA,5,5,0,ampliada
2022-09-01,09016,Miguel Hidalgo,CAIDA DE PASAJERO,2,2,0,ampliada
2022-09-01,09016,Miguel Hidalgo,CHOQUE,96,121,2,ampliada
2022-09-01,09016,Miguel Hidalgo,DERRAPADO,34,36,0,ampliada
2022-09-01,09016,Miguel Hidalgo,VOLCADURA,5,5,0,ampliada
2022-09-01,09017,Venustiano Carranza,ATROPELLADO,25,26,0,ampliada
2022-09-01,09017,Venustiano Carranza,CAIDA DE CICLISTA,2,2,0,ampliada
2022-09-01,09017,Venustiano Carranza,CAIDA DE PASAJERO,2,2,0,ampliada
2022-09-01,09017,Venustiano Carranza,CHOQUE,106,115,2,ampliada
2022-09-01,09017,Venustiano Carranza,DERRAPADO,45,48,2,ampliada
2022-09-01,09017,Venustiano Carranza,VOLCADURA,2,2,0,ampliada
2022-10-01,09002,Azcapotzalco,ATROPELLADO,14,14,1,ampliada
2022-10-01,09002,Azcapotzalco,CAIDA DE CICLISTA,7,7,0,ampliada
2022-10-01,09002,Azcapotzalco,CAIDA DE PASAJERO,2,2,0,ampliada
2022-10-01,09002,Azcapotzalco,CHOQUE,88,102,2,ampliada
2022-10-01,09002,Azcapotzalco,DERRAPADO,17,17,0,ampliada
2022-10-01,09002,Azcapotzalco,VOLCADURA,1,1,0,ampliada
2022-10-01,09003,Coyoacán,ATROPELLADO,38,39,0,ampliada
2022-10-01,09003,Coyoacán,CAIDA DE CICLISTA,2,2,0,ampliada
2022-10-01,09003,Coyoacán,CAIDA DE PASAJERO,3,3,0,ampliada
2022-10-01,09003,Coyoacán,CHOQUE,110,146,1,ampliada
2022-10-01,09003,Coyoacán,DERRAPADO,33,35,0,ampliada
2022-10-01,09003,Coyoacán,VOLCADURA,2,3,0,ampliada
2022-10-01,09004,Cuajimalpa de Morelos,ATROPELLADO,6,4,2,ampliada
2022-10-01,09004,Cuajimalpa de Morelos,CAIDA DE CICLISTA,1,1,0,ampliada
2022-10-01,09004,Cuajimalpa de Morelos,CAIDA DE PASAJERO,0,0,0,ampliada
2022-10-01,09004,Cuajimalpa de Morelos,CHOQUE,20,22,1,ampliada
2022-10-01,09004,Cuajimalpa de Morelos,DERRAPADO,9,12,0,ampliada
2022-10-01,09004,Cuajimalpa de Morelos,VOLCADURA,3,4,0,ampliada
2022-10-01,09005,Gustavo A. Madero,ATROPELLADO,33,34,1,ampliada
2022-10-01,09005,Gustavo A. Madero,CAIDA DE CICLISTA,2,2,0,ampliada
2022-10-01,09005,Gustavo A. Madero,CAIDA DE PASAJERO,6,7,0,ampliada
2022-10-01,09005,Gustavo A. Madero,CHOQUE,189,232,0,ampliada
2022-10-01,09005,Gustavo A. Madero,DERRAPADO,66,75,3,ampliada
2022-10-01,09005,Gustavo A. Madero,VOLCADURA,5,22,3,ampliada
2022-10-01,09006,Iztacalco,ATROPELLADO,35,35,3,ampliada
2022-10-01,09006,Iztacalco,CAIDA DE CICLISTA,2,2,0,ampliada
2022-10-01,09006,Iztacalco,CAIDA DE PASAJERO,1,1,0,ampliada
2022-10-01,09006,Iztacalco,CHOQUE,83,107,1,ampliada
2022-10-01,09006,Iztacalco,DERRAPADO,32,34,0,ampliada
2022-10-01,09006,Iztacalco,VOLCADURA,0,0,0,ampliada
2022-10-01,09007,Iztapalapa,ATROPELLADO,87,98,3,ampliada
2022-10-01,09007,Iztapalapa,CAIDA DE CICLISTA,10,11,0,ampliada
2022-10-01,09007,Iztapalapa,CAIDA DE PASAJERO,3,3,0,ampliada
2022-10-01,09007,Iztapalapa,CHOQUE,239,289,7,ampliada
2022-10-01,09007,Iztapalapa,DERRAPADO,71,75,2,ampliada
2022-10-01,09007,Iztapalapa,VOLCADURA,5,6,0,ampliada
2022-10-01,09008,La Magdalena Contreras,ATROPELLADO,3,3,0,ampliada
2022-10-01,09008,La Magdalena Contreras,CAIDA DE CICLISTA,1,1,0,ampliada
2022-10-01,09008,La Magdalena Contreras,CAIDA DE PASAJERO,0,0,0,ampliada
2022-10-01,09008,La Magdalena Contreras,CHOQUE,20,21,0,ampliada
2022-10-01,09008,La Magdalena Contreras,DERRAPADO,2,2,0,ampliada
2022-10-01,09008,La Magdalena Contreras,VOLCADURA,0,0,0,ampliada
2022-10-01,09009,Milpa Alta,ATROPELLADO,4,4,0,ampliada
2022-10-01,09009,Milpa Alta,CAIDA DE CICLISTA,1,1,0,ampliada
2022-10-01,09009,Milpa Alta,CAIDA DE PASAJERO,0,0,0,ampliada
2022-10-01,09009,Milpa Alta,CHOQUE,12,18,0,ampliada
2022-10-01,09009,Milpa Alta,DERRAPADO,10,10,1,ampliada
2022-10-01,09009,Milpa Alta,VOLCADURA,1,1,0,ampliada
2022-10-01,09010,Álvaro Obregón,ATROPELLADO,29,34,3,ampliada
2022-10-01,09010,Álvaro Obregón,CAIDA DE CICLISTA,1,1,0,ampliada
2022-10-01,09010,Álvaro Obregón,CAIDA DE PASAJERO,0,0,0,ampliada
2022-10-01,09010,Álvaro Obregón,CHOQUE,86,100,0,ampliada
2022-10-01,09010,Álvaro Obregón,DERRAPADO,29,32,0,ampliada
2022-10-01,09010,Álvaro Obregón,VOLCADURA,2,2,0,ampliada
2022-10-01,09011,Tláhuac,ATROPELLADO,8,7,1,ampliada
2022-10-01,09011,Tláhuac,CAIDA DE CICLISTA,5,5,0,ampliada
2022-10-01,09011,Tláhuac,CAIDA DE PASAJERO,1,1,0,ampliada
2022-10-01,09011,Tláhuac,CHOQUE,61,86,2,ampliada
2022-10-01,09011,Tláhuac,DERRAPADO,22,25,1,ampliada
2022-10-01,09011,Tláhuac,VOLCADURA,2,4,0,ampliada
2022-10-01,09012,Tlalpan,ATROPELLADO,20,21,2,ampliada
2022-10-01,09012,Tlalpan,CAIDA DE CICLISTA,3,3,0,ampliada
2022-10-01,09012,Tlalpan,CAIDA DE PASAJERO,5,5,0,ampliada
2022-10-01,09012,Tlalpan,CHOQUE,77,109,3,ampliada
2022-10-01,09012,Tlalpan,DERRAPADO,32,37,1,ampliada
2022-10-01,09012,Tlalpan,VOLCADURA,4,8,1,ampliada
2022-10-01,09013,Xochimilco,ATROPELLADO,16,16,1,ampliada
2022-10-01,09013,Xochimilco,CAIDA DE CICLISTA,1,1,0,ampliada
2022-10-01,09013,Xochimilco,CAIDA DE PASAJERO,4,3,1,ampliada
2022-10-01,09013,Xochimilco,CHOQUE,47,56,2,ampliada
2022-10-01,09013,Xochimilco,DERRAPADO,19,20,0,ampliada
2022-10-01,09013,Xochimilco,VOLCADURA,1,1,0,ampliada
2022-10-01,09014,Benito Juárez,ATROPELLADO,36,37,0,ampliada
2022-10-01,09014,Benito Juárez,CAIDA DE CICLISTA,5,5,0,ampliada
2022-10-01,09014,Benito Juárez,CAIDA DE PASAJERO,3,3,0,ampliada
2022-10-01,09014,Benito Juárez,CHOQUE,144,165,4,ampliada
2022-10-01,09014,Benito Juárez,DERRAPADO,35,37,0,ampliada
2022-10-01,09014,Benito Juárez,VOLCADURA,4,7,0,ampliada
2022-10-01,09015,Cuauhtémoc,ATROPELLADO,73,80,0,ampliada
2022-10-01,09015,Cuauhtémoc,CAIDA DE CICLISTA,18,18,0,ampliada
2022-10-01,09015,Cuauhtémoc,CAIDA DE PASAJERO,3,5,0,ampliada
2022-10-01,09015,Cuauhtémoc,CHOQUE,289,373,2,ampliada
2022-10-01,09015,Cuauhtémoc,DERRAPADO,72,79,2,ampliada
2022-10-01,09015,Cuauhtémoc,VOLCADURA,2,5,0,ampliada
2022-10-01,09016,Miguel Hidalgo,ATROPELLADO,36,38,0,ampliada
2022-10-01,09016,Miguel Hidalgo,CAIDA DE CICLISTA,4,4,0,ampliada
2022-10-01,09016,Miguel Hidalgo,CAIDA DE PASAJERO,0,0,0,ampliada
2022-10-01,09016,Miguel Hidalgo,CHOQUE,120,157,0,ampliada
2022-10-01,09016,Miguel Hidalgo,DERRAPADO,35,34,2,ampliada
2022-10-01,09016,Miguel Hidalgo,VOLCADURA,3,3,0,ampliada
2022-10-01,09017,Venustiano Carranza,ATROPELLADO,27,26,2,ampliada
2022-10-01,09017,Venustiano Carranza,CAIDA DE CICLISTA,2,2,0,ampliada
2022-10-01,09017,Venustiano Carranza,CAIDA DE PASAJERO,4,4,0,ampliada
2022-10-01,09017,Venustiano Carranza,CHOQUE,124,166,3,ampliada
2022-10-01,09017,Venustiano Carranza,DERRAPADO,40,46,0,ampliada
2022-10-01,09017,Venustiano Carranza,VOLCADURA,1,1,0,ampliada
2022-11-01,09002,Azcapotzalco,ATROPELLADO,14,14,2,ampliada
2022-11-01,09002,Azcapotzalco,CAIDA DE CICLISTA,1,1,0,ampliada
2022-11-01,09002,Azcapotzalco,CAIDA DE PASAJERO,0,0,0,ampliada
2022-11-01,09002,Azcapotzalco,CHOQUE,66,85,2,ampliada
2022-11-01,09002,Azcapotzalco,DERRAPADO,20,21,0,ampliada
2022-11-01,09002,Azcapotzalco,VOLCADURA,1,1,0,ampliada
2022-11-01,09003,Coyoacán,ATROPELLADO,22,24,0,ampliada
2022-11-01,09003,Coyoacán,CAIDA DE CICLISTA,3,3,0,ampliada
2022-11-01,09003,Coyoacán,CAIDA DE PASAJERO,2,2,0,ampliada
2022-11-01,09003,Coyoacán,CHOQUE,113,131,2,ampliada
2022-11-01,09003,Coyoacán,DERRAPADO,21,22,2,ampliada
2022-11-01,09003,Coyoacán,VOLCADURA,4,6,0,ampliada
2022-11-01,09004,Cuajimalpa de Morelos,ATROPELLADO,8,9,0,ampliada
2022-11-01,09004,Cuajimalpa de Morelos,CAIDA DE CICLISTA,0,0,0,ampliada
2022-11-01,09004,Cuajimalpa de Morelos,CAIDA DE PASAJERO,0,0,0,ampliada
2022-11-01,09004,Cuajimalpa de Morelos,CHOQUE,22,38,0,ampliada
2022-11-01,09004,Cuajimalpa de Morelos,DERRAPADO,20,21,0,ampliada
2022-11-01,09004,Cuajimalpa de Morelos,VOLCADURA,5,7,0,ampliada
2022-11-01,09005,Gustavo A. Madero,ATROPELLADO,43,48,1,ampliada
2022-11-01,09005,Gustavo A. Madero,CAIDA DE CICLISTA,2,2,0,ampliada
2022-11-01,09005,Gustavo A. Madero,CAIDA DE PASAJERO,2,2,0,ampliada
2022-11-01,09005,Gustavo A. Madero,CHOQUE,169,234,0,ampliada
2022-11-01,09005,Gustavo A. Madero,DERRAPADO,61,64,1,ampliada
2022-11-01,09005,Gustavo A. Madero,VOLCADURA,3,3,0,ampliada
2022-11-01,09006,Iztacalco,ATROPELLADO,24,23,1,ampliada
2022-11-01,09006,Iztacalco,CAIDA DE CICLISTA,0,0,0,ampliada
2022-11-01,09006,Iztacalco,CAIDA DE PASAJERO,0,0,0,ampliada
2022-11-01,09006,Iztacalco,CHOQUE,69,87,0,ampliada
2022-11-01,09006,Iztacalco,DERRAPADO,14,16,0,ampliada
2022-11-01,09006,Iztacalco,VOLCADURA,1,1,0,ampliada
2022-11-01,09007,Iztapalapa,ATROPELLADO,70,69,3,ampliada
2022-11-01,09007,Iztapalapa,CAIDA DE CICLISTA,5,5,0,ampliada
2022-11-01,09007,Iztapalapa,CAIDA DE PASAJERO,2,2,0,ampliada
2022-11-01,09007,Iztapalapa,CHOQUE,204,262,3,ampliada
2022-11-01,09007,Iztapalapa,DERRAPADO,60,63,2,ampliada
2022-11-01,09007,Iztapalapa,VOLCADURA,3,3,0,ampliada
2022-11-01,09008,La Magdalena Contreras,ATROPELLADO,5,5,0,ampliada
2022-11-01,09008,La Magdalena Contreras,CAIDA DE CICLISTA,1,1,0,ampliada
2022-11-01,09008,La Magdalena Contreras,CAIDA DE PASAJERO,0,0,0,ampliada
2022-11-01,09008,La Magdalena Contreras,CHOQUE,21,27,0,ampliada
2022-11-01,09008,La Magdalena Contreras,DERRAPADO,7,7,0,ampliada
2022-11-01,09008,La Magdalena Contreras,VOLCADURA,0,0,0,ampliada
2022-11-01,09009,Milpa Alta,ATROPELLADO,1,1,0,ampliada
2022-11-01,09009,Milpa Alta,CAIDA DE CICLISTA,0,0,0,ampliada
2022-11-01,09009,Milpa Alta,CAIDA DE PASAJERO,0,0,0,ampliada
2022-11-01,09009,Milpa Alta,CHOQUE,14,21,2,ampliada
2022-11-01,09009,Milpa Alta,DERRAPADO,4,4,0,ampliada
2022-11-01,09009,Milpa Alta,VOLCADURA,1,1,0,ampliada
2022-11-01,09010,Álvaro Obregón,ATROPELLADO,14,13,1,ampliada
2022-11-01,09010,Álvaro Obregón,CAIDA DE CICLISTA,4,4,0,ampliada
2022-11-01,09010,Álvaro Obregón,CAIDA DE PASAJERO,1,1,0,ampliada
2022-11-01,09010,Álvaro Obregón,CHOQUE,117,141,2,ampliada
2022-11-01,09010,Álvaro Obregón,DERRAPADO,27,29,0,ampliada
2022-11-01,09010,Álvaro Obregón,VOLCADURA,2,3,0,ampliada
2022-11-01,09011,Tláhuac,ATROPELLADO,8,8,1,ampliada
2022-11-01,09011,Tláhuac,CAIDA DE CICLISTA,0,0,0,ampliada
2022-11-01,09011,Tláhuac,CAIDA DE PASAJERO,1,1,0,ampliada
2022-11-01,09011,Tláhuac,CHOQUE,57,68,0,ampliada
2022-11-01,09011,Tláhuac,DERRAPADO,21,24,1,ampliada
2022-11-01,09011,Tláhuac,VOLCADURA,0,0,0,ampliada
2022-11-01,09012,Tlalpan,ATROPELLADO,23,24,0,ampliada
2022-11-01,09012,Tlalpan,CAIDA DE CICLISTA,1,1,0,ampliada
2022-11-01,09012,Tlalpan,CAIDA DE PASAJERO,6,7,0,ampliada
2022-11-01,09012,Tlalpan,CHOQUE,94,121,0,ampliada
2022-11-01,09012,Tlalpan,DERRAPADO,18,21,0,ampliada
2022-11-01,09012,Tlalpan,VOLCADURA,6,12,0,ampliada
2022-11-01,09013,Xochimilco,ATROPELLADO,11,11,1,ampliada
2022-11-01,09013,Xochimilco,CAIDA DE CICLISTA,3,3,0,ampliada
2022-11-01,09013,Xochimilco,CAIDA DE PASAJERO,3,3,0,ampliada
2022-11-01,09013,Xochimilco,CHOQUE,47,76,1,ampliada
2022-11-01,09013,Xochimilco,DERRAPADO,14,15,0,ampliada
2022-11-01,09013,Xochimilco,VOLCADURA,2,2,0,ampliada
2022-11-01,09014,Benito Juárez,ATROPELLADO,29,28,2,ampliada
2022-11-01,09014,Benito Juárez,CAIDA DE CICLISTA,3,3,0,ampliada
2022-11-01,09014,Benito Juárez,CAIDA DE PASAJERO,1,1,0,ampliada
2022-11-01,09014,Benito Juárez,CHOQUE,121,137,2,ampliada
2022-11-01,09014,Benito Juárez,DERRAPADO,32,34,0,ampliada
2022-11-01,09014,Benito Juárez,VOLCADURA,2,3,0,ampliada
2022-11-01,09015,Cuauhtémoc,ATROPELLADO,74,76,0,ampliada
2022-11-01,09015,Cuauhtémoc,CAIDA DE CICLISTA,11,12,0,ampliada
2022-11-01,09015,Cuauhtémoc,CAIDA DE PASAJERO,6,6,0,ampliada
2022-11-01,09015,Cuauhtémoc,CHOQUE,216,274,5,ampliada
2022-11-01,09015,Cuauhtémoc,DERRAPADO,71,80,0,ampliada
2022-11-01,09015,Cuauhtémoc,VOLCADURA,0,0,0,ampliada
2022-11-01,09016,Miguel Hidalgo,ATROPELLADO,25,25,1,ampliada
2022-11-01,09016,Miguel Hidalgo,CAIDA DE CICLISTA,6,6,0,ampliada
2022-11-01,09016,Miguel Hidalgo,CAIDA DE PASAJERO,2,2,0,ampliada
2022-11-01,09016,Miguel Hidalgo,CHOQUE,113,136,1,ampliada
2022-11-01,09016,Miguel Hidalgo,DERRAPADO,36,40,0,ampliada
2022-11-01,09016,Miguel Hidalgo,VOLCADURA,3,3,0,ampliada
2022-11-01,09017,Venustiano Carranza,ATROPELLADO,22,21,2,ampliada
2022-11-01,09017,Venustiano Carranza,CAIDA DE CICLISTA,0,0,0,ampliada
2022-11-01,09017,Venustiano Carranza,CAIDA DE PASAJERO,1,1,0,ampliada
2022-11-01,09017,Venustiano Carranza,CHOQUE,120,140,0,ampliada
2022-11-01,09017,Venustiano Carranza,DERRAPADO,33,38,0,ampliada
2022-11-01,09017,Venustiano Carranza,VOLCADURA,0,0,0,ampliada
2022-12-01,09002,Azcapotzalco,ATROPELLADO,16,15,1,ampliada
2022-12-01,09002,Azcapotzalco,CAIDA DE CICLISTA,1,1,0,ampliada
2022-12-01,09002,Azcapotzalco,CAIDA DE PASAJERO,0,0,0,ampliada
2022-12-01,09002,Azcapotzalco,CHOQUE,83,105,1,ampliada
2022-12-01,09002,Azcapotzalco,DERRAPADO,23,26,0,ampliada
2022-12-01,09002,Azcapotzalco,VOLCADURA,0,0,0,ampliada
2022-12-01,09003,Coyoacán,ATROPELLADO,26,24,2,ampliada
2022-12-01,09003,Coyoacán,CAIDA DE CICLISTA,4,4,0,ampliada
2022-12-01,09003,Coyoacán,CAIDA DE PASAJERO,0,0,0,ampliada
2022-12-01,09003,Coyoacán,CHOQUE,89,103,2,ampliada
2022-12-01,09003,Coyoacán,DERRAPADO,26,29,0,ampliada
2022-12-01,09003,Coyoacán,VOLCADURA,3,5,0,ampliada
2022-12-01,09004,Cuajimalpa de Morelos,ATROPELLADO,3,3,0,ampliada
2022-12-01,09004,Cuajimalpa de Morelos,CAIDA DE CICLISTA,0,0,0,ampliada
2022-12-01,09004,Cuajimalpa de Morelos,CAIDA DE PASAJERO,0,0,0,ampliada
2022-12-01,09004,Cuajimalpa de Morelos,CHOQUE,18,20,0,ampliada
2022-12-01,09004,Cuajimalpa de Morelos,DERRAPADO,9,8,1,ampliada
2022-12-01,09004,Cuajimalpa de Morelos,VOLCADURA,3,3,0,ampliada
2022-12-01,09005,Gustavo A. Madero,ATROPELLADO,38,42,1,ampliada
2022-12-01,09005,Gustavo A. Madero,CAIDA DE CICLISTA,5,5,0,ampliada
2022-12-01,09005,Gustavo A. Madero,CAIDA DE PASAJERO,3,3,0,ampliada
2022-12-01,09005,Gustavo A. Madero,CHOQUE,197,261,1,ampliada
2022-12-01,09005,Gustavo A. Madero,DERRAPADO,44,50,1,ampliada
2022-12-01,09005,Gustavo A. Madero,VOLCADURA,5,5,0,ampliada
2022-12-01,09006,Iztacalco,ATROPELLADO,12,14,0,ampliada
2022-12-01,09006,Iztacalco,CAIDA DE CICLISTA,3,3,0,ampliada
2022-12-01,09006,Iztacalco,CAIDA DE PASAJERO,1,1,0,ampliada
2022-12-01,09006,Iztacalco,CHOQUE,72,86,0,ampliada
2022-12-01,09006,Iztacalco,DERRAPADO,22,22,1,ampliada
2022-12-01,09006,Iztacalco,VOLCADURA,0,0,0,ampliada
2022-12-01,09007,Iztapalapa,ATROPELLADO,53,56,1,ampliada
2022-12-01,09007,Iztapalapa,CAIDA DE CICLISTA,2,2,0,ampliada
2022-12-01,09007,Iztapalapa,CAIDA DE PASAJERO,5,10,0,ampliada
2022-12-01,09007,Iztapalapa,CHOQUE,228,311,6,ampliada
2022-12-01,09007,Iztapalapa,DERRAPADO,74,80,2,ampliada
2022-12-01,09007,Iztapalapa,VOLCADURA,1,1,0,ampliada
2022-12-01,09008,La Magdalena Contreras,ATROPELLADO,9,11,0,ampliada
2022-12-01,09008,La Magdalena Contreras,CAIDA DE CICLISTA,0,0,0,ampliada
2022-12-01,09008,La Magdalena Contreras,CAIDA DE PASAJERO,0,0,0,ampliada
2022-12-01,09008,La Magdalena Contreras,CHOQUE,25,30,0,ampliada
2022-12-01,09008,La Magdalena Contreras,DERRAPADO,6,7,0,ampliada
2022-12-01,09008,La Magdalena Contreras,VOLCADURA,2,2,0,ampliada
2022-12-01,09009,Milpa Alta,ATROPELLADO,3,3,0,ampliada
2022-12-01,09009,Milpa Alta,CAIDA DE CICLISTA,0,0,0,ampliada
2022-12-01,09009,Milpa Alta,CAIDA DE PASAJERO,0,0,0,ampliada
2022-12-01,09009,Milpa Alta,CHOQUE,3,5,0,ampliada
2022-12-01,09009,Milpa Alta,DERRAPADO,3,3,0,ampliada
2022-12-01,09009,Milpa Alta,VOLCADURA,1,1,0,ampliada
2022-12-01,09010,Álvaro Obregón,ATROPELLADO,17,17,0,ampliada
2022-12-01,09010,Álvaro Obregón,CAIDA DE CICLISTA,1,1,0,ampliada
2022-12-01,09010,Álvaro Obregón,CAIDA DE PASAJERO,3,3,0,ampliada
2022-12-01,09010,Álvaro Obregón,CHOQUE,84,100,4,ampliada
2022-12-01,09010,Álvaro Obregón,DERRAPADO,19,22,0,ampliada
2022-12-01,09010,Álvaro Obregón,VOLCADURA,3,4,0,ampliada
2022-12-01,09011,Tláhuac,ATROPELLADO,16,16,0,ampliada
2022-12-01,09011,Tláhuac,CAIDA DE CICLISTA,3,3,0,ampliada
2022-12-01,09011,Tláhuac,CAIDA DE PASAJERO,1,1,0,ampliada
2022-12-01,09011,Tláhuac,CHOQUE,60,91,1,ampliada
2022-12-01,09011,Tláhuac,DERRAPADO,27,29,2,ampliada
2022-12-01,09011,Tláhuac,VOLCADURA,2,4,0,ampliada
2022-12-01,09012,Tlalpan,ATROPELLADO,24,24,3,ampliada
2022-12-01,09012,Tlalpan,CAIDA DE CICLISTA,1,1,0,ampliada
2022-12-01,09012,Tlalpan,CAIDA DE PASAJERO,2,5,0,ampliada
2022-12-01,09012,Tlalpan,CHOQUE,92,117,4,ampliada
2022-12-01,09012,Tlalpan,DERRAPADO,20,22,1,ampliada
2022-12-01,09012,Tlalpan,VOLCADURA,4,7,0,ampliada
2022-12-01,09013,Xochimilco,ATROPELLADO,13,12,1,ampliada
2022-12-01,09013,Xochimilco,CAIDA DE CICLISTA,0,0,0,ampliada
2022-12-01,09013,Xochimilco,CAIDA DE PASAJERO,1,1,0,ampliada
2022-12-01,09013,Xochimilco,CHOQUE,41,55,0,ampliada
2022-12-01,09013,Xochimilco,DERRAPADO,23,27,0,ampliada
2022-12-01,09013,Xochimilco,VOLCADURA,1,3,0,ampliada
2022-12-01,09014,Benito Juárez,ATROPELLADO,29,30,0,ampliada
2022-12-01,09014,Benito Juárez,CAIDA DE CICLISTA,4,4,0,ampliada
2022-12-01,09014,Benito Juárez,CAIDA DE PASAJERO,3,3,0,ampliada
2022-12-01,09014,Benito Juárez,CHOQUE,139,179,2,ampliada
2022-12-01,09014,Benito Juárez,DERRAPADO,22,23,0,ampliada
2022-12-01,09014,Benito Juárez,VOLCADURA,2,2,0,ampliada
2022-12-01,09015,Cuauhtémoc,ATROPELLADO,79,83,2,ampliada
2022-12-01,09015,Cuauhtémoc,CAIDA DE CICLISTA,10,10,0,ampliada
2022-12-01,09015,Cuauhtémoc,CAIDA DE PASAJERO,5,7,0,ampliada
2022-12-01,09015,Cuauhtémoc,CHOQUE,231,286,2,ampliada
2022-12-01,09015,Cuauhtémoc,DERRAPADO,70,77,1,ampliada
2022-12-01,09015,Cuauhtémoc,VOLCADURA,3,3,0,ampliada
2022-12-01,09016,Miguel Hidalgo,ATROPELLADO,20,27,0,ampliada
2022-12-01,09016,Miguel Hidalgo,CAIDA DE CICLISTA,3,3,0,ampliada
2022-12-01,09016,Miguel Hidalgo,CAIDA DE PASAJERO,1,1,0,ampliada
2022-12-01,09016,Miguel Hidalgo,CHOQUE,98,116,0,ampliada
2022-12-01,09016,Miguel Hidalgo,DERRAPADO,26,27,0,ampliada
2022-12-01,09016,Miguel Hidalgo,VOLCADURA,2,2,0,ampliada
2022-12-01,09017,Venustiano Carranza,ATROPELLADO,36,37,1,ampliada
2022-12-01,09017,Venustiano Carranza,CAIDA DE CICLISTA,2,2,0,ampliada
2022-12-01,09017,Venustiano Carranza,CAIDA DE PASAJERO,2,2,0,ampliada
2022-12-01,09017,Venustiano Carranza,CHOQUE,116,150,1,ampliada
2022-12-01,09017,Venustiano Carranza,DERRAPADO,35,39,2,ampliada
2022-12-01,09017,Venustiano Carranza,VOLCADURA,2,2,0,ampliada
2023-01-01,09002,Azcapotzalco,ATROPELLADO,11,11,1,ampliada
2023-01-01,09002,Azcapotzalco,CAIDA DE CICLISTA,3,3,0,ampliada
2023-01-01,09002,Azcapotzalco,CAIDA DE PASAJERO,2,2,0,ampliada
2023-01-01,09002,Azcapotzalco,CHOQUE,77,87,1,ampliada
2023-01-01,09002,Azcapotzalco,DERRAPADO,24,27,0,ampliada
2023-01-01,09002,Azcapotzalco,VOLCADURA,0,0,0,ampliada
2023-01-01,09003,Coyoacán,ATROPELLADO,15,15,1,ampliada
2023-01-01,09003,Coyoacán,CAIDA DE CICLISTA,0,0,0,ampliada
2023-01-01,09003,Coyoacán,CAIDA DE PASAJERO,3,14,0,ampliada
2023-01-01,09003,Coyoacán,CHOQUE,95,124,0,ampliada
2023-01-01,09003,Coyoacán,DERRAPADO,16,19,0,ampliada
2023-01-01,09003,Coyoacán,VOLCADURA,1,1,0,ampliada
2023-01-01,09004,Cuajimalpa de Morelos,ATROPELLADO,6,6,0,ampliada
2023-01-01,09004,Cuajimalpa de Morelos,CAIDA DE CICLISTA,0,0,0,ampliada
2023-01-01,09004,Cuajimalpa de Morelos,CAIDA DE PASAJERO,0,0,0,ampliada
2023-01-01,09004,Cuajimalpa de Morelos,CHOQUE,16,17,1,ampliada
2023-01-01,09004,Cuajimalpa de Morelos,DERRAPADO,9,12,0,ampliada
2023-01-01,09004,Cuajimalpa de Morelos,VOLCADURA,1,1,0,ampliada
2023-01-01,09005,Gustavo A. Madero,ATROPELLADO,39,41,1,ampliada
2023-01-01,09005,Gustavo A. Madero,CAIDA DE CICLISTA,5,5,0,ampliada
2023-01-01,09005,Gustavo A. Madero,CAIDA DE PASAJERO,6,6,0,ampliada
2023-01-01,09005,Gustavo A. Madero,CHOQUE,158,200,0,ampliada
2023-01-01,09005,Gustavo A. Madero,DERRAPADO,43,50,2,ampliada
2023-01-01,09005,Gustavo A. Madero,VOLCADURA,3,4,0,ampliada
2023-01-01,09006,Iztacalco,ATROPELLADO,11,11,1,ampliada
2023-01-01,09006,Iztacalco,CAIDA DE CICLISTA,1,1,0,ampliada
2023-01-01,09006,Iztacalco,CAIDA DE PASAJERO,3,4,0,ampliada
2023-01-01,09006,Iztacalco,CHOQUE,60,79,1,ampliada
2023-01-01,09006,Iztacalco,DERRAPADO,31,34,0,ampliada
2023-01-01,09006,Iztacalco,VOLCADURA,1,1,0,ampliada
2023-01-01,09007,Iztapalapa,ATROPELLADO,49,52,1,ampliada
2023-01-01,09007,Iztapalapa,CAIDA DE CICLISTA,7,7,0,ampliada
2023-01-01,09007,Iztapalapa,CAIDA DE PASAJERO,3,4,0,ampliada
2023-01-01,09007,Iztapalapa,CHOQUE,225,273,1,ampliada
2023-01-01,09007,Iztapalapa,DERRAPADO,64,65,2,ampliada
2023-01-01,09007,Iztapalapa,VOLCADURA,5,6,0,ampliada
2023-01-01,09008,La Magdalena Contreras,ATROPELLADO,3,3,0,ampliada
2023-01-01,09008,La Magdalena Contreras,CAIDA DE CICLISTA,1,1,0,ampliada
2023-01-01,09008,La Magdalena Contreras,CAIDA DE PASAJERO,0,0,0,ampliada
2023-01-01,09008,La Magdalena Contreras,CHOQUE,19,20,0,ampliada
2023-01-01,09008,La Magdalena Contreras,DERRAPADO,4,4,0,ampliada
2023-01-01,09008,La Magdalena Contreras,VOLCADURA,1,1,0,ampliada
2023-01-01,09009,Milpa Alta,ATROPELLADO,2,1,1,ampliada
2023-01-01,09009,Milpa Alta,CAIDA DE CICLISTA,2,2,0,ampliada
2023-01-01,09009,Milpa Alta,CAIDA DE PASAJERO,0,0,0,ampliada
2023-01-01,09009,Milpa Alta,CHOQUE,6,8,0,ampliada
2023-01-01,09009,Milpa Alta,DERRAPADO,3,3,0,ampliada
2023-01-01,09009,Milpa Alta,VOLCADURA,0,0,0,ampliada
2023-01-01,09010,Álvaro Obregón,ATROPELLADO,24,26,0,ampliada
2023-01-01,09010,Álvaro Obregón,CAIDA DE CICLISTA,2,2,0,ampliada
2023-01-01,09010,Álvaro Obregón,CAIDA DE PASAJERO,0,0,0,ampliada
2023-01-01,09010,Álvaro Obregón,CHOQUE,92,124,0,ampliada
2023-01-01,09010,Álvaro Obregón,DERRAPADO,33,41,2,ampliada
2023-01-01,09010,Álvaro Obregón,VOLCADURA,4,8,0,ampliada
2023-01-01,09011,Tláhuac,ATROPELLADO,15,17,0,ampliada
2023-01-01,09011,Tláhuac,CAIDA DE CICLISTA,2,3,0,ampliada
2023-01-01,09011,Tláhuac,CAIDA DE PASAJERO,2,2,0,ampliada
2023-01-01,09011,Tláhuac,CHOQUE,42,53,0,ampliada
2023-01-01,09011,Tláhuac,DERRAPADO,15,15,0,ampliada
2023-01-01,09011,Tláhuac,VOLCADURA,1,2,0,ampliada
2023-01-01,09012,Tlalpan,ATROPELLADO,14,14,1,ampliada
2023-01-01,09012,Tlalpan,CAIDA DE CICLISTA,2,2,0,ampliada
2023-01-01,09012,Tlalpan,CAIDA DE PASAJERO,2,2,0,ampliada
2023-01-01,09012,Tlalpan,CHOQUE,96,132,0,ampliada
2023-01-01,09012,Tlalpan,DERRAPADO,22,26,1,ampliada
2023-01-01,09012,Tlalpan,VOLCADURA,3,4,0,ampliada
2023-01-01,09013,Xochimilco,ATROPELLADO,12,12,1,ampliada
2023-01-01,09013,Xochimilco,CAIDA DE CICLISTA,0,0,0,ampliada
2023-01-01,09013,Xochimilco,CAIDA DE PASAJERO,0,0,0,ampliada
2023-01-01,09013,Xochimilco,CHOQUE,41,50,0,ampliada
2023-01-01,09013,Xochimilco,DERRAPADO,20,22,0,ampliada
2023-01-01,09013,Xochimilco,VOLCADURA,1,1,0,ampliada
2023-01-01,09014,Benito Juárez,ATROPELLADO,28,29,1,ampliada
2023-01-01,09014,Benito Juárez,CAIDA DE CICLISTA,6,6,0,ampliada
2023-01-01,09014,Benito Juárez,CAIDA DE PASAJERO,2,2,0,ampliada
2023-01-01,09014,Benito Juárez,CHOQUE,129,140,0,ampliada
2023-01-01,09014,Benito Juárez,DERRAPADO,21,21,0,ampliada
2023-01-01,09014,Benito Juárez,VOLCADURA,1,1,0,ampliada
2023-01-01,09015,Cuauhtémoc,ATROPELLADO,68,80,0,ampliada
2023-01-01,09015,Cuauhtémoc,CAIDA DE CICLISTA,14,14,0,ampliada
2023-01-01,09015,Cuauhtémoc,CAIDA DE PASAJERO,4,4,0,ampliada
2023-01-01,09015,Cuauhtémoc,CHOQUE,195,238,0,ampliada
2023-01-01,09015,Cuauhtémoc,DERRAPADO,64,70,0,ampliada
2023-01-01,09015,Cuauhtémoc,VOLCADURA,0,0,0,ampliada
2023-01-01,09016,Miguel Hidalgo,ATROPELLADO,17,18,0,ampliada
2023-01-01,09016,Miguel Hidalgo,CAIDA DE CICLISTA,2,2,0,ampliada
2023-01-01,09016,Miguel Hidalgo,CAIDA DE PASAJERO,2,3,0,ampliada
2023-01-01,09016,Miguel Hidalgo,CHOQUE,115,139,1,ampliada
2023-01-01,09016,Miguel Hidalgo,DERRAPADO,28,29,0,ampliada
2023-01-01,09016,Miguel Hidalgo,VOLCADURA,5,6,0,ampliada
2023-01-01,09017,Venustiano Carranza,ATROPELLADO,30,33,0,ampliada
2023-01-01,09017,Venustiano Carranza,CAIDA DE CICLISTA,4,4,0,ampliada
2023-01-01,09017,Venustiano Carranza,CAIDA DE PASAJERO,3,5,0,ampliada
2023-01-01,09017,Venustiano Carranza,CHOQUE,93,109,1,ampliada
2023-01-01,09017,Venustiano Carranza,DERRAPADO,38,41,1,ampliada
2023-01-01,09017,Venustiano Carranza,VOLCADURA,1,1,0,ampliada
2023-02-01,09002,Azcapotzalco,ATROPELLADO,19,20,1,ampliada
2023-02-01,09002,Azcapotzalco,CAIDA DE CICLISTA,2,2,0,ampliada
2023-02-01,09002,Azcapotzalco,CAIDA DE PASAJERO,0,0,0,ampliada
2023-02-01,09002,Azcapotzalco,CHOQUE,87,106,0,ampliada
2023-02-01,09002,Azcapotzalco,DERRAPADO,25,29,0,ampliada
2023-02-01,09002,Azcapotzalco,VOLCADURA,1,1,0,ampliada
2023-02-01,09003,Coyoacán,ATROPELLADO,19,19,0,ampliada
2023-02-01,09003,Coyoacán,CAIDA DE CICLISTA,6,6,0,ampliada
2023-02-01,09003,Coyoacán,CAIDA DE PASAJERO,2,2,0,ampliada
2023-02-01,09003,Coyoacán,CHOQUE,100,117,0,ampliada
2023-02-01,09003,Coyoacán,DERRAPADO,32,33,0,ampliada
2023-02-01,09003,Coyoacán,VOLCADURA,3,4,0,ampliada
2023-02-01,09004,Cuajimalpa de Morelos,ATROPELLADO,5,5,0,ampliada
2023-02-01,09004,Cuajimalpa de Morelos,CAIDA DE CICLISTA,2,2,0,ampliada
2023-02-01,09004,Cuajimalpa de Morelos,CAIDA DE PASAJERO,0,0,0,ampliada
2023-02-01,09004,Cuajimalpa de Morelos,CHOQUE,15,21,0,ampliada
2023-02-01,09004,Cuajimalpa de Morelos,DERRAPADO,6,6,0,ampliada
2023-02-01,09004,Cuajimalpa de Morelos,VOLCADURA,1,1,0,ampliada
2023-02-01,09005,Gustavo A. Madero,ATROPELLADO,40,45,2,ampliada
2023-02-01,09005,Gustavo A. Madero,CAIDA DE CICLISTA,1,1,0,ampliada
2023-02-01,09005,Gustavo A. Madero,CAIDA DE PASAJERO,4,9,0,ampliada
2023-02-01,09005,Gustavo A. Madero,CHOQUE,155,187,1,ampliada
2023-02-01,09005,Gustavo A. Madero,DERRAPADO,41,44,0,ampliada
2023-02-01,09005,Gustavo A. Madero,VOLCADURA,6,8,0,ampliada
2023-02-01,09006,Iztacalco,ATROPELLADO,11,11,1,ampliada
2023-02-01,09006,Iztacalco,CAIDA DE CICLISTA,0,0,0,ampliada
2023-02-01,09006,Iztacalco,CAIDA DE PASAJERO,0,0,0,ampliada
2023-02-01,09006,Iztacalco,CHOQUE,63,83,0,ampliada
2023-02-01,09006,Iztacalco,DERRAPADO,19,24,1,ampliada
2023-02-01,09006,Iztacalco,VOLCADURA,0,0,0,ampliada
2023-02-01,09007,Iztapalapa,ATROPELLADO,49,59,1,ampliada
2023-02-01,09007,Iztapalapa,CAIDA DE CICLISTA,11,11,0,ampliada
2023-02-01,09007,Iztapalapa,CAIDA DE PASAJERO,3,3,0,ampliada
2023-02-01,09007,Iztapalapa,CHOQUE,189,241,10,ampliada
2023-02-01,09007,Iztapalapa,DERRAPADO,76,88,0,ampliada
2023-02-01,09007,Iztapalapa,VOLCADURA,4,6,0,ampliada
2023-02-01,09008,La Magdalena Contreras,ATROPELLADO,7,7,0,ampliada
2023-02-01,09008,La Magdalena Contreras,CAIDA DE CICLISTA,1,1,0,ampliada
2023-02-01,09008,La Magdalena Contreras,CAIDA DE PASAJERO,1,1,0,ampliada
2023-02-01,09008,La Magdalena Contreras,CHOQUE,7,7,0,ampliada
2023-02-01,09008,La Magdalena Contreras,DERRAPADO,9,10,0,ampliada
2023-02-01,09008,La Magdalena Contreras,VOLCADURA,0,0,0,ampliada
2023-02-01,09009,Milpa Alta,ATROPELLADO,1,1,0,ampliada
2023-02-01,09009,Milpa Alta,CAIDA DE CICLISTA,0,0,0,ampliada
2023-02-01,09009,Milpa Alta,CAIDA DE PASAJERO,0,0,0,ampliada
2023-02-01,09009,Milpa Alta,CHOQUE,3,6,0,ampliada
2023-02-01,09009,Milpa Alta,DERRAPADO,2,2,0,ampliada
2023-02-01,09009,Milpa Alta,VOLCADURA,0,0,0,ampliada
2023-02-01,09010,Álvaro Obregón,ATROPELLADO,13,14,0,ampliada
2023-02-01,09010,Álvaro Obregón,CAIDA DE CICLISTA,3,3,0,ampliada
2023-02-01,09010,Álvaro Obregón,CAIDA DE PASAJERO,0,0,0,ampliada
2023-02-01,09010,Álvaro Obregón,CHOQUE,87,94,0,ampliada
2023-02-01,09010,Álvaro Obregón,DERRAPADO,35,36,1,ampliada
2023-02-01,09010,Álvaro Obregón,VOLCADURA,5,5,0,ampliada
2023-02-01,09011,Tláhuac,ATROPELLADO,12,11,1,ampliada
2023-02-01,09011,Tláhuac,CAIDA DE CICLISTA,3,3,0,ampliada
2023-02-01,09011,Tláhuac,CAIDA DE PASAJERO,0,0,0,ampliada
2023-02-01,09011,Tláhuac,CHOQUE,47,60,1,ampliada
2023-02-01,09011,Tláhuac,DERRAPADO,18,22,0,ampliada
2023-02-01,09011,Tláhuac,VOLCADURA,2,5,0,ampliada
2023-02-01,09012,Tlalpan,ATROPELLADO,19,20,0,ampliada
2023-02-01,09012,Tlalpan,CAIDA DE CICLISTA,3,3,0,ampliada
2023-02-01,09012,Tlalpan,CAIDA DE PASAJERO,0,0,0,ampliada
2023-02-01,09012,Tlalpan,CHOQUE,95,112,1,ampliada
2023-02-01,09012,Tlalpan,DERRAPADO,26,28,0,ampliada
2023-02-01,09012,Tlalpan,VOLCADURA,5,7,0,ampliada
2023-02-01,09013,Xochimilco,ATROPELLADO,10,10,0,ampliada
2023-02-01,09013,Xochimilco,CAIDA DE CICLISTA,3,3,0,ampliada
2023-02-01,09013,Xochimilco,CAIDA DE PASAJERO,0,0,0,ampliada
2023-02-01,09013,Xochimilco,CHOQUE,46,69,0,ampliada
2023-02-01,09013,Xochimilco,DERRAPADO,17,21,1,ampliada
2023-02-01,09013,Xochimilco,VOLCADURA,1,2,0,ampliada
2023-02-01,09014,Benito Juárez,ATROPELLADO,26,26,0,ampliada
2023-02-01,09014,Benito Juárez,CAIDA DE CICLISTA,7,7,0,ampliada
2023-02-01,09014,Benito Juárez,CAIDA DE PASAJERO,1,0,1,ampliada
2023-02-01,09014,Benito Juárez,CHOQUE,117,131,1,ampliada
2023-02-01,09014,Benito Juárez,DERRAPADO,22,24,2,ampliada
2023-02-01,09014,Benito Juárez,VOLCADURA,2,2,0,ampliada
2023-02-01,09015,Cuauhtémoc,ATROPELLADO,66,68,1,ampliada
2023-02-01,09015,Cuauhtémoc,CAIDA DE CICLISTA,8,9,0,ampliada
2023-02-01,09015,Cuauhtémoc,CAIDA DE PASAJERO,2,2,0,ampliada
2023-02-01,09015,Cuauhtémoc,CHOQUE,212,256,2,ampliada
2023-02-01,09015,Cuauhtémoc,DERRAPADO,64,68,2,ampliada
2023-02-01,09015,Cuauhtémoc,VOLCADURA,2,5,0,ampliada
2023-02-01,09016,Miguel Hidalgo,ATROPELLADO,22,21,1,ampliada
2023-02-01,09016,Miguel Hidalgo,CAIDA DE CICLISTA,4,4,0,ampliada
2023-02-01,09016,Miguel Hidalgo,CAIDA DE PASAJERO,0,0,0,ampliada
2023-02-01,09016,Miguel Hidalgo,CHOQUE,98,121,2,ampliada
2023-02-01,09016,Miguel Hidalgo,DERRAPADO,37,39,0,ampliada
2023-02-01,09016,Miguel Hidalgo,VOLCADURA,5,5,0,ampliada
2023-02-01,09017,Venustiano Carranza,ATROPELLADO,23,23,0,ampliada
2023-02-01,09017,Venustiano Carranza,CAIDA DE CICLISTA,0,0,0,ampliada
2023-02-01,09017,Venustiano Carranza,CAIDA DE PASAJERO,3,5,0,ampliada
2023-02-01,09017,Venustiano Carranza,CHOQUE,115,145,1,ampliada
2023-02-01,09017,Venustiano Carranza,DERRAPADO,32,39,1,ampliada
2023-02-01,09017,Venustiano Carranza,VOLCADURA,3,3,0,ampliada
2023-03-01,09002,Azcapotzalco,ATROPELLADO,14,15,0,ampliada
2023-03-01,09002,Azcapotzalco,CAIDA DE CICLISTA,2,2,0,ampliada
2023-03-01,09002,Azcapotzalco,CAIDA DE PASAJERO,0,0,0,ampliada
2023-03-01,09002,Azcapotzalco,CHOQUE,87,96,0,ampliada
2023-03-01,09002,Azcapotzalco,DERRAPADO,19,21,0,ampliada
2023-03-01,09002,Azcapotzalco,VOLCADURA,1,1,0,ampliada
2023-03-01,09003,Coyoacán,ATROPELLADO,30,36,0,ampliada
2023-03-01,09003,Coyoacán,CAIDA DE CICLISTA,5,5,0,ampliada
2023-03-01,09003,Coyoacán,CAIDA DE PASAJERO,1,2,0,ampliada
2023-03-01,09003,Coyoacán,CHOQUE,76,94,2,ampliada
2023-03-01,09003,Coyoacán,DERRAPADO,28,28,1,ampliada
2023-03-01,09003,Coyoacán,VOLCADURA,3,3,0,ampliada
2023-03-01,09004,Cuajimalpa de Morelos,ATROPELLADO,4,4,0,ampliada
2023-03-01,09004,Cuajimalpa de Morelos,CAIDA DE CICLISTA,0,0,0,ampliada
2023-03-01,09004,Cuajimalpa de Morelos,CAIDA DE PASAJERO,1,1,0,ampliada
2023-03-01,09004,Cuajimalpa de Morelos,CHOQUE,16,16,0,ampliada
2023-03-01,09004,Cuajimalpa de Morelos,DERRAPADO,10,10,0,ampliada
2023-03-01,09004,Cuajimalpa de Morelos,VOLCADURA,3,4,0,ampliada
2023-03-01,09005,Gustavo A. Madero,ATROPELLADO,42,41,3,ampliada
2023-03-01,09005,Gustavo A. Madero,CAIDA DE CICLISTA,5,5,0,ampliada
2023-03-01,09005,Gustavo A. Madero,CAIDA DE PASAJERO,3,3,0,ampliada
2023-03-01,09005,Gustavo A. Madero,CHOQUE,184,230,1,ampliada
2023-03-01,09005,Gustavo A. Madero,DERRAPADO,49,56,0,ampliada
2023-03-01,09005,Gustavo A. Madero,VOLCADURA,4,5,0,ampliada
2023-03-01,09006,Iztacalco,ATROPELLADO,17,21,0,ampliada
2023-03-01,09006,Iztacalco,CAIDA DE CICLISTA,1,1,0,ampliada
2023-03-01,09006,Iztacalco,CAIDA DE PASAJERO,2,2,0,ampliada
2023-03-01,09006,Iztacalco,CHOQUE,67,80,0,ampliada
2023-03-01,09006,Iztacalco,DERRAPADO,21,21,1,ampliada
2023-03-01,09006,Iztacalco,VOLCADURA,2,2,0,ampliada
2023-03-01,09007,Iztapalapa,ATROPELLADO,66,69,5,ampliada
2023-03-01,09007,Iztapalapa,CAIDA DE CICLISTA,8,8,0,ampliada
2023-03-01,09007,Iztapalapa,CAIDA DE PASAJERO,1,1,0,ampliada
2023-03-01,09007,Iztapalapa,CHOQUE,214,256,7,ampliada
2023-03-01,09007,Iztapalapa,DERRAPADO,64,74,1,ampliada
2023-03-01,09007,Iztapalapa,VOLCADURA,3,3,0,ampliada
2023-03-01,09008,La Magdalena Contreras,ATROPELLADO,6,7,0,ampliada
2023-03-01,09008,La Magdalena Contreras,CAIDA DE CICLISTA,1,1,0,ampliada
2023-03-01,09008,La Magdalena Contreras,CAIDA DE PASAJERO,0,0,0,ampliada
2023-03-01,09008,La Magdalena Contreras,CHOQUE,16,18,0,ampliada
2023-03-01,09008,La Magdalena Contreras,DERRAPADO,11,12,0,ampliada
2023-03-01,09008,La Magdalena Contreras,VOLCADURA,0,0,0,ampliada
2023-03-01,09009,Milpa Alta,ATROPELLADO,2,2,0,ampliada
2023-03-01,09009,Milpa Alta,CAIDA DE CICLISTA,0,0,0,ampliada
2023-03-01,09009,Milpa Alta,CAIDA DE PASAJERO,0,0,0,ampliada
2023-03-01,09009,Milpa Alta,CHOQUE,7,7,1,ampliada
2023-03-01,09009,Milpa Alta,DERRAPADO,2,3,0,ampliada
2023-03-01,09009,Milpa Alta,VOLCADURA,0,0,0,ampliada
2023-03-01,09010,Álvaro Obregón,ATROPELLADO,25,27,0,ampliada
2023-03-01,09010,Álvaro Obregón,CAIDA DE CICLISTA,1,1,0,ampliada
2023-03-01,09010,Álvaro Obregón,CAIDA DE PASAJERO,1,2,0,ampliada
2023-03-01,09010,Álvaro Obregón,CHOQUE,88,103,2,ampliada
2023-03-01,09010,Álvaro Obregón,DERRAPADO,24,25,0,ampliada
2023-03-01,09010,Álvaro Obregón,VOLCADURA,2,2,0,ampliada
2023-03-01,09011,Tláhuac,ATROPELLADO,10,9,1,ampliada
2023-03-01,09011,Tláhuac,CAIDA DE CICLISTA,0,0,0,ampliada
2023-03-01,09011,Tláhuac,CAIDA DE PASAJERO,0,0,0,ampliada
2023-03-01,09011,Tláhuac,CHOQUE,50,62,0,ampliada
2023-03-01,09011,Tláhuac,DERRAPADO,18,20,0,ampliada
2023-03-01,09011,Tláhuac,VOLCADURA,1,1,0,ampliada
2023-03-01,09012,Tlalpan,ATROPELLADO,15,15,0,ampliada
2023-03-01,09012,Tlalpan,CAIDA DE CICLISTA,1,1,0,ampliada
2023-03-01,09012,Tlalpan,CAIDA DE PASAJERO,4,4,0,ampliada
2023-03-01,09012,Tlalpan,CHOQUE,87,107,0,ampliada
2023-03-01,09012,Tlalpan,DERRAPADO,30,31,0,ampliada
2023-03-01,09012,Tlalpan,VOLCADURA,4,4,0,ampliada
2023-03-01,09013,Xochimilco,ATROPELLADO,14,15,0,ampliada
2023-03-01,09013,Xochimilco,CAIDA DE CICLISTA,3,3,0,ampliada
2023-03-01,09013,Xochimilco,CAIDA DE PASAJERO,1,1,0,ampliada
2023-03-01,09013,Xochimilco,CHOQUE,51,67,0,ampliada
2023-03-01,09013,Xochimilco,DERRAPADO,16,16,1,ampliada
2023-03-01,09013,Xochimilco,VOLCADURA,1,1,0,ampliada
2023-03-01,09014,Benito Juárez,ATROPELLADO,26,26,0,ampliada
2023-03-01,09014,Benito Juárez,CAIDA DE CICLISTA,5,5,0,ampliada
2023-03-01,09014,Benito Juárez,CAIDA DE PASAJERO,1,1,0,ampliada
2023-03-01,09014,Benito Juárez,CHOQUE,147,169,0,ampliada
2023-03-01,09014,Benito Juárez,DERRAPADO,23,26,0,ampliada
2023-03-01,09014,Benito Juárez,VOLCADURA,3,3,0,ampliada
2023-03-01,09015,Cuauhtémoc,ATROPELLADO,85,87,1,ampliada
2023-03-01,09015,Cuauhtémoc,CAIDA DE CICLISTA,16,16,0,ampliada
2023-03-01,09015,Cuauhtémoc,CAIDA DE PASAJERO,3,5,0,ampliada
2023-03-01,09015,Cuauhtémoc,CHOQUE,229,283,0,ampliada
2023-03-01,09015,Cuauhtémoc,DERRAPADO,67,72,1,ampliada
2023-03-01,09015,Cuauhtémoc,VOLCADURA,0,0,0,ampliada
2023-03-01,09016,Miguel Hidalgo,ATROPELLADO,21,22,0,ampliada
2023-03-01,09016,Miguel Hidalgo,CAIDA DE CICLISTA,11,11,0,ampliada
2023-03-01,09016,Miguel Hidalgo,CAIDA DE PASAJERO,1,1,0,ampliada
2023-03-01,09016,Miguel Hidalgo,CHOQUE,119,134,1,ampliada
2023-03-01,09016,Miguel Hidalgo,DERRAPADO,32,32,0,ampliada
2023-03-01,09016,Miguel Hidalgo,VOLCADURA,4,4,0,ampliada
2023-03-01,09017,Venustiano Carranza,ATROPELLADO,25,26,1,ampliada
2023-03-01,09017,Venustiano Carranza,CAIDA DE CICLISTA,2,2,0,ampliada
2023-03-01,09017,Venustiano Carranza,CAIDA DE PASAJERO,3,3,0,ampliada
2023-03-01,09017,Venustiano Carranza,CHOQUE,105,134,2,ampliada
2023-03-01,09017,Venustiano Carranza,DERRAPADO,41,45,0,ampliada
2023-03-01,09017,Venustiano Carranza,VOLCADURA,1,1,0,ampliada
2023-04-01,09002,Azcapotzalco,ATROPELLADO,11,12,0,ampliada
2023-04-01,09002,Azcapotzalco,CAIDA DE CICLISTA,3,3,0,ampliada
2023-04-01,09002,Azcapotzalco,CAIDA DE PASAJERO,0,0,0,ampliada
2023-04-01,09002,Azcapotzalco,CHOQUE,69,77,0,ampliada
2023-04-01,09002,Azcapotzalco,DERRAPADO,22,23,2,ampliada
2023-04-01,09002,Azcapotzalco,VOLCADURA,2,2,0,ampliada
2023-04-01,09003,Coyoacán,ATROPELLADO,18,19,0,ampliada
2023-04-01,09003,Coyoacán,CAIDA DE CICLISTA,6,6,0,ampliada
2023-04-01,09003,Coyoacán,CAIDA DE PASAJERO,2,2,0,ampliada
2023-04-01,09003,Coyoacán,CHOQUE,89,109,0,ampliada
2023-04-01,09003,Coyoacán,DERRAPADO,25,26,0,ampliada
2023-04-01,09003,Coyoacán,VOLCADURA,5,5,0,ampliada
2023-04-01,09004,Cuajimalpa de Morelos,ATROPELLADO,4,4,0,ampliada
2023-04-01,09004,Cuajimalpa de Morelos,CAIDA DE CICLISTA,0,0,0,ampliada
2023-04-01,09004,Cuajimalpa de Morelos,CAIDA DE PASAJERO,0,0,0,ampliada
2023-04-01,09004,Cuajimalpa de Morelos,CHOQUE,17,21,1,ampliada
2023-04-01,09004,Cuajimalpa de Morelos,DERRAPADO,12,15,0,ampliada
2023-04-01,09004,Cuajimalpa de Morelos,VOLCADURA,1,1,0,ampliada
2023-04-01,09005,Gustavo A. Madero,ATROPELLADO,37,39,2,ampliada
2023-04-01,09005,Gustavo A. Madero,CAIDA DE CICLISTA,9,9,0,ampliada
2023-04-01,09005,Gustavo A. Madero,CAIDA DE PASAJERO,0,0,0,ampliada
2023-04-01,09005,Gustavo A. Madero,CHOQUE,161,198,3,ampliada
2023-04-01,09005,Gustavo A. Madero,DERRAPADO,49,58,0,ampliada
2023-04-01,09005,Gustavo A. Madero,VOLCADURA,0,0,0,ampliada
2023-04-01,09006,Iztacalco,ATROPELLADO,14,14,0,ampliada
2023-04-01,09006,Iztacalco,CAIDA DE CICLISTA,4,4,0,ampliada
2023-04-01,09006,Iztacalco,CAIDA DE PASAJERO,1,1,0,ampliada
2023-04-01,09006,Iztacalco,CHOQUE,54,60,2,ampliada
2023-04-01,09006,Iztacalco,DERRAPADO,24,23,5,ampliada
2023-04-01,09006,Iztacalco,VOLCADURA,2,2,0,ampliada
2023-04-01,09007,Iztapalapa,ATROPELLADO,52,54,2,ampliada
2023-04-01,09007,Iztapalapa,CAIDA DE CICLISTA,6,6,0,ampliada
2023-04-01,09007,Iztapalapa,CAIDA DE PASAJERO,3,3,0,ampliada
2023-04-01,09007,Iztapalapa,CHOQUE,190,245,6,ampliada
2023-04-01,09007,Iztapalapa,DERRAPADO,71,86,0,ampliada
2023-04-01,09007,Iztapalapa,VOLCADURA,7,8,0,ampliada
2023-04-01,09008,La Magdalena Contreras,ATROPELLADO,4,4,0,ampliada
2023-04-01,09008,La Magdalena Contreras,CAIDA DE CICLISTA,2,2,0,ampliada
2023-04-01,09008,La Magdalena Contreras,CAIDA DE PASAJERO,0,0,0,ampliada
2023-04-01,09008,La Magdalena Contreras,CHOQUE,10,11,0,ampliada
2023-04-01,09008,La Magdalena Contreras,DERRAPADO,7,8,0,ampliada
2023-04-01,09008,La Magdalena Contreras,VOLCADURA,0,0,0,ampliada
2023-04-01,09009,Milpa Alta,ATROPELLADO,3,3,0,ampliada
2023-04-01,09009,Milpa Alta,CAIDA DE CICLISTA,0,0,0,ampliada
2023-04-01,09009,Milpa Alta,CAIDA DE PASAJERO,0,0,0,ampliada
2023-04-01,09009,Milpa Alta,CHOQUE,7,9,0,ampliada
2023-04-01,09009,Milpa Alta,DERRAPADO,1,1,0,ampliada
2023-04-01,09009,Milpa Alta,VOLCADURA,4,5,0,ampliada
2023-04-01,09010,Álvaro Obregón,ATROPELLADO,22,24,0,ampliada
2023-04-01,09010,Álvaro Obregón,CAIDA DE CICLISTA,1,1,0,ampliada
2023-04-01,09010,Álvaro Obregón,CAIDA DE PASAJERO,4,4,0,ampliada
2023-04-01,09010,Álvaro Obregón,CHOQUE,79,94,1,ampliada
2023-04-01,09010,Álvaro Obregón,DERRAPADO,27,28,0,ampliada
2023-04-01,09010,Álvaro Obregón,VOLCADURA,1,4,0,ampliada
2023-04-01,09011,Tláhuac,ATROPELLADO,8,9,0,ampliada
2023-04-01,09011,Tláhuac,CAIDA DE CICLISTA,2,2,0,ampliada
2023-04-01,09011,Tláhuac,CAIDA DE PASAJERO,1,2,0,ampliada
2023-04-01,09011,Tláhuac,CHOQUE,36,42,0,ampliada
2023-04-01,09011,Tláhuac,DERRAPADO,19,17,3,ampliada
2023-04-01,09011,Tláhuac,VOLCADURA,1,0,1,ampliada
2023-04-01,09012,Tlalpan,ATROPELLADO,11,11,1,ampliada
2023-04-01,09012,Tlalpan,CAIDA DE CICLISTA,5,5,0,ampliada
2023-04-01,09012,Tlalpan,CAIDA DE PASAJERO,0,0,0,ampliada
2023-04-01,09012,Tlalpan,CHOQUE,75,90,2,ampliada
2023-04-01,09012,Tlalpan,DERRAPADO,28,30,1,ampliada
2023-04-01,09012,Tlalpan,VOLCADURA,5,10,0,ampliada
2023-04-01,09013,Xochimilco,ATROPELLADO,12,14,0,ampliada
2023-04-01,09013,Xochimilco,CAIDA DE CICLISTA,3,3,0,ampliada
2023-04-01,09013,Xochimilco,CAIDA DE PASAJERO,0,0,0,ampliada
2023-04-01,09013,Xochimilco,CHOQUE,39,45,0,ampliada
2023-04-01,09013,Xochimilco,DERRAPADO,13,15,0,ampliada
2023-04-01,09013,Xochimilco,VOLCADURA,0,0,0,ampliada
2023-04-01,09014,Benito Juárez,ATROPELLADO,20,22,0,ampliada
2023-04-01,09014,Benito Juárez,CAIDA DE CICLISTA,5,5,0,ampliada
2023-04-01,09014,Benito Juárez,CAIDA DE PASAJERO,0,0,0,ampliada
2023-04-01,09014,Benito Juárez,CHOQUE,127,149,0,ampliada
2023-04-01,09014,Benito Juárez,DERRAPADO,22,26,0,ampliada
2023-04-01,09014,Benito Juárez,VOLCADURA,3,3,0,ampliada
2023-04-01,09015,Cuauhtémoc,ATROPELLADO,56,56,1,ampliada
2023-04-01,09015,Cuauhtémoc,CAIDA DE CICLISTA,14,15,0,ampliada
2023-04-01,09015,Cuauhtémoc,CAIDA DE PASAJERO,7,8,0,ampliada
2023-04-01,09015,Cuauhtémoc,CHOQUE,198,254,0,ampliada
2023-04-01,09015,Cuauhtémoc,DERRAPADO,61,71,1,ampliada
2023-04-01,09015,Cuauhtémoc,VOLCADURA,0,0,0,ampliada
2023-04-01,09016,Miguel Hidalgo,ATROPELLADO,8,9,1,ampliada
2023-04-01,09016,Miguel Hidalgo,CAIDA DE CICLISTA,3,3,0,ampliada
2023-04-01,09016,Miguel Hidalgo,CAIDA DE PASAJERO,1,1,0,ampliada
2023-04-01,09016,Miguel Hidalgo,CHOQUE,104,126,0,ampliada
2023-04-01,09016,Miguel Hidalgo,DERRAPADO,31,35,0,ampliada
2023-04-01,09016,Miguel Hidalgo,VOLCADURA,3,5,0,ampliada
2023-04-01,09017,Venustiano Carranza,ATROPELLADO,38,42,4,ampliada
2023-04-01,09017,Venustiano Carranza,CAIDA DE CICLISTA,1,1,0,ampliada
2023-04-01,09017,Venustiano Carranza,CAIDA DE PASAJERO,1,1,0,ampliada
2023-04-01,09017,Venustiano Carranza,CHOQUE,110,136,0,ampliada
2023-04-01,09017,Venustiano Carranza,DERRAPADO,50,54,0,ampliada
2023-04-01,09017,Venustiano Carranza,VOLCADURA,3,4,0,ampliada
2023-05-01,09002,Azcapotzalco,ATROPELLADO,16,16,0,ampliada
2023-05-01,09002,Azcapotzalco,CAIDA DE CICLISTA,2,2,0,ampliada
2023-05-01,09002,Azcapotzalco,CAIDA DE PASAJERO,2,2,0,ampliada
2023-05-01,09002,Azcapotzalco,CHOQUE,76,89,1,ampliada
2023-05-01,09002,Azcapotzalco,DERRAPADO,20,22,1,ampliada
2023-05-01,09002,Azcapotzalco,VOLCADURA,0,0,0,ampliada
2023-05-01,09003,Coyoacán,ATROPELLADO,19,19,1,ampliada
2023-05-01,09003,Coyoacán,CAIDA DE CICLISTA,1,1,0,ampliada
2023-05-01,09003,Coyoacán,CAIDA DE PASAJERO,4,4,0,ampliada
2023-05-01,09003,Coyoacán,CHOQUE,117,138,4,ampliada
2023-05-01,09003,Coyoacán,DERRAPADO,24,26,0,ampliada
2023-05-01,09003,Coyoacán,VOLCADURA,3,5,0,ampliada
2023-05-01,09004,Cuajimalpa de Morelos,ATROPELLADO,4,5,0,ampliada
2023-05-01,09004,Cuajimalpa de Morelos,CAIDA DE CICLISTA,2,2,0,ampliada
2023-05-01,09004,Cuajimalpa de Morelos,CAIDA DE PASAJERO,1,0,1,ampliada
2023-05-01,09004,Cuajimalpa de Morelos,CHOQUE,14,18,0,ampliada
2023-05-01,09004,Cuajimalpa de Morelos,DERRAPADO,10,11,0,ampliada
2023-05-01,09004,Cuajimalpa de Morelos,VOLCADURA,4,4,0,ampliada
2023-05-01,09005,Gustavo A. Madero,ATROPELLADO,40,40,3,ampliada
2023-05-01,09005,Gustavo A. Madero,CAIDA DE CICLISTA,5,5,0,ampliada
2023-05-01,09005,Gustavo A. Madero,CAIDA DE PASAJERO,4,4,0,ampliada
2023-05-01,09005,Gustavo A. Madero,CHOQUE,195,258,0,ampliada
2023-05-01,09005,Gustavo A. Madero,DERRAPADO,54,58,0,ampliada
2023-05-01,09005,Gustavo A. Madero,VOLCADURA,2,2,0,ampliada
2023-05-01,09006,Iztacalco,ATROPELLADO,16,17,0,ampliada
2023-05-01,09006,Iztacalco,CAIDA DE CICLISTA,1,1,0,ampliada
2023-05-01,09006,Iztacalco,CAIDA DE PASAJERO,1,1,0,ampliada
2023-05-01,09006,Iztacalco,CHOQUE,61,75,0,ampliada
2023-05-01,09006,Iztacalco,DERRAPADO,14,14,0,ampliada
2023-05-01,09006,Iztacalco,VOLCADURA,0,0,0,ampliada
2023-05-01,09007,Iztapalapa,ATROPELLADO,69,69,3,ampliada
2023-05-01,09007,Iztapalapa,CAIDA DE CICLISTA,8,8,0,ampliada
2023-05-01,09007,Iztapalapa,CAIDA DE PASAJERO,3,3,0,ampliada
2023-05-01,09007,Iztapalapa,CHOQUE,206,259,1,ampliada
2023-05-01,09007,Iztapalapa,DERRAPADO,68,76,3,ampliada
2023-05-01,09007,Iztapalapa,VOLCADURA,4,3,1,ampliada
2023-05-01,09008,La Magdalena Contreras,ATROPELLADO,4,3,1,ampliada
2023-05-01,09008,La Magdalena Contreras,CAIDA DE CICLISTA,0,0,0,ampliada
2023-05-01,09008,La Magdalena Contreras,CAIDA DE PASAJERO,0,0,0,ampliada
2023-05-01,09008,La Magdalena Contreras,CHOQUE,14,15,1,ampliada
2023-05-01,09008,La Magdalena Contreras,DERRAPADO,13,13,0,ampliada
2023-05-01,09008,La Magdalena Contreras,VOLCADURA,1,2,0,ampliada
2023-05-01,09009,Milpa Alta,ATROPELLADO,2,4,0,ampliada
2023-05-01,09009,Milpa Alta,CAIDA DE CICLISTA,1,1,0,ampliada
2023-05-01,09009,Milpa Alta,CAIDA DE PASAJERO,0,0,0,ampliada
2023-05-01,09009,Milpa Alta,CHOQUE,4,8,0,ampliada
2023-05-01,09009,Milpa Alta,DERRAPADO,2,2,0,ampliada
2023-05-01,09009,Milpa Alta,VOLCADURA,2,2,0,ampliada
2023-05-01,09010,Álvaro Obregón,ATROPELLADO,24,26,0,ampliada
2023-05-01,09010,Álvaro Obregón,CAIDA DE CICLISTA,3,3,0,ampliada
2023-05-01,09010,Álvaro Obregón,CAIDA DE PASAJERO,2,2,0,ampliada
2023-05-01,09010,Álvaro Obregón,CHOQUE,89,107,0,ampliada
2023-05-01,09010,Álvaro Obregón,DERRAPADO,44,47,1,ampliada
2023-05-01,09010,Álvaro Obregón,VOLCADURA,2,2,0,ampliada
2023-05-01,09011,Tláhuac,ATROPELLADO,12,12,0,ampliada
2023-05-01,09011,Tláhuac,CAIDA DE CICLISTA,0,0,0,ampliada
2023-05-01,09011,Tláhuac,CAIDA DE PASAJERO,0,0,0,ampliada
2023-05-01,09011,Tláhuac,CHOQUE,32,45,1,ampliada
2023-05-01,09011,Tláhuac,DERRAPADO,24,25,0,ampliada
2023-05-01,09011,Tláhuac,VOLCADURA,0,0,0,ampliada
2023-05-01,09012,Tlalpan,ATROPELLADO,11,15,0,ampliada
2023-05-01,09012,Tlalpan,CAIDA DE CICLISTA,0,0,0,ampliada
2023-05-01,09012,Tlalpan,CAIDA DE PASAJERO,4,6,0,ampliada
2023-05-01,09012,Tlalpan,CHOQUE,77,98,0,ampliada
2023-05-01,09012,Tlalpan,DERRAPADO,28,29,0,ampliada
2023-05-01,09012,Tlalpan,VOLCADURA,4,5,1,ampliada
2023-05-01,09013,Xochimilco,ATROPELLADO,8,8,0,ampliada
2023-05-01,09013,Xochimilco,CAIDA DE CICLISTA,1,1,0,ampliada
2023-05-01,09013,Xochimilco,CAIDA DE PASAJERO,1,1,0,ampliada
2023-05-01,09013,Xochimilco,CHOQUE,23,26,1,ampliada
2023-05-01,09013,Xochimilco,DERRAPADO,20,21,0,ampliada
2023-05-01,09013,Xochimilco,VOLCADURA,1,1,0,ampliada
2023-05-01,09014,Benito Juárez,ATROPELLADO,30,32,0,ampliada
2023-05-01,09014,Benito Juárez,CAIDA DE CICLISTA,3,3,0,ampliada
2023-05-01,09014,Benito Juárez,CAIDA DE PASAJERO,1,1,0,ampliada
2023-05-01,09014,Benito Juárez,CHOQUE,119,136,1,ampliada
2023-05-01,09014,Benito Juárez,DERRAPADO,21,22,0,ampliada
2023-05-01,09014,Benito Juárez,VOLCADURA,2,2,0,ampliada
2023-05-01,09015,Cuauhtémoc,ATROPELLADO,60,63,1,ampliada
2023-05-01,09015,Cuauhtémoc,CAIDA DE CICLISTA,14,14,0,ampliada
2023-05-01,09015,Cuauhtémoc,CAIDA DE PASAJERO,0,0,0,ampliada
2023-05-01,09015,Cuauhtémoc,CHOQUE,204,236,4,ampliada
2023-05-01,09015,Cuauhtémoc,DERRAPADO,63,69,0,ampliada
2023-05-01,09015,Cuauhtémoc,VOLCADURA,2,2,0,ampliada
2023-05-01,09016,Miguel Hidalgo,ATROPELLADO,15,15,0,ampliada
2023-05-01,09016,Miguel Hidalgo,CAIDA DE CICLISTA,5,5,0,ampliada
2023-05-01,09016,Miguel Hidalgo,CAIDA DE PASAJERO,1,1,0,ampliada
2023-05-01,09016,Miguel Hidalgo,CHOQUE,116,135,0,ampliada
2023-05-01,09016,Miguel Hidalgo,DERRAPADO,29,35,0,ampliada
2023-05-01,09016,Miguel Hidalgo,VOLCADURA,1,2,0,ampliada
2023-05-01,09017,Venustiano Carranza,ATROPELLADO,22,25,2,ampliada
2023-05-01,09017,Venustiano Carranza,CAIDA DE CICLISTA,8,8,0,ampliada
2023-05-01,09017,Venustiano Carranza,CAIDA DE PASAJERO,1,1,0,ampliada
2023-05-01,09017,Venustiano Carranza,CHOQUE,111,139,2,ampliada
2023-05-01,09017,Venustiano Carranza,DERRAPADO,37,42,1,ampliada
2023-05-01,09017,Venustiano Carranza,VOLCADURA,1,1,0,ampliada
2023-06-01,09002,Azcapotzalco,ATROPELLADO,12,11,1,ampliada
2023-06-01,09002,Azcapotzalco,CAIDA DE CICLISTA,2,2,0,ampliada
2023-06-01,09002,Azcapotzalco,CAIDA DE PASAJERO,1,1,0,ampliada
2023-06-01,09002,Azcapotzalco,CHOQUE,72,82,0,ampliada
2023-06-01,09002,Azcapotzalco,DERRAPADO,17,18,1,ampliada
2023-06-01,09002,Azcapotzalco,VOLCADURA,0,0,0,ampliada
2023-06-01,09003,Coyoacán,ATROPELLADO,13,15,0,ampliada
2023-06-01,09003,Coyoacán,CAIDA DE CICLISTA,5,6,0,ampliada
2023-06-01,09003,Coyoacán,CAIDA DE PASAJERO,1,1,0,ampliada
2023-06-01,09003,Coyoacán,CHOQUE,110,149,1,ampliada
2023-06-01,09003,Coyoacán,DERRAPADO,28,29,1,ampliada
2023-06-01,09003,Coyoacán,VOLCADURA,2,2,0,ampliada
2023-06-01,09004,Cuajimalpa de Morelos,ATROPELLADO,7,6,1,ampliada
2023-06-01,09004,Cuajimalpa de Morelos,CAIDA DE CICLISTA,2,2,0,ampliada
2023-06-01,09004,Cuajimalpa de Morelos,CAIDA DE PASAJERO,0,0,0,ampliada
2023-06-01,09004,Cuajimalpa de Morelos,CHOQUE,17,30,1,ampliada
2023-06-01,09004,Cuajimalpa de Morelos,DERRAPADO,10,11,1,ampliada
2023-06-01,09004,Cuajimalpa de Morelos,VOLCADURA,1,2,0,ampliada
2023-06-01,09005,Gustavo A. Madero,ATROPELLADO,32,32,2,ampliada
2023-06-01,09005,Gustavo A. Madero,CAIDA DE CICLISTA,10,10,0,ampliada
2023-06-01,09005,Gustavo A. Madero,CAIDA DE PASAJERO,1,1,0,ampliada
2023-06-01,09005,Gustavo A. Madero,CHOQUE,175,224,1,ampliada
2023-06-01,09005,Gustavo A. Madero,DERRAPADO,50,53,1,ampliada
2023-06-01,09005,Gustavo A. Madero,VOLCADURA,2,2,0,ampliada
2023-06-01,09006,Iztacalco,ATROPELLADO,13,14,1,ampliada
2023-06-01,09006,Iztacalco,CAIDA DE CICLISTA,4,5,0,ampliada
2023-06-01,09006,Iztacalco,CAIDA DE PASAJERO,0,0,0,ampliada
2023-06-01,09006,Iztacalco,CHOQUE,46,52,1,ampliada
2023-06-01,09006,Iztacalco,DERRAPADO,19,22,0,ampliada
2023-06-01,09006,Iztacalco,VOLCADURA,1,1,0,ampliada
2023-06-01,09007,Iztapalapa,ATROPELLADO,52,57,3,ampliada
2023-06-01,09007,Iztapalapa,CAIDA DE CICLISTA,6,6,0,ampliada
2023-06-01,09007,Iztapalapa,CAIDA DE PASAJERO,3,6,0,ampliada
2023-06-01,09007,Iztapalapa,CHOQUE,203,259,0,ampliada
2023-06-01,09007,Iztapalapa,DERRAPADO,61,71,2,ampliada
2023-06-01,09007,Iztapalapa,VOLCADURA,3,5,0,ampliada
2023-06-01,09008,La Magdalena Contreras,ATROPELLADO,7,7,0,ampliada
2023-06-01,09008,La Magdalena Contreras,CAIDA DE CICLISTA,1,1,0,ampliada
2023-06-01,09008,La Magdalena Contreras,CAIDA DE PASAJERO,0,0,0,ampliada
2023-06-01,09008,La Magdalena Contreras,CHOQUE,9,10,0,ampliada
2023-06-01,09008,La Magdalena Contreras,DERRAPADO,5,5,0,ampliada
2023-06-01,09008,La Magdalena Contreras,VOLCADURA,0,0,0,ampliada
2023-06-01,09009,Milpa Alta,ATROPELLADO,5,4,1,ampliada
2023-06-01,09009,Milpa Alta,CAIDA DE CICLISTA,0,0,0,ampliada
2023-06-01,09009,Milpa Alta,CAIDA DE PASAJERO,0,0,0,ampliada
2023-06-01,09009,Milpa Alta,CHOQUE,3,7,1,ampliada
2023-06-01,09009,Milpa Alta,DERRAPADO,3,5,0,ampliada
2023-06-01,09009,Milpa Alta,VOLCADURA,0,0,0,ampliada
2023-06-01,09010,Álvaro Obregón,ATROPELLADO,18,18,0,ampliada
2023-06-01,09010,Álvaro Obregón,CAIDA DE CICLISTA,4,4,0,ampliada
2023-06-01,09010,Álvaro Obregón,CAIDA DE PASAJERO,1,1,0,ampliada
2023-06-01,09010,Álvaro Obregón,CHOQUE,73,85,1,ampliada
2023-06-01,09010,Álvaro Obregón,DERRAPADO,38,39,0,ampliada
2023-06-01,09010,Álvaro Obregón,VOLCADURA,3,4,0,ampliada
2023-06-01,09011,Tláhuac,ATROPELLADO,9,9,0,ampliada
2023-06-01,09011,Tláhuac,CAIDA DE CICLISTA,0,0,0,ampliada
2023-06-01,09011,Tláhuac,CAIDA DE PASAJERO,0,0,0,ampliada
2023-06-01,09011,Tláhuac,CHOQUE,40,45,0,ampliada
2023-06-01,09011,Tláhuac,DERRAPADO,11,13,0,ampliada
2023-06-01,09011,Tláhuac,VOLCADURA,0,0,0,ampliada
2023-06-01,09012,Tlalpan,ATROPELLADO,18,19,0,ampliada
2023-06-01,09012,Tlalpan,CAIDA DE CICLISTA,2,2,0,ampliada
2023-06-01,09012,Tlalpan,CAIDA DE PASAJERO,5,5,0,ampliada
2023-06-01,09012,Tlalpan,CHOQUE,81,103,2,ampliada
2023-06-01,09012,Tlalpan,DERRAPADO,19,20,2,ampliada
2023-06-01,09012,Tlalpan,VOLCADURA,1,1,0,ampliada
2023-06-01,09013,Xochimilco,ATROPELLADO,13,15,0,ampliada
2023-06-01,09013,Xochimilco,CAIDA DE CICLISTA,2,2,0,ampliada
2023-06-01,09013,Xochimilco,CAIDA DE PASAJERO,0,0,0,ampliada
2023-06-01,09013,Xochimilco,CHOQUE,24,29,0,ampliada
2023-06-01,09013,Xochimilco,DERRAPADO,16,18,0,ampliada
2023-06-01,09013,Xochimilco,VOLCADURA,1,2,0,ampliada
2023-06-01,09014,Benito Juárez,ATROPELLADO,24,24,1,ampliada
2023-06-01,09014,Benito Juárez,CAIDA DE CICLISTA,8,8,0,ampliada
2023-06-01,09014,Benito Juárez,CAIDA DE PASAJERO,5,5,0,ampliada
2023-06-01,09014,Benito Juárez,CHOQUE,104,136,1,ampliada
2023-06-01,09014,Benito Juárez,DERRAPADO,23,26,0,ampliada
2023-06-01,09014,Benito Juárez,VOLCADURA,0,0,0,ampliada
2023-06-01,09015,Cuauhtémoc,ATROPELLADO,57,59,0,ampliada
2023-06-01,09015,Cuauhtémoc,CAIDA DE CICLISTA,8,8,0,ampliada
2023-06-01,09015,Cuauhtémoc,CAIDA DE PASAJERO,2,2,0,ampliada
2023-06-01,09015,Cuauhtémoc,CHOQUE,193,228,2,ampliada
2023-06-01,09015,Cuauhtémoc,DERRAPADO,54,62,0,ampliada
2023-06-01,09015,Cuauhtémoc,VOLCADURA,1,1,0,ampliada
2023-06-01,09016,Miguel Hidalgo,ATROPELLADO,33,33,1,ampliada
2023-06-01,09016,Miguel Hidalgo,CAIDA DE CICLISTA,7,7,0,ampliada
2023-06-01,09016,Miguel Hidalgo,CAIDA DE PASAJERO,0,0,0,ampliada
2023-06-01,09016,Miguel Hidalgo,CHOQUE,99,105,1,ampliada
2023-06-01,09016,Miguel Hidalgo,DERRAPADO,28,30,0,ampliada
2023-06-01,09016,Miguel Hidalgo,VOLCADURA,1,1,0,ampliada
2023-06-01,09017,Venustiano Carranza,ATROPELLADO,26,29,1,ampliada
2023-06-01,09017,Venustiano Carranza,CAIDA DE CICLISTA,2,2,0,ampliada
2023-06-01,09017,Venustiano Carranza,CAIDA DE PASAJERO,2,2,0,ampliada
2023-06-01,09017,Venustiano Carranza,CHOQUE,103,123,0,ampliada
2023-06-01,09017,Venustiano Carranza,DERRAPADO,29,33,0,ampliada
2023-06-01,09017,Venustiano Carranza,VOLCADURA,3,4,0,ampliada
2023-07-01,09002,Azcapotzalco,ATROPELLADO,18,17,1,ampliada
2023-07-01,09002,Azcapotzalco,CAIDA DE CICLISTA,4,4,0,ampliada
2023-07-01,09002,Azcapotzalco,CAIDA DE PASAJERO,1,1,0,ampliada
2023-07-01,09002,Azcapotzalco,CHOQUE,86,107,1,ampliada
2023-07-01,09002,Azcapotzalco,DERRAPADO,20,27,0,ampliada
2023-07-01,09002,Azcapotzalco,VOLCADURA,0,0,0,ampliada
2023-07-01,09003,Coyoacán,ATROPELLADO,28,29,1,ampliada
2023-07-01,09003,Coyoacán,CAIDA DE CICLISTA,4,4,0,ampliada
2023-07-01,09003,Coyoacán,CAIDA DE PASAJERO,5,5,0,ampliada
2023-07-01,09003,Coyoacán,CHOQUE,92,115,0,ampliada
2023-07-01,09003,Coyoacán,DERRAPADO,22,26,0,ampliada
2023-07-01,09003,Coyoacán,VOLCADURA,4,3,1,ampliada
2023-07-01,09004,Cuajimalpa de Morelos,ATROPELLADO,5,4,1,ampliada
2023-07-01,09004,Cuajimalpa de Morelos,CAIDA DE CICLISTA,2,2,0,ampliada
2023-07-01,09004,Cuajimalpa de Morelos,CAIDA DE PASAJERO,0,0,0,ampliada
2023-07-01,09004,Cuajimalpa de Morelos,CHOQUE,19,22,0,ampliada
2023-07-01,09004,Cuajimalpa de Morelos,DERRAPADO,4,4,0,ampliada
2023-07-01,09004,Cuajimalpa de Morelos,VOLCADURA,3,5,1,ampliada
2023-07-01,09005,Gustavo A. Madero,ATROPELLADO,44,47,2,ampliada
2023-07-01,09005,Gustavo A. Madero,CAIDA DE CICLISTA,2,2,0,ampliada
2023-07-01,09005,Gustavo A. Madero,CAIDA DE PASAJERO,3,3,0,ampliada
2023-07-01,09005,Gustavo A. Madero,CHOQUE,160,204,3,ampliada
2023-07-01,09005,Gustavo A. Madero,DERRAPADO,45,46,3,ampliada
2023-07-01,09005,Gustavo A. Madero,VOLCADURA,3,3,0,ampliada
2023-07-01,09006,Iztacalco,ATROPELLADO,13,14,1,ampliada
2023-07-01,09006,Iztacalco,CAIDA DE CICLISTA,3,3,0,ampliada
2023-07-01,09006,Iztacalco,CAIDA DE PASAJERO,2,3,0,ampliada
2023-07-01,09006,Iztacalco,CHOQUE,72,93,0,ampliada
2023-07-01,09006,Iztacalco,DERRAPADO,19,21,1,ampliada
2023-07-01,09006,Iztacalco,VOLCADURA,1,1,0,ampliada
2023-07-01,09007,Iztapalapa,ATROPELLADO,57,58,4,ampliada
2023-07-01,09007,Iztapalapa,CAIDA DE CICLISTA,5,5,0,ampliada
2023-07-01,09007,Iztapalapa,CAIDA DE PASAJERO,6,9,0,ampliada
2023-07-01,09007,Iztapalapa,CHOQUE,213,257,8,ampliada
2023-07-01,09007,Iztapalapa,DERRAPADO,64,68,1,ampliada
2023-07-01,09007,Iztapalapa,VOLCADURA,5,8,0,ampliada
2023-07-01,09008,La Magdalena Contreras,ATROPELLADO,11,11,0,ampliada
2023-07-01,09008,La Magdalena Contreras,CAIDA DE CICLISTA,1,1,0,ampliada
2023-07-01,09008,La Magdalena Contreras,CAIDA DE PASAJERO,2,2,0,ampliada
2023-07-01,09008,La Magdalena Contreras,CHOQUE,16,17,0,ampliada
2023-07-01,09008,La Magdalena Contreras,DERRAPADO,10,12,0,ampliada
2023-07-01,09008,La Magdalena Contreras,VOLCADURA,1,1,0,ampliada
2023-07-01,09009,Milpa Alta,ATROPELLADO,0,0,0,ampliada
2023-07-01,09009,Milpa Alta,CAIDA DE CICLISTA,0,0,0,ampliada
2023-07-01,09009,Milpa Alta,CAIDA DE PASAJERO,0,0,0,ampliada
2023-07-01,09009,Milpa Alta,CHOQUE,8,16,0,ampliada
2023-07-01,09009,Milpa Alta,DERRAPADO,3,4,0,ampliada
2023-07-01,09009,Milpa Alta,VOLCADURA,1,1,0,ampliada
2023-07-01,09010,Álvaro Obregón,ATROPELLADO,18,18,0,ampliada
2023-07-01,09010,Álvaro Obregón,CAIDA DE CICLISTA,2,2,0,ampliada
2023-07-01,09010,Álvaro Obregón,CAIDA DE PASAJERO,3,3,0,ampliada
2023-07-01,09010,Álvaro Obregón,CHOQUE,85,107,2,ampliada
2023-07-01,09010,Álvaro Obregón,DERRAPADO,40,42,0,ampliada
2023-07-01,09010,Álvaro Obregón,VOLCADURA,3,3,0,ampliada
2023-07-01,09011,Tláhuac,ATROPELLADO,5,7,0,ampliada
2023-07-01,09011,Tláhuac,CAIDA DE CICLISTA,2,2,0,ampliada
2023-07-01,09011,Tláhuac,CAIDA DE PASAJERO,1,1,0,ampliada
2023-07-01,09011,Tláhuac,CHOQUE,47,63,1,ampliada
2023-07-01,09011,Tláhuac,DERRAPADO,20,18,2,ampliada
2023-07-01,09011,Tláhuac,VOLCADURA,0,0,0,ampliada
2023-07-01,09012,Tlalpan,ATROPELLADO,27,27,0,ampliada
2023-07-01,09012,Tlalpan,CAIDA DE CICLISTA,2,2,0,ampliada
2023-07-01,09012,Tlalpan,CAIDA DE PASAJERO,2,2,0,ampliada
2023-07-01,09012,Tlalpan,CHOQUE,89,109,2,ampliada
2023-07-01,09012,Tlalpan,DERRAPADO,17,19,0,ampliada
2023-07-01,09012,Tlalpan,VOLCADURA,2,4,0,ampliada
2023-07-01,09013,Xochimilco,ATROPELLADO,8,8,0,ampliada
2023-07-01,09013,Xochimilco,CAIDA DE CICLISTA,1,2,0,ampliada
2023-07-01,09013,Xochimilco,CAIDA DE PASAJERO,1,1,0,ampliada
2023-07-01,09013,Xochimilco,CHOQUE,48,56,3,ampliada
2023-07-01,09013,Xochimilco,DERRAPADO,14,14,1,ampliada
2023-07-01,09013,Xochimilco,VOLCADURA,0,0,0,ampliada
2023-07-01,09014,Benito Juárez,ATROPELLADO,23,25,0,ampliada
2023-07-01,09014,Benito Juárez,CAIDA DE CICLISTA,7,7,0,ampliada
2023-07-01,09014,Benito Juárez,CAIDA DE PASAJERO,1,1,0,ampliada
2023-07-01,09014,Benito Juárez,CHOQUE,141,186,0,ampliada
2023-07-01,09014,Benito Juárez,DERRAPADO,16,16,0,ampliada
2023-07-01,09014,Benito Juárez,VOLCADURA,5,6,0,ampliada
2023-07-01,09015,Cuauhtémoc,ATROPELLADO,59,66,0,ampliada
2023-07-01,09015,Cuauhtémoc,CAIDA DE CICLISTA,16,16,0,ampliada
2023-07-01,09015,Cuauhtémoc,CAIDA DE PASAJERO,4,9,0,ampliada
2023-07-01,09015,Cuauhtémoc,CHOQUE,188,226,1,ampliada
2023-07-01,09015,Cuauhtémoc,DERRAPADO,57,68,0,ampliada
2023-07-01,09015,Cuauhtémoc,VOLCADURA,3,3,0,ampliada
2023-07-01,09016,Miguel Hidalgo,ATROPELLADO,29,30,0,ampliada
2023-07-01,09016,Miguel Hidalgo,CAIDA DE CICLISTA,7,7,0,ampliada
2023-07-01,09016,Miguel Hidalgo,CAIDA DE PASAJERO,3,3,0,ampliada
2023-07-01,09016,Miguel Hidalgo,CHOQUE,104,128,1,ampliada
2023-07-01,09016,Miguel Hidalgo,DERRAPADO,30,32,0,ampliada
2023-07-01,09016,Miguel Hidalgo,VOLCADURA,2,2,0,ampliada
2023-07-01,09017,Venustiano Carranza,ATROPELLADO,34,35,1,ampliada
2023-07-01,09017,Venustiano Carranza,CAIDA DE CICLISTA,1,1,0,ampliada
2023-07-01,09017,Venustiano Carranza,CAIDA DE PASAJERO,3,3,0,ampliada
2023-07-01,09017,Venustiano Carranza,CHOQUE,108,146,1,ampliada
2023-07-01,09017,Venustiano Carranza,DERRAPADO,44,50,0,ampliada
2023-07-01,09017,Venustiano Carranza,VOLCADURA,2,2,0,ampliada
2023-08-01,09002,Azcapotzalco,ATROPELLADO,14,14,1,ampliada
2023-08-01,09002,Azcapotzalco,CAIDA DE CICLISTA,4,4,0,ampliada
2023-08-01,09002,Azcapotzalco,CAIDA DE PASAJERO,2,2,0,ampliada
2023-08-01,09002,Azcapotzalco,CHOQUE,84,116,0,ampliada
2023-08-01,09002,Azcapotzalco,DERRAPADO,26,28,1,ampliada
2023-08-01,09002,Azcapotzalco,VOLCADURA,1,1,0,ampliada
2023-08-01,09003,Coyoacán,ATROPELLADO,27,27,0,ampliada
2023-08-01,09003,Coyoacán,CAIDA DE CICLISTA,5,5,0,ampliada
2023-08-01,09003,Coyoacán,CAIDA DE PASAJERO,2,2,0,ampliada
2023-08-01,09003,Coyoacán,CHOQUE,104,136,1,ampliada
2023-08-01,09003,Coyoacán,DERRAPADO,13,13,0,ampliada
2023-08-01,09003,Coyoacán,VOLCADURA,0,0,0,ampliada
2023-08-01,09004,Cuajimalpa de Morelos,ATROPELLADO,5,6,1,ampliada
2023-08-01,09004,Cuajimalpa de Morelos,CAIDA DE CICLISTA,0,0,0,ampliada
2023-08-01,09004,Cuajimalpa de Morelos,CAIDA DE PASAJERO,0,0,0,ampliada
2023-08-01,09004,Cuajimalpa de Morelos,CHOQUE,13,15,0,ampliada
2023-08-01,09004,Cuajimalpa de Morelos,DERRAPADO,9,9,0,ampliada
2023-08-01,09004,Cuajimalpa de Morelos,VOLCADURA,3,5,0,ampliada
2023-08-01,09005,Gustavo A. Madero,ATROPELLADO,50,52,4,ampliada
2023-08-01,09005,Gustavo A. Madero,CAIDA DE CICLISTA,6,6,0,ampliada
2023-08-01,09005,Gustavo A. Madero,CAIDA DE PASAJERO,2,3,0,ampliada
2023-08-01,09005,Gustavo A. Madero,CHOQUE,162,192,3,ampliada
2023-08-01,09005,Gustavo A. Madero,DERRAPADO,67,75,1,ampliada
2023-08-01,09005,Gustavo A. Madero,VOLCADURA,5,4,1,ampliada
2023-08-01,09006,Iztacalco,ATROPELLADO,11,12,0,ampliada
2023-08-01,09006,Iztacalco,CAIDA DE CICLISTA,4,4,0,ampliada
2023-08-01,09006,Iztacalco,CAIDA DE PASAJERO,1,1,0,ampliada
2023-08-01,09006,Iztacalco,CHOQUE,70,89,1,ampliada
2023-08-01,09006,Iztacalco,DERRAPADO,19,23,0,ampliada
2023-08-01,09006,Iztacalco,VOLCADURA,2,10,0,ampliada
2023-08-01,09007,Iztapalapa,ATROPELLADO,52,50,2,ampliada
2023-08-01,09007,Iztapalapa,CAIDA DE CICLISTA,8,10,0,ampliada
2023-08-01,09007,Iztapalapa,CAIDA DE PASAJERO,6,7,0,ampliada
2023-08-01,09007,Iztapalapa,CHOQUE,216,289,4,ampliada
2023-08-01,09007,Iztapalapa,DERRAPADO,78,84,2,ampliada
2023-08-01,09007,Iztapalapa,VOLCADURA,5,6,0,ampliada
2023-08-01,09008,La Magdalena Contreras,ATROPELLADO,2,2,0,ampliada
2023-08-01,09008,La Magdalena Contreras,CAIDA DE CICLISTA,0,0,0,ampliada
2023-08-01,09008,La Magdalena Contreras,CAIDA DE PASAJERO,0,0,0,ampliada
2023-08-01,09008,La Magdalena Contreras,CHOQUE,9,11,0,ampliada
2023-08-01,09008,La Magdalena Contreras,DERRAPADO,6,6,0,ampliada
2023-08-01,09008,La Magdalena Contreras,VOLCADURA,0,0,0,ampliada
2023-08-01,09009,Milpa Alta,ATROPELLADO,2,2,0,ampliada
2023-08-01,09009,Milpa Alta,CAIDA DE CICLISTA,2,2,0,ampliada
2023-08-01,09009,Milpa Alta,CAIDA DE PASAJERO,0,0,0,ampliada
2023-08-01,09009,Milpa Alta,CHOQUE,6,11,0,ampliada
2023-08-01,09009,Milpa Alta,DERRAPADO,5,5,1,ampliada
2023-08-01,09009,Milpa Alta,VOLCADURA,2,2,0,ampliada
2023-08-01,09010,Álvaro Obregón,ATROPELLADO,24,27,0,ampliada
2023-08-01,09010,Álvaro Obregón,CAIDA DE CICLISTA,2,2,0,ampliada
2023-08-01,09010,Álvaro Obregón,CAIDA DE PASAJERO,3,3,0,ampliada
2023-08-01,09010,Álvaro Obregón,CHOQUE,71,80,3,ampliada
2023-08-01,09010,Álvaro Obregón,DERRAPADO,25,29,0,ampliada
2023-08-01,09010,Álvaro Obregón,VOLCADURA,4,6,0,ampliada
2023-08-01,09011,Tláhuac,ATROPELLADO,11,10,1,ampliada
2023-08-01,09011,Tláhuac,CAIDA DE CICLISTA,2,2,0,ampliada
2023-08-01,09011,Tláhuac,CAIDA DE PASAJERO,0,0,0,ampliada
2023-08-01,09011,Tláhuac,CHOQUE,51,69,1,ampliada
2023-08-01,09011,Tláhuac,DERRAPADO,14,18,0,ampliada
2023-08-01,09011,Tláhuac,VOLCADURA,1,1,0,ampliada
2023-08-01,09012,Tlalpan,ATROPELLADO,16,15,1,ampliada
2023-08-01,09012,Tlalpan,CAIDA DE CICLISTA,3,3,0,ampliada
2023-08-01,09012,Tlalpan,CAIDA DE PASAJERO,0,0,0,ampliada
2023-08-01,09012,Tlalpan,CHOQUE,82,95,8,ampliada
2023-08-01,09012,Tlalpan,DERRAPADO,30,33,2,ampliada
2023-08-01,09012,Tlalpan,VOLCADURA,7,11,1,ampliada
2023-08-01,09013,Xochimilco,ATROPELLADO,13,13,0,ampliada
2023-08-01,09013,Xochimilco,CAIDA DE CICLISTA,2,2,0,ampliada
2023-08-01,09013,Xochimilco,CAIDA DE PASAJERO,3,3,0,ampliada
2023-08-01,09013,Xochimilco,CHOQUE,52,56,1,ampliada
2023-08-01,09013,Xochimilco,DERRAPADO,16,16,1,ampliada
2023-08-01,09013,Xochimilco,VOLCADURA,2,3,0,ampliada
2023-08-01,09014,Benito Juárez,ATROPELLADO,29,28,1,ampliada
2023-08-01,09014,Benito Juárez,CAIDA DE CICLISTA,6,6,0,ampliada
2023-08-01,09014,Benito Juárez,CAIDA DE PASAJERO,3,11,0,ampliada
2023-08-01,09014,Benito Juárez,CHOQUE,147,173,1,ampliada
2023-08-01,09014,Benito Juárez,DERRAPADO,24,24,0,ampliada
2023-08-01,09014,Benito Juárez,VOLCADURA,1,1,0,ampliada
2023-08-01,09015,Cuauhtémoc,ATROPELLADO,81,84,1,ampliada
2023-08-01,09015,Cuauhtémoc,CAIDA DE CICLISTA,13,13,0,ampliada
2023-08-01,09015,Cuauhtémoc,CAIDA DE PASAJERO,4,4,0,ampliada
2023-08-01,09015,Cuauhtémoc,CHOQUE,199,235,1,ampliada
2023-08-01,09015,Cuauhtémoc,DERRAPADO,70,74,1,ampliada
2023-08-01,09015,Cuauhtémoc,VOLCADURA,2,1,1,ampliada
2023-08-01,09016,Miguel Hidalgo,ATROPELLADO,22,24,0,ampliada
2023-08-01,09016,Miguel Hidalgo,CAIDA DE CICLISTA,7,7,0,ampliada
2023-08-01,09016,Miguel Hidalgo,CAIDA DE PASAJERO,3,3,0,ampliada
2023-08-01,09016,Miguel Hidalgo,CHOQUE,109,146,0,ampliada
2023-08-01,09016,Miguel Hidalgo,DERRAPADO,42,45,0,ampliada
2023-08-01,09016,Miguel Hidalgo,VOLCADURA,5,6,0,ampliada
2023-08-01,09017,Venustiano Carranza,ATROPELLADO,33,36,1,ampliada
2023-08-01,09017,Venustiano Carranza,CAIDA DE CICLISTA,3,4,0,ampliada
2023-08-01,09017,Venustiano Carranza,CAIDA DE PASAJERO,6,7,0,ampliada
2023-08-01,09017,Venustiano Carranza,CHOQUE,102,137,2,ampliada
2023-08-01,09017,Venustiano Carranza,DERRAPADO,34,38,0,ampliada
2023-08-01,09017,Venustiano Carranza,VOLCADURA,0,0,0,ampliada
2023-09-01,09002,Azcapotzalco,ATROPELLADO,16,18,0,ampliada
2023-09-01,09002,Azcapotzalco,CAIDA DE CICLISTA,5,5,0,ampliada
2023-09-01,09002,Azcapotzalco,CAIDA DE PASAJERO,2,3,0,ampliada
2023-09-01,09002,Azcapotzalco,CHOQUE,118,139,1,ampliada
2023-09-01,09002,Azcapotzalco,DERRAPADO,18,21,0,ampliada
2023-09-01,09002,Azcapotzalco,VOLCADURA,0,0,0,ampliada
2023-09-01,09003,Coyoacán,ATROPELLADO,22,23,0,ampliada
2023-09-01,09003,Coyoacán,CAIDA DE CICLISTA,3,3,0,ampliada
2023-09-01,09003,Coyoacán,CAIDA DE PASAJERO,6,6,0,ampliada
2023-09-01,09003,Coyoacán,CHOQUE,116,136,1,ampliada
2023-09-01,09003,Coyoacán,DERRAPADO,34,36,1,ampliada
2023-09-01,09003,Coyoacán,VOLCADURA,7,6,1,ampliada
2023-09-01,09004,Cuajimalpa de Morelos,ATROPELLADO,4,4,0,ampliada
2023-09-01,09004,Cuajimalpa de Morelos,CAIDA DE CICLISTA,0,0,0,ampliada
2023-09-01,09004,Cuajimalpa de Morelos,CAIDA DE PASAJERO,1,1,0,ampliada
2023-09-01,09004,Cuajimalpa de Morelos,CHOQUE,11,14,0,ampliada
2023-09-01,09004,Cuajimalpa de Morelos,DERRAPADO,4,4,0,ampliada
2023-09-01,09004,Cuajimalpa de Morelos,VOLCADURA,0,0,0,ampliada
2023-09-01,09005,Gustavo A. Madero,ATROPELLADO,39,40,1,ampliada
2023-09-01,09005,Gustavo A. Madero,CAIDA DE CICLISTA,7,7,0,ampliada
2023-09-01,09005,Gustavo A. Madero,CAIDA DE PASAJERO,5,5,0,ampliada
2023-09-01,09005,Gustavo A. Madero,CHOQUE,189,210,2,ampliada
2023-09-01,09005,Gustavo A. Madero,DERRAPADO,45,52,0,ampliada
2023-09-01,09005,Gustavo A. Madero,VOLCADURA,5,7,0,ampliada
2023-09-01,09006,Iztacalco,ATROPELLADO,21,22,0,ampliada
2023-09-01,09006,Iztacalco,CAIDA DE CICLISTA,6,6,0,ampliada
2023-09-01,09006,Iztacalco,CAIDA DE PASAJERO,1,1,0,ampliada
2023-09-01,09006,Iztacalco,CHOQUE,72,83,0,ampliada
2023-09-01,09006,Iztacalco,DERRAPADO,15,15,0,ampliada
2023-09-01,09006,Iztacalco,VOLCADURA,2,2,0,ampliada
2023-09-01,09007,Iztapalapa,ATROPELLADO,52,58,2,ampliada
2023-09-01,09007,Iztapalapa,CAIDA DE CICLISTA,6,6,0,ampliada
2023-09-01,09007,Iztapalapa,CAIDA DE PASAJERO,7,8,0,ampliada
2023-09-01,09007,Iztapalapa,CHOQUE,218,279,2,ampliada
2023-09-01,09007,Iztapalapa,DERRAPADO,62,67,1,ampliada
2023-09-01,09007,Iztapalapa,VOLCADURA,4,6,0,ampliada
2023-09-01,09008,La Magdalena Contreras,ATROPELLADO,5,5,0,ampliada
2023-09-01,09008,La Magdalena Contreras,CAIDA DE CICLISTA,0,0,0,ampliada
2023-09-01,09008,La Magdalena Contreras,CAIDA DE PASAJERO,1,1,0,ampliada
2023-09-01,09008,La Magdalena Contreras,CHOQUE,7,8,0,ampliada
2023-09-01,09008,La Magdalena Contreras,DERRAPADO,7,8,0,ampliada
2023-09-01,09008,La Magdalena Contreras,VOLCADURA,0,0,0,ampliada
2023-09-01,09009,Milpa Alta,ATROPELLADO,4,4,0,ampliada
2023-09-01,09009,Milpa Alta,CAIDA DE CICLISTA,2,2,0,ampliada
2023-09-01,09009,Milpa Alta,CAIDA DE PASAJERO,0,0,0,ampliada
2023-09-01,09009,Milpa Alta,CHOQUE,8,9,0,ampliada
2023-09-01,09009,Milpa Alta,DERRAPADO,3,2,1,ampliada
2023-09-01,09009,Milpa Alta,VOLCADURA,1,3,0,ampliada
2023-09-01,09010,Álvaro Obregón,ATROPELLADO,33,34,1,ampliada
2023-09-01,09010,Álvaro Obregón,CAIDA DE CICLISTA,1,1,0,ampliada
2023-09-01,09010,Álvaro Obregón,CAIDA DE PASAJERO,3,3,0,ampliada
2023-09-01,09010,Álvaro Obregón,CHOQUE,88,107,0,ampliada
2023-09-01,09010,Álvaro Obregón,DERRAPADO,28,30,0,ampliada
2023-09-01,09010,Álvaro Obregón,VOLCADURA,3,3,0,ampliada
2023-09-01,09011,Tláhuac,ATROPELLADO,12,13,0,ampliada
2023-09-01,09011,Tláhuac,CAIDA DE CICLISTA,0,0,0,ampliada
2023-09-01,09011,Tláhuac,CAIDA DE PASAJERO,3,4,0,ampliada
2023-09-01,09011,Tláhuac,CHOQUE,53,72,1,ampliada
2023-09-01,09011,Tláhuac,DERRAPADO,12,12,0,ampliada
2023-09-01,09011,Tláhuac,VOLCADURA,1,2,0,ampliada
2023-09-01,09012,Tlalpan,ATROPELLADO,17,18,0,ampliada
2023-09-01,09012,Tlalpan,CAIDA DE CICLISTA,4,4,0,ampliada
2023-09-01,09012,Tlalpan,CAIDA DE PASAJERO,4,6,0,ampliada
2023-09-01,09012,Tlalpan,CHOQUE,85,104,3,ampliada
2023-09-01,09012,Tlalpan,DERRAPADO,24,29,0,ampliada
2023-09-01,09012,Tlalpan,VOLCADURA,7,7,0,ampliada
2023-09-01,09013,Xochimilco,ATROPELLADO,12,13,0,ampliada
2023-09-01,09013,Xochimilco,CAIDA DE CICLISTA,2,2,0,ampliada
2023-09-01,09013,Xochimilco,CAIDA DE PASAJERO,0,0,0,ampliada
2023-09-01,09013,Xochimilco,CHOQUE,45,59,2,ampliada
2023-09-01,09013,Xochimilco,DERRAPADO,13,14,0,ampliada
2023-09-01,09013,Xochimilco,VOLCADURA,0,0,0,ampliada
2023-09-01,09014,Benito Juárez,ATROPELLADO,25,27,1,ampliada
2023-09-01,09014,Benito Juárez,CAIDA DE CICLISTA,5,5,0,ampliada
2023-09-01,09014,Benito Juárez,CAIDA DE PASAJERO,5,5,0,ampliada
2023-09-01,09014,Benito Juárez,CHOQUE,162,206,1,ampliada
2023-09-01,09014,Benito Juárez,DERRAPADO,19,20,0,ampliada
2023-09-01,09014,Benito Juárez,VOLCADURA,3,3,0,ampliada
2023-09-01,09015,Cuauhtémoc,ATROPELLADO,71,75,0,ampliada
2023-09-01,09015,Cuauhtémoc,CAIDA DE CICLISTA,18,19,0,ampliada
2023-09-01,09015,Cuauhtémoc,CAIDA DE PASAJERO,7,8,0,ampliada
2023-09-01,09015,Cuauhtémoc,CHOQUE,198,242,1,ampliada
2023-09-01,09015,Cuauhtémoc,DERRAPADO,51,55,0,ampliada
2023-09-01,09015,Cuauhtémoc,VOLCADURA,2,2,0,ampliada
2023-09-01,09016,Miguel Hidalgo,ATROPELLADO,18,17,1,ampliada
2023-09-01,09016,Miguel Hidalgo,CAIDA DE CICLISTA,5,5,0,ampliada
2023-09-01,09016,Miguel Hidalgo,CAIDA DE PASAJERO,1,1,0,ampliada
2023-09-01,09016,Miguel Hidalgo,CHOQUE,94,106,0,ampliada
2023-09-01,09016,Miguel Hidalgo,DERRAPADO,34,35,0,ampliada
2023-09-01,09016,Miguel Hidalgo,VOLCADURA,3,3,0,ampliada
2023-09-01,09017,Venustiano Carranza,ATROPELLADO,35,36,1,ampliada
2023-09-01,09017,Venustiano Carranza,CAIDA DE CICLISTA,3,3,0,ampliada
2023-09-01,09017,Venustiano Carranza,CAIDA DE PASAJERO,4,4,0,ampliada
2023-09-01,09017,Venustiano Carranza,CHOQUE,120,151,1,ampliada
2023-09-01,09017,Venustiano Carranza,DERRAPADO,33,36,1,ampliada
2023-09-01,09017,Venustiano Carranza,VOLCADURA,2,3,0,ampliada
2023-10-01,09002,Azcapotzalco,ATROPELLADO,29,32,1,ampliada
2023-10-01,09002,Azcapotzalco,CAIDA DE CICLISTA,0,0,0,ampliada
2023-10-01,09002,Azcapotzalco,CAIDA DE PASAJERO,1,1,0,ampliada
2023-10-01,09002,Azcapotzalco,CHOQUE,82,100,1,ampliada
2023-10-01,09002,Azcapotzalco,DERRAPADO,24,27,0,ampliada
2023-10-01,09002,Azcapotzalco,VOLCADURA,2,4,0,ampliada
2023-10-01,09003,Coyoacán,ATROPELLADO,23,26,0,ampliada
2023-10-01,09003,Coyoacán,CAIDA DE CICLISTA,1,1,0,ampliada
2023-10-01,09003,Coyoacán,CAIDA DE PASAJERO,3,3,0,ampliada
2023-10-01,09003,Coyoacán,CHOQUE,94,107,1,ampliada
2023-10-01,09003,Coyoacán,DERRAPADO,26,28,1,ampliada
2023-10-01,09003,Coyoacán,VOLCADURA,2,3,0,ampliada
2023-10-01,09004,Cuajimalpa de Morelos,ATROPELLADO,1,1,0,ampliada
2023-10-01,09004,Cuajimalpa de Morelos,CAIDA DE CICLISTA,2,2,0,ampliada
2023-10-01,09004,Cuajimalpa de Morelos,CAIDA DE PASAJERO,0,0,0,ampliada
2023-10-01,09004,Cuajimalpa de Morelos,CHOQUE,22,39,0,ampliada
2023-10-01,09004,Cuajimalpa de Morelos,DERRAPADO,8,10,0,ampliada
2023-10-01,09004,Cuajimalpa de Morelos,VOLCADURA,4,4,1,ampliada
2023-10-01,09005,Gustavo A. Madero,ATROPELLADO,58,63,3,ampliada
2023-10-01,09005,Gustavo A. Madero,CAIDA DE CICLISTA,9,11,0,ampliada
2023-10-01,09005,Gustavo A. Madero,CAIDA DE PASAJERO,5,5,0,ampliada
2023-10-01,09005,Gustavo A. Madero,CHOQUE,194,244,1,ampliada
2023-10-01,09005,Gustavo A. Madero,DERRAPADO,55,63,1,ampliada
2023-10-01,09005,Gustavo A. Madero,VOLCADURA,5,6,1,ampliada
2023-10-01,09006,Iztacalco,ATROPELLADO,22,24,0,ampliada
2023-10-01,09006,Iztacalco,CAIDA DE CICLISTA,4,4,0,ampliada
2023-10-01,09006,Iztacalco,CAIDA DE PASAJERO,3,3,0,ampliada
2023-10-01,09006,Iztacalco,CHOQUE,60,77,2,ampliada
2023-10-01,09006,Iztacalco,DERRAPADO,16,21,0,ampliada
2023-10-01,09006,Iztacalco,VOLCADURA,0,0,0,ampliada
2023-10-01,09007,Iztapalapa,ATROPELLADO,67,70,4,ampliada
2023-10-01,09007,Iztapalapa,CAIDA DE CICLISTA,4,4,0,ampliada
2023-10-01,09007,Iztapalapa,CAIDA DE PASAJERO,8,7,1,ampliada
2023-10-01,09007,Iztapalapa,CHOQUE,188,228,0,ampliada
2023-10-01,09007,Iztapalapa,DERRAPADO,58,64,0,ampliada
2023-10-01,09007,Iztapalapa,VOLCADURA,4,4,0,ampliada
2023-10-01,09008,La Magdalena Contreras,ATROPELLADO,1,1,0,ampliada
2023-10-01,09008,La Magdalena Contreras,CAIDA DE CICLISTA,2,2,0,ampliada
2023-10-01,09008,La Magdalena Contreras,CAIDA DE PASAJERO,0,0,0,ampliada
2023-10-01,09008,La Magdalena Contreras,CHOQUE,14,16,0,ampliada
2023-10-01,09008,La Magdalena Contreras,DERRAPADO,6,7,0,ampliada
2023-10-01,09008,La Magdalena Contreras,VOLCADURA,0,0,0,ampliada
2023-10-01,09009,Milpa Alta,ATROPELLADO,2,2,0,ampliada
2023-10-01,09009,Milpa Alta,CAIDA DE CICLISTA,1,1,0,ampliada
2023-10-01,09009,Milpa Alta,CAIDA DE PASAJERO,1,1,0,ampliada
2023-10-01,09009,Milpa Alta,CHOQUE,10,16,2,ampliada
2023-10-01,09009,Milpa Alta,DERRAPADO,10,10,0,ampliada
2023-10-01,09009,Milpa Alta,VOLCADURA,2,3,0,ampliada
2023-10-01,09010,Álvaro Obregón,ATROPELLADO,27,28,0,ampliada
2023-10-01,09010,Álvaro Obregón,CAIDA DE CICLISTA,1,1,0,ampliada
2023-10-01,09010,Álvaro Obregón,CAIDA DE PASAJERO,5,8,0,ampliada
2023-10-01,09010,Álvaro Obregón,CHOQUE,85,110,0,ampliada
2023-10-01,09010,Álvaro Obregón,DERRAPADO,35,36,0,ampliada
2023-10-01,09010,Álvaro Obregón,VOLCADURA,6,6,0,ampliada
2023-10-01,09011,Tláhuac,ATROPELLADO,5,6,0,ampliada
2023-10-01,09011,Tláhuac,CAIDA DE CICLISTA,4,4,0,ampliada
2023-10-01,09011,Tláhuac,CAIDA DE PASAJERO,2,2,0,ampliada
2023-10-01,09011,Tláhuac,CHOQUE,50,57,1,ampliada
2023-10-01,09011,Tláhuac,DERRAPADO,15,16,1,ampliada
2023-10-01,09011,Tláhuac,VOLCADURA,0,0,0,ampliada
2023-10-01,09012,Tlalpan,ATROPELLADO,22,23,2,ampliada
2023-10-01,09012,Tlalpan,CAIDA DE CICLISTA,1,1,0,ampliada
2023-10-01,09012,Tlalpan,CAIDA DE PASAJERO,1,1,0,ampliada
2023-10-01,09012,Tlalpan,CHOQUE,94,129,2,ampliada
2023-10-01,09012,Tlalpan,DERRAPADO,26,27,2,ampliada
2023-10-01,09012,Tlalpan,VOLCADURA,8,10,0,ampliada
2023-10-01,09013,Xochimilco,ATROPELLADO,16,17,1,ampliada
2023-10-01,09013,Xochimilco,CAIDA DE CICLISTA,3,3,0,ampliada
2023-10-01,09013,Xochimilco,CAIDA DE PASAJERO,2,3,0,ampliada
2023-10-01,09013,Xochimilco,CHOQUE,30,36,0,ampliada
2023-10-01,09013,Xochimilco,DERRAPADO,11,11,1,ampliada
2023-10-01,09013,Xochimilco,VOLCADURA,1,2,0,ampliada
2023-10-01,09014,Benito Juárez,ATROPELLADO,30,29,2,ampliada
2023-10-01,09014,Benito Juárez,CAIDA DE CICLISTA,10,11,0,ampliada
2023-10-01,09014,Benito Juárez,CAIDA DE PASAJERO,2,2,0,ampliada
2023-10-01,09014,Benito Juárez,CHOQUE,130,157,0,ampliada
2023-10-01,09014,Benito Juárez,DERRAPADO,25,26,1,ampliada
2023-10-01,09014,Benito Juárez,VOLCADURA,3,4,0,ampliada
2023-10-01,09015,Cuauhtémoc,ATROPELLADO,71,72,1,ampliada
2023-10-01,09015,Cuauhtémoc,CAIDA DE CICLISTA,6,6,0,ampliada
2023-10-01,09015,Cuauhtémoc,CAIDA DE PASAJERO,8,8,0,ampliada
2023-10-01,09015,Cuauhtémoc,CHOQUE,233,279,3,ampliada
2023-10-01,09015,Cuauhtémoc,DERRAPADO,64,72,2,ampliada
2023-10-01,09015,Cuauhtémoc,VOLCADURA,3,5,0,ampliada
2023-10-01,09016,Miguel Hidalgo,ATROPELLADO,29,30,1,ampliada
2023-10-01,09016,Miguel Hidalgo,CAIDA DE CICLISTA,9,9,0,ampliada
2023-10-01,09016,Miguel Hidalgo,CAIDA DE PASAJERO,1,1,0,ampliada
2023-10-01,09016,Miguel Hidalgo,CHOQUE,107,136,3,ampliada
2023-10-01,09016,Miguel Hidalgo,DERRAPADO,30,30,0,ampliada
2023-10-01,09016,Miguel Hidalgo,VOLCADURA,3,3,0,ampliada
2023-10-01,09017,Venustiano Carranza,ATROPELLADO,32,35,0,ampliada
2023-10-01,09017,Venustiano Carranza,CAIDA DE CICLISTA,5,5,0,ampliada
2023-10-01,09017,Venustiano Carranza,CAIDA DE PASAJERO,6,10,0,ampliada
2023-10-01,09017,Venustiano Carranza,CHOQUE,111,131,3,ampliada
2023-10-01,09017,Venustiano Carranza,DERRAPADO,26,28,0,ampliada
2023-10-01,09017,Venustiano Carranza,VOLCADURA,4,4,0,ampliada
2023-11-01,09002,Azcapotzalco,ATROPELLADO,19,19,1,ampliada
2023-11-01,09002,Azcapotzalco,CAIDA DE CICLISTA,1,1,0,ampliada
2023-11-01,09002,Azcapotzalco,CAIDA DE PASAJERO,1,1,0,ampliada
2023-11-01,09002,Azcapotzalco,CHOQUE,79,88,1,ampliada
2023-11-01,09002,Azcapotzalco,DERRAPADO,15,14,2,ampliada
2023-11-01,09002,Azcapotzalco,VOLCADURA,4,6,0,ampliada
2023-11-01,09003,Coyoacán,ATROPELLADO,28,29,1,ampliada
2023-11-01,09003,Coyoacán,CAIDA DE CICLISTA,6,6,0,ampliada
2023-11-01,09003,Coyoacán,CAIDA DE PASAJERO,4,6,0,ampliada
2023-11-01,09003,Coyoacán,CHOQUE,98,113,2,ampliada
2023-11-01,09003,Coyoacán,DERRAPADO,22,25,0,ampliada
2023-11-01,09003,Coyoacán,VOLCADURA,4,5,0,ampliada
2023-11-01,09004,Cuajimalpa de Morelos,ATROPELLADO,9,8,2,ampliada
2023-11-01,09004,Cuajimalpa de Morelos,CAIDA DE CICLISTA,1,1,0,ampliada
2023-11-01,09004,Cuajimalpa de Morelos,CAIDA DE PASAJERO,0,0,0,ampliada
2023-11-01,09004,Cuajimalpa de Morelos,CHOQUE,9,10,0,ampliada
2023-11-01,09004,Cuajimalpa de Morelos,DERRAPADO,10,13,0,ampliada
2023-11-01,09004,Cuajimalpa de Morelos,VOLCADURA,3,3,0,ampliada
2023-11-01,09005,Gustavo A. Madero,ATROPELLADO,44,44,2,ampliada
2023-11-01,09005,Gustavo A. Madero,CAIDA DE CICLISTA,4,4,0,ampliada
2023-11-01,09005,Gustavo A. Madero,CAIDA DE PASAJERO,14,15,0,ampliada
2023-11-01,09005,Gustavo A. Madero,CHOQUE,189,246,2,ampliada
2023-11-01,09005,Gustavo A. Madero,DERRAPADO,59,69,0,ampliada
2023-11-01,09005,Gustavo A. Madero,VOLCADURA,6,8,0,ampliada
2023-11-01,09006,Iztacalco,ATROPELLADO,20,20,0,ampliada
2023-11-01,09006,Iztacalco,CAIDA DE CICLISTA,3,3,0,ampliada
2023-11-01,09006,Iztacalco,CAIDA DE PASAJERO,3,3,0,ampliada
2023-11-01,09006,Iztacalco,CHOQUE,67,84,0,ampliada
2023-11-01,09006,Iztacalco,DERRAPADO,25,26,0,ampliada
2023-11-01,09006,Iztacalco,VOLCADURA,2,3,0,ampliada
2023-11-01,09007,Iztapalapa,ATROPELLADO,78,75,7,ampliada
2023-11-01,09007,Iztapalapa,CAIDA DE CICLISTA,3,3,0,ampliada
2023-11-01,09007,Iztapalapa,CAIDA DE PASAJERO,8,8,0,ampliada
2023-11-01,09007,Iztapalapa,CHOQUE,208,242,7,ampliada
2023-11-01,09007,Iztapalapa,DERRAPADO,56,62,0,ampliada
2023-11-01,09007,Iztapalapa,VOLCADURA,7,8,0,ampliada
2023-11-01,09008,La Magdalena Contreras,ATROPELLADO,6,6,0,ampliada
2023-11-01,09008,La Magdalena Contreras,CAIDA DE CICLISTA,0,0,0,ampliada
2023-11-01,09008,La Magdalena Contreras,CAIDA DE PASAJERO,1,1,0,ampliada
2023-11-01,09008,La Magdalena Contreras,CHOQUE,14,33,1,ampliada
2023-11-01,09008,La Magdalena Contreras,DERRAPADO,3,3,0,ampliada
2023-11-01,09008,La Magdalena Contreras,VOLCADURA,0,0,0,ampliada
2023-11-01,09009,Milpa Alta,ATROPELLADO,3,3,0,ampliada
2023-11-01,09009,Milpa Alta,CAIDA DE CICLISTA,0,0,0,ampliada
2023-11-01,09009,Milpa Alta,CAIDA DE PASAJERO,0,0,0,ampliada
2023-11-01,09009,Milpa Alta,CHOQUE,5,9,0,ampliada
2023-11-01,09009,Milpa Alta,DERRAPADO,3,4,0,ampliada
2023-11-01,09009,Milpa Alta,VOLCADURA,1,1,0,ampliada
2023-11-01,09010,Álvaro Obregón,ATROPELLADO,19,20,1,ampliada
2023-11-01,09010,Álvaro Obregón,CAIDA DE CICLISTA,4,4,0,ampliada
2023-11-01,09010,Álvaro Obregón,CAIDA DE PASAJERO,1,1,0,ampliada
2023-11-01,09010,Álvaro Obregón,CHOQUE,68,83,0,ampliada
2023-11-01,09010,Álvaro Obregón,DERRAPADO,34,37,0,ampliada
2023-11-01,09010,Álvaro Obregón,VOLCADURA,4,4,0,ampliada
2023-11-01,09011,Tláhuac,ATROPELLADO,9,12,0,ampliada
2023-11-01,09011,Tláhuac,CAIDA DE CICLISTA,3,3,0,ampliada
2023-11-01,09011,Tláhuac,CAIDA DE PASAJERO,2,2,0,ampliada
2023-11-01,09011,Tláhuac,CHOQUE,51,63,1,ampliada
2023-11-01,09011,Tláhuac,DERRAPADO,16,18,0,ampliada
2023-11-01,09011,Tláhuac,VOLCADURA,0,0,0,ampliada
2023-11-01,09012,Tlalpan,ATROPELLADO,21,21,1,ampliada
2023-11-01,09012,Tlalpan,CAIDA DE CICLISTA,3,3,0,ampliada
2023-11-01,09012,Tlalpan,CAIDA DE PASAJERO,0,0,0,ampliada
2023-11-01,09012,Tlalpan,CHOQUE,100,123,3,ampliada
2023-11-01,09012,Tlalpan,DERRAPADO,22,23,0,ampliada
2023-11-01,09012,Tlalpan,VOLCADURA,5,5,0,ampliada
2023-11-01,09013,Xochimilco,ATROPELLADO,13,11,3,ampliada
2023-11-01,09013,Xochimilco,CAIDA DE CICLISTA,1,1,0,ampliada
2023-11-01,09013,Xochimilco,CAIDA DE PASAJERO,2,1,1,ampliada
2023-11-01,09013,Xochimilco,CHOQUE,43,57,2,ampliada
2023-11-01,09013,Xochimilco,DERRAPADO,15,15,0,ampliada
2023-11-01,09013,Xochimilco,VOLCADURA,1,2,0,ampliada
2023-11-01,09014,Benito Juárez,ATROPELLADO,28,29,1,ampliada
2023-11-01,09014,Benito Juárez,CAIDA DE CICLISTA,3,3,0,ampliada
2023-11-01,09014,Benito Juárez,CAIDA DE PASAJERO,6,7,0,ampliada
2023-11-01,09014,Benito Juárez,CHOQUE,120,136,3,ampliada
2023-11-01,09014,Benito Juárez,DERRAPADO,15,16,0,ampliada
2023-11-01,09014,Benito Juárez,VOLCADURA,2,5,0,ampliada
2023-11-01,09015,Cuauhtémoc,ATROPELLADO,86,89,0,ampliada
2023-11-01,09015,Cuauhtémoc,CAIDA DE CICLISTA,19,19,0,ampliada
2023-11-01,09015,Cuauhtémoc,CAIDA DE PASAJERO,6,7,0,ampliada
2023-11-01,09015,Cuauhtémoc,CHOQUE,211,237,3,ampliada
2023-11-01,09015,Cuauhtémoc,DERRAPADO,61,65,2,ampliada
2023-11-01,09015,Cuauhtémoc,VOLCADURA,4,5,0,ampliada
2023-11-01,09016,Miguel Hidalgo,ATROPELLADO,23,25,0,ampliada
2023-11-01,09016,Miguel Hidalgo,CAIDA DE CICLISTA,7,7,0,ampliada
2023-11-01,09016,Miguel Hidalgo,CAIDA DE PASAJERO,3,3,0,ampliada
2023-11-01,09016,Miguel Hidalgo,CHOQUE,96,118,0,ampliada
2023-11-01,09016,Miguel Hidalgo,DERRAPADO,21,21,1,ampliada
2023-11-01,09016,Miguel Hidalgo,VOLCADURA,2,2,0,ampliada
2023-11-01,09017,Venustiano Carranza,ATROPELLADO,17,19,0,ampliada
2023-11-01,09017,Venustiano Carranza,CAIDA DE CICLISTA,2,2,0,ampliada
2023-11-01,09017,Venustiano Carranza,CAIDA DE PASAJERO,2,2,0,ampliada
2023-11-01,09017,Venustiano Carranza,CHOQUE,126,160,1,ampliada
2023-11-01,09017,Venustiano Carranza,DERRAPADO,23,23,1,ampliada
2023-11-01,09017,Venustiano Carranza,VOLCADURA,4,4,0,ampliada
2023-12-01,09002,Azcapotzalco,ATROPELLADO,19,19,0,ampliada
2023-12-01,09002,Azcapotzalco,CAIDA DE CICLISTA,3,3,0,ampliada
2023-12-01,09002,Azcapotzalco,CAIDA DE PASAJERO,0,0,0,ampliada
2023-12-01,09002,Azcapotzalco,CHOQUE,57,68,2,ampliada
2023-12-01,09002,Azcapotzalco,DERRAPADO,14,13,1,ampliada
2023-12-01,09002,Azcapotzalco,VOLCADURA,1,2,0,ampliada
2023-12-01,09003,Coyoacán,ATROPELLADO,24,23,2,ampliada
2023-12-01,09003,Coyoacán,CAIDA DE CICLISTA,4,4,0,ampliada
2023-12-01,09003,Coyoacán,CAIDA DE PASAJERO,2,2,0,ampliada
2023-12-01,09003,Coyoacán,CHOQUE,98,114,5,ampliada
2023-12-01,09003,Coyoacán,DERRAPADO,19,19,0,ampliada
2023-12-01,09003,Coyoacán,VOLCADURA,2,2,0,ampliada
2023-12-01,09004,Cuajimalpa de Morelos,ATROPELLADO,5,4,1,ampliada
2023-12-01,09004,Cuajimalpa de Morelos,CAIDA DE CICLISTA,0,0,0,ampliada
2023-12-01,09004,Cuajimalpa de Morelos,CAIDA DE PASAJERO,0,0,0,ampliada
2023-12-01,09004,Cuajimalpa de Morelos,CHOQUE,17,18,1,ampliada
2023-12-01,09004,Cuajimalpa de Morelos,DERRAPADO,14,16,0,ampliada
2023-12-01,09004,Cuajimalpa de Morelos,VOLCADURA,3,7,0,ampliada
2023-12-01,09005,Gustavo A. Madero,ATROPELLADO,49,55,0,ampliada
2023-12-01,09005,Gustavo A. Madero,CAIDA DE CICLISTA,4,4,0,ampliada
2023-12-01,09005,Gustavo A. Madero,CAIDA DE PASAJERO,7,7,0,ampliada
2023-12-01,09005,Gustavo A. Madero,CHOQUE,172,212,5,ampliada
2023-12-01,09005,Gustavo A. Madero,DERRAPADO,63,67,3,ampliada
2023-12-01,09005,Gustavo A. Madero,VOLCADURA,6,6,1,ampliada
2023-12-01,09006,Iztacalco,ATROPELLADO,19,19,2,ampliada
2023-12-01,09006,Iztacalco,CAIDA DE CICLISTA,2,2,0,ampliada
2023-12-01,09006,Iztacalco,CAIDA DE PASAJERO,3,8,0,ampliada
2023-12-01,09006,Iztacalco,CHOQUE,79,103,1,ampliada
2023-12-01,09006,Iztacalco,DERRAPADO,20,25,0,ampliada
2023-12-01,09006,Iztacalco,VOLCADURA,1,2,0,ampliada
2023-12-01,09007,Iztapalapa,ATROPELLADO,61,63,1,ampliada
2023-12-01,09007,Iztapalapa,CAIDA DE CICLISTA,3,3,0,ampliada
2023-12-01,09007,Iztapalapa,CAIDA DE PASAJERO,3,3,0,ampliada
2023-12-01,09007,Iztapalapa,CHOQUE,173,213,9,ampliada
2023-12-01,09007,Iztapalapa,DERRAPADO,64,67,3,ampliada
2023-12-01,09007,Iztapalapa,VOLCADURA,9,14,0,ampliada
2023-12-01,09008,La Magdalena Contreras,ATROPELLADO,7,7,0,ampliada
2023-12-01,09008,La Magdalena Contreras,CAIDA DE CICLISTA,0,0,0,ampliada
2023-12-01,09008,La Magdalena Contreras,CAIDA DE PASAJERO,0,0,0,ampliada
2023-12-01,09008,La Magdalena Contreras,CHOQUE,21,25,0,ampliada
2023-12-01,09008,La Magdalena Contreras,DERRAPADO,11,13,0,ampliada
2023-12-01,09008,La Magdalena Contreras,VOLCADURA,0,0,0,ampliada
2023-12-01,09009,Milpa Alta,ATROPELLADO,6,5,1,ampliada
2023-12-01,09009,Milpa Alta,CAIDA DE CICLISTA,0,0,0,ampliada
2023-12-01,09009,Milpa Alta,CAIDA DE PASAJERO,0,0,0,ampliada
2023-12-01,09009,Milpa Alta,CHOQUE,6,6,0,ampliada
2023-12-01,09009,Milpa Alta,DERRAPADO,3,3,0,ampliada
2023-12-01,09009,Milpa Alta,VOLCADURA,2,4,0,ampliada
2023-12-01,09010,Álvaro Obregón,ATROPELLADO,21,21,1,ampliada
2023-12-01,09010,Álvaro Obregón,CAIDA DE CICLISTA,1,1,0,ampliada
2023-12-01,09010,Álvaro Obregón,CAIDA DE PASAJERO,4,5,0,ampliada
2023-12-01,09010,Álvaro Obregón,CHOQUE,86,109,0,ampliada
2023-12-01,09010,Álvaro Obregón,DERRAPADO,50,56,0,ampliada
2023-12-01,09010,Álvaro Obregón,VOLCADURA,4,5,0,ampliada
2023-12-01,09011,Tláhuac,ATROPELLADO,15,16,0,ampliada
2023-12-01,09011,Tláhuac,CAIDA DE CICLISTA,1,1,0,ampliada
2023-12-01,09011,Tláhuac,CAIDA DE PASAJERO,1,1,0,ampliada
2023-12-01,09011,Tláhuac,CHOQUE,64,74,2,ampliada
2023-12-01,09011,Tláhuac,DERRAPADO,12,12,0,ampliada
2023-12-01,09011,Tláhuac,VOLCADURA,1,4,0,ampliada
2023-12-01,09012,Tlalpan,ATROPELLADO,19,23,0,ampliada
2023-12-01,09012,Tlalpan,CAIDA DE CICLISTA,0,0,0,ampliada
2023-12-01,09012,Tlalpan,CAIDA DE PASAJERO,4,5,0,ampliada
2023-12-01,09012,Tlalpan,CHOQUE,76,90,0,ampliada
2023-12-01,09012,Tlalpan,DERRAPADO,30,32,0,ampliada
2023-12-01,09012,Tlalpan,VOLCADURA,4,6,0,ampliada
2023-12-01,09013,Xochimilco,ATROPELLADO,15,15,0,ampliada
2023-12-01,09013,Xochimilco,CAIDA DE CICLISTA,0,0,0,ampliada
2023-12-01,09013,Xochimilco,CAIDA DE PASAJERO,1,1,0,ampliada
2023-12-01,09013,Xochimilco,CHOQUE,58,83,1,ampliada
2023-12-01,09013,Xochimilco,DERRAPADO,18,18,0,ampliada
2023-12-01,09013,Xochimilco,VOLCADURA,2,2,0,ampliada
2023-12-01,09014,Benito Juárez,ATROPELLADO,34,36,0,ampliada
2023-12-01,09014,Benito Juárez,CAIDA DE CICLISTA,7,7,0,ampliada
2023-12-01,09014,Benito Juárez,CAIDA DE PASAJERO,4,4,0,ampliada
2023-12-01,09014,Benito Juárez,CHOQUE,117,140,3,ampliada
2023-12-01,09014,Benito Juárez,DERRAPADO,23,23,1,ampliada
2023-12-01,09014,Benito Juárez,VOLCADURA,4,6,0,ampliada
2023-12-01,09015,Cuauhtémoc,ATROPELLADO,98,106,0,ampliada
2023-12-01,09015,Cuauhtémoc,CAIDA DE CICLISTA,16,16,0,ampliada
2023-12-01,09015,Cuauhtémoc,CAIDA DE PASAJERO,13,27,0,ampliada
2023-12-01,09015,Cuauhtémoc,CHOQUE,223,288,1,ampliada
2023-12-01,09015,Cuauhtémoc,DERRAPADO,70,80,0,ampliada
2023-12-01,09015,Cuauhtémoc,VOLCADURA,3,3,0,ampliada
2023-12-01,09016,Miguel Hidalgo,ATROPELLADO,18,18,1,ampliada
2023-12-01,09016,Miguel Hidalgo,CAIDA DE CICLISTA,6,6,0,ampliada
2023-12-01,09016,Miguel Hidalgo,CAIDA DE PASAJERO,3,3,0,ampliada
2023-12-01,09016,Miguel Hidalgo,CHOQUE,119,174,0,ampliada
2023-12-01,09016,Miguel Hidalgo,DERRAPADO,28,32,0,ampliada
2023-12-01,09016,Miguel Hidalgo,VOLCADURA,2,3,0,ampliada
2023-12-01,09017,Venustiano Carranza,ATROPELLADO,30,29,2,ampliada
2023-12-01,09017,Venustiano Carranza,CAIDA DE CICLISTA,2,2,0,ampliada
2023-12-01,09017,Venustiano Carranza,CAIDA DE PASAJERO,2,2,0,ampliada
2023-12-01,09017,Venustiano Carranza,CHOQUE,89,116,2,ampliada
2023-12-01,09017,Venustiano Carranza,DERRAPADO,39,40,2,ampliada
2023-12-01,09017,Venustiano Carranza,VOLCADURA,5,6,0,ampliada
2024-01-01,09002,Azcapotzalco,ATROPELLADO,16,17,0,2024
2024-01-01,09002,Azcapotzalco,CAIDA DE CICLISTA,1,1,0,2024
2024-01-01,09002,Azcapotzalco,CAIDA DE PASAJERO,3,3,0,2024
2024-01-01,09002,Azcapotzalco,CHOQUE,73,82,1,2024
2024-01-01,09002,Azcapotzalco,DERRAPADO,25,24,1,2024
2024-01-01,09002,Azcapotzalco,VOLCADURA,4,5,0,2024
2024-01-01,09003,Coyoacán,ATROPELLADO,24,24,1,2024
2024-01-01,09003,Coyoacán,CAIDA DE CICLISTA,2,2,0,2024
2024-01-01,09003,Coyoacán,CAIDA DE PASAJERO,2,3,0,2024
2024-01-01,09003,Coyoacán,CHOQUE,112,143,2,2024
2024-01-01,09003,Coyoacán,DERRAPADO,31,32,1,2024
2024-01-01,09003,Coyoacán,VOLCADURA,2,2,0,2024
2024-01-01,09004,Cuajimalpa de Morelos,ATROPELLADO,8,7,1,2024
2024-01-01,09004,Cuajimalpa de Morelos,CAIDA DE CICLISTA,0,0,0,2024
2024-01-01,09004,Cuajimalpa de Morelos,CAIDA DE PASAJERO,0,0,0,2024
2024-01-01,09004,Cuajimalpa de Morelos,CHOQUE,25,30,0,2024
2024-01-01,09004,Cuajimalpa de Morelos,DERRAPADO,8,11,0,2024
2024-01-01,09004,Cuajimalpa de Morelos,VOLCADURA,2,3,0,2024
2024-01-01,09005,Gustavo A. Madero,ATROPELLADO,53,51,4,2024
2024-01-01,09005,Gustavo A. Madero,CAIDA DE CICLISTA,8,9,0,2024
2024-01-01,09005,Gustavo A. Madero,CAIDA DE PASAJERO,8,10,0,2024
2024-01-01,09005,Gustavo A. Madero,CHOQUE,181,239,2,2024
2024-01-01,09005,Gustavo A. Madero,DERRAPADO,62,67,1,2024
2024-01-01,09005,Gustavo A. Madero,VOLCADURA,2,4,0,2024
2024-01-01,09006,Iztacalco,ATROPELLADO,21,20,1,2024
2024-01-01,09006,Iztacalco,CAIDA DE CICLISTA,2,2,0,2024
2024-01-01,09006,Iztacalco,CAIDA DE PASAJERO,2,2,0,2024
2024-01-01,09006,Iztacalco,CHOQUE,72,87,2,2024
2024-01-01,09006,Iztacalco,DERRAPADO,26,31,0,2024
2024-01-01,09006,Iztacalco,VOLCADURA,0,0,0,2024
2024-01-01,09007,Iztapalapa,ATROPELLADO,57,59,4,2024
2024-01-01,09007,Iztapalapa,CAIDA DE CICLISTA,4,5,0,2024
2024-01-01,09007,Iztapalapa,CAIDA DE PASAJERO,6,6,0,2024
2024-01-01,09007,Iztapalapa,CHOQUE,183,235,4,2024
2024-01-01,09007,Iztapalapa,DERRAPADO,72,82,2,2024
2024-01-01,09007,Iztapalapa,VOLCADURA,3,4,0,2024
2024-01-01,09008,La Magdalena Contreras,ATROPELLADO,9,11,0,2024
2024-01-01,09008,La Magdalena Contreras,CAIDA DE CICLISTA,1,1,0,2024
2024-01-01,09008,La Magdalena Contreras,CAIDA DE PASAJERO,0,0,0,2024
2024-01-01,09008,La Magdalena Contreras,CHOQUE,25,29,1,2024
2024-01-01,09008,La Magdalena Contreras,DERRAPADO,7,8,0,2024
2024-01-01,09008,La Magdalena Contreras,VOLCADURA,1,1,0,2024
2024-01-01,09009,Milpa Alta,ATROPELLADO,2,2,0,2024
2024-01-01,09009,Milpa Alta,CAIDA DE CICLISTA,0,0,0,2024
2024-01-01,09009,Milpa Alta,CAIDA DE PASAJERO,0,0,0,2024
2024-01-01,09009,Milpa Alta,CHOQUE,12,18,0,2024
2024-01-01,09009,Milpa Alta,DERRAPADO,4,4,0,2024
2024-01-01,09009,Milpa Alta,VOLCADURA,0,0,0,2024
2024-01-01,09010,Álvaro Obregón,ATROPELLADO,22,25,1,2024
2024-01-01,09010,Álvaro Obregón,CAIDA DE CICLISTA,1,1,0,2024
2024-01-01,09010,Álvaro Obregón,CAIDA DE PASAJERO,3,3,0,2024
2024-01-01,09010,Álvaro Obregón,CHOQUE,97,116,1,2024
2024-01-01,09010,Álvaro Obregón,DERRAPADO,50,61,0,2024
2024-01-01,09010,Álvaro Obregón,VOLCADURA,3,6,0,2024
2024-01-01,09011,Tláhuac,ATROPELLADO,13,13,0,2024
2024-01-01,09011,Tláhuac,CAIDA DE CICLISTA,2,2,0,2024
2024-01-01,09011,Tláhuac,CAIDA DE PASAJERO,2,2,0,2024
2024-01-01,09011,Tláhuac,CHOQUE,49,61,1,2024
2024-01-01,09011,Tláhuac,DERRAPADO,25,28,0,2024
2024-01-01,09011,Tláhuac,VOLCADURA,1,1,0,2024
2024-01-01,09012,Tlalpan,ATROPELLADO,14,14,1,2024
2024-01-01,09012,Tlalpan,CAIDA DE CICLISTA,1,1,0,2024
2024-01-01,09012,Tlalpan,CAIDA DE PASAJERO,1,0,1,2024
2024-01-01,09012,Tlalpan,CHOQUE,105,126,0,2024
2024-01-01,09012,Tlalpan,DERRAPADO,40,42,1,2024
2024-01-01,09012,Tlalpan,VOLCADURA,4,9,0,2024
2024-01-01,09013,Xochimilco,ATROPELLADO,14,12,2,2024
2024-01-01,09013,Xochimilco,CAIDA DE CICLISTA,1,1,0,2024
2024-01-01,09013,Xochimilco,CAIDA DE PASAJERO,0,0,0,2024
2024-01-01,09013,Xochimilco,CHOQUE,39,51,0,2024
2024-01-01,09013,Xochimilco,DERRAPADO,18,19,0,2024
2024-01-01,09013,Xochimilco,VOLCADURA,2,2,0,2024
2024-01-01,09014,Benito Juárez,ATROPELLADO,28,29,0,2024
2024-01-01,09014,Benito Juárez,CAIDA DE CICLISTA,4,4,0,2024
2024-01-01,09014,Benito Juárez,CAIDA DE PASAJERO,1,1,0,2024
2024-01-01,09014,Benito Juárez,CHOQUE,129,156,2,2024
2024-01-01,09014,Benito Juárez,DERRAPADO,21,22,0,2024
2024-01-01,09014,Benito Juárez,VOLCADURA,0,0,0,2024
2024-01-01,09015,Cuauhtémoc,ATROPELLADO,67,68,2,2024
2024-01-01,09015,Cuauhtémoc,CAIDA DE CICLISTA,18,20,0,2024
2024-01-01,09015,Cuauhtémoc,CAIDA DE PASAJERO,9,10,0,2024
2024-01-01,09015,Cuauhtémoc,CHOQUE,215,256,1,2024
2024-01-01,09015,Cuauhtémoc,DERRAPADO,70,82,0,2024
2024-01-01,09015,Cuauhtémoc,VOLCADURA,3,3,0,2024
2024-01-01,09016,Miguel Hidalgo,ATROPELLADO,29,34,2,2024
2024-01-01,09016,Miguel Hidalgo,CAIDA DE CICLISTA,8,8,0,2024
2024-01-01,09016,Miguel Hidalgo,CAIDA DE PASAJERO,5,5,0,2024
2024-01-01,09016,Miguel Hidalgo,CHOQUE,100,111,0,2024
2024-01-01,09016,Miguel Hidalgo,DERRAPADO,31,37,0,2024
2024-01-01,09016,Miguel Hidalgo,VOLCADURA,2,2,0,2024
2024-01-01,09017,Venustiano Carranza,ATROPELLADO,23,24,0,2024
2024-01-01,09017,Venustiano Carranza,CAIDA DE CICLISTA,0,0,0,2024
2024-01-01,09017,Venustiano Carranza,CAIDA DE PASAJERO,6,6,0,2024
2024-01-01,09017,Venustiano Carranza,CHOQUE,109,135,1,2024
2024-01-01,09017,Venustiano Carranza,DERRAPADO,29,30,1,2024
2024-01-01,09017,Venustiano Carranza,VOLCADURA,3,3,1,2024
2024-02-01,09002,Azcapotzalco,ATROPELLADO,22,30,1,2024
2024-02-01,09002,Azcapotzalco,CAIDA DE CICLISTA,4,4,0,2024
2024-02-01,09002,Azcapotzalco,CAIDA DE PASAJERO,1,1,0,2024
2024-02-01,09002,Azcapotzalco,CHOQUE,77,93,1,2024
2024-02-01,09002,Azcapotzalco,DERRAPADO,26,29,0,2024
2024-02-01,09002,Azcapotzalco,VOLCADURA,2,2,0,2024
2024-02-01,09003,Coyoacán,ATROPELLADO,24,23,2,2024
2024-02-01,09003,Coyoacán,CAIDA DE CICLISTA,4,4,0,2024
2024-02-01,09003,Coyoacán,CAIDA DE PASAJERO,1,1,0,2024
2024-02-01,09003,Coyoacán,CHOQUE,118,141,4,2024
2024-02-01,09003,Coyoacán,DERRAPADO,34,38,0,2024
2024-02-01,09003,Coyoacán,VOLCADURA,2,2,0,2024
2024-02-01,09004,Cuajimalpa de Morelos,ATROPELLADO,5,5,0,2024
2024-02-01,09004,Cuajimalpa de Morelos,CAIDA DE CICLISTA,0,0,0,2024
2024-02-01,09004,Cuajimalpa de Morelos,CAIDA DE PASAJERO,0,0,0,2024
2024-02-01,09004,Cuajimalpa de Morelos,CHOQUE,16,18,1,2024
2024-02-01,09004,Cuajimalpa de Morelos,DERRAPADO,12,15,0,2024
2024-02-01,09004,Cuajimalpa de Morelos,VOLCADURA,0,0,0,2024
2024-02-01,09005,Gustavo A. Madero,ATROPELLADO,50,55,2,2024
2024-02-01,09005,Gustavo A. Madero,CAIDA DE CICLISTA,3,3,0,2024
2024-02-01,09005,Gustavo A. Madero,CAIDA DE PASAJERO,12,17,0,2024
2024-02-01,09005,Gustavo A. Madero,CHOQUE,197,255,1,2024
2024-02-01,09005,Gustavo A. Madero,DERRAPADO,69,78,3,2024
2024-02-01,09005,Gustavo A. Madero,VOLCADURA,10,17,1,2024
2024-02-01,09006,Iztacalco,ATROPELLADO,17,18,0,2024
2024-02-01,09006,Iztacalco,CAIDA DE CICLISTA,0,0,0,2024
2024-02-01,09006,Iztacalco,CAIDA DE PASAJERO,5,5,0,2024
2024-02-01,09006,Iztacalco,CHOQUE,77,98,0,2024
2024-02-01,09006,Iztacalco,DERRAPADO,20,21,0,2024
2024-02-01,09006,Iztacalco,VOLCADURA,1,6,0,2024
2024-02-01,09007,Iztapalapa,ATROPELLADO,53,59,3,2024
2024-02-01,09007,Iztapalapa,CAIDA DE CICLISTA,8,8,0,2024
2024-02-01,09007,Iztapalapa,CAIDA DE PASAJERO,6,10,0,2024
2024-02-01,09007,Iztapalapa,CHOQUE,179,220,4,2024
2024-02-01,09007,Iztapalapa,DERRAPADO,56,63,1,2024
2024-02-01,09007,Iztapalapa,VOLCADURA,7,11,0,2024
2024-02-01,09008,La Magdalena Contreras,ATROPELLADO,6,6,0,2024
2024-02-01,09008,La Magdalena Contreras,CAIDA DE CICLISTA,2,2,0,2024
2024-02-01,09008,La Magdalena Contreras,CAIDA DE PASAJERO,0,0,0,2024
2024-02-01,09008,La Magdalena Contreras,CHOQUE,22,25,4,2024
2024-02-01,09008,La Magdalena Contreras,DERRAPADO,10,10,0,2024
2024-02-01,09008,La Magdalena Contreras,VOLCADURA,0,0,0,2024
2024-02-01,09009,Milpa Alta,ATROPELLADO,2,2,0,2024
2024-02-01,09009,Milpa Alta,CAIDA DE CICLISTA,0,0,0,2024
2024-02-01,09009,Milpa Alta,CAIDA DE PASAJERO,0,0,0,2024
2024-02-01,09009,Milpa Alta,CHOQUE,5,5,0,2024
2024-02-01,09009,Milpa Alta,DERRAPADO,5,5,0,2024
2024-02-01,09009,Milpa Alta,VOLCADURA,2,6,0,2024
2024-02-01,09010,Álvaro Obregón,ATROPELLADO,27,28,0,2024
2024-02-01,09010,Álvaro Obregón,CAIDA DE CICLISTA,2,2,0,2024
2024-02-01,09010,Álvaro Obregón,CAIDA DE PASAJERO,3,3,0,2024
2024-02-01,09010,Álvaro Obregón,CHOQUE,107,129,2,2024
2024-02-01,09010,Álvaro Obregón,DERRAPADO,35,36,0,2024
2024-02-01,09010,Álvaro Obregón,VOLCADURA,2,2,0,2024
2024-02-01,09011,Tláhuac,ATROPELLADO,11,12,1,2024
2024-02-01,09011,Tláhuac,CAIDA DE CICLISTA,0,0,0,2024
2024-02-01,09011,Tláhuac,CAIDA DE PASAJERO,0,0,0,2024
2024-02-01,09011,Tláhuac,CHOQUE,66,84,0,2024
2024-02-01,09011,Tláhuac,DERRAPADO,24,24,0,2024
2024-02-01,09011,Tláhuac,VOLCADURA,1,1,0,2024
2024-02-01,09012,Tlalpan,ATROPELLADO,23,25,0,2024
2024-02-01,09012,Tlalpan,CAIDA DE CICLISTA,3,3,0,2024
2024-02-01,09012,Tlalpan,CAIDA DE PASAJERO,2,2,0,2024
2024-02-01,09012,Tlalpan,CHOQUE,92,99,3,2024
2024-02-01,09012,Tlalpan,DERRAPADO,28,32,2,2024
2024-02-01,09012,Tlalpan,VOLCADURA,5,8,0,2024
2024-02-01,09013,Xochimilco,ATROPELLADO,17,24,0,2024
2024-02-01,09013,Xochimilco,CAIDA DE CICLISTA,2,2,0,2024
2024-02-01,09013,Xochimilco,CAIDA DE PASAJERO,2,3,0,2024
2024-02-01,09013,Xochimilco,CHOQUE,51,67,3,2024
2024-02-01,09013,Xochimilco,DERRAPADO,23,25,1,2024
2024-02-01,09013,Xochimilco,VOLCADURA,0,0,0,2024
2024-02-01,09014,Benito Juárez,ATROPELLADO,25,25,0,2024
2024-02-01,09014,Benito Juárez,CAIDA DE CICLISTA,5,5,0,2024
2024-02-01,09014,Benito Juárez,CAIDA DE PASAJERO,4,4,0,2024
2024-02-01,09014,Benito Juárez,CHOQUE,114,139,0,2024
2024-02-01,09014,Benito Juárez,DERRAPADO,17,18,0,2024
2024-02-01,09014,Benito Juárez,VOLCADURA,1,1,0,2024
2024-02-01,09015,Cuauhtémoc,ATROPELLADO,86,91,0,2024
2024-02-01,09015,Cuauhtémoc,CAIDA DE CICLISTA,9,9,0,2024
2024-02-01,09015,Cuauhtémoc,CAIDA DE PASAJERO,6,7,0,2024
2024-02-01,09015,Cuauhtémoc,CHOQUE,235,288,0,2024
2024-02-01,09015,Cuauhtémoc,DERRAPADO,48,53,0,2024
2024-02-01,09015,Cuauhtémoc,VOLCADURA,3,3,0,2024
2024-02-01,09016,Miguel Hidalgo,ATROPELLADO,32,35,0,2024
2024-02-01,09016,Miguel Hidalgo,CAIDA DE CICLISTA,7,7,0,2024
2024-02-01,09016,Miguel Hidalgo,CAIDA DE PASAJERO,3,4,0,2024
2024-02-01,09016,Miguel Hidalgo,CHOQUE,113,132,0,2024
2024-02-01,09016,Miguel Hidalgo,DERRAPADO,33,37,1,2024
2024-02-01,09016,Miguel Hidalgo,VOLCADURA,4,6,0,2024
2024-02-01,09017,Venustiano Carranza,ATROPELLADO,30,32,0,2024
2024-02-01,09017,Venustiano Carranza,CAIDA DE CICLISTA,4,4,0,2024
2024-02-01,09017,Venustiano Carranza,CAIDA DE PASAJERO,1,1,0,2024
2024-02-01,09017,Venustiano Carranza,CHOQUE,122,158,1,2024
2024-02-01,09017,Venustiano Carranza,DERRAPADO,29,32,0,2024
2024-02-01,09017,Venustiano Carranza,VOLCADURA,3,3,0,2024
2024-03-01,09002,Azcapotzalco,ATROPELLADO,17,22,1,2024
2024-03-01,09002,Azcapotzalco,CAIDA DE CICLISTA,9,9,0,2024
2024-03-01,09002,Azcapotzalco,CAIDA DE PASAJERO,3,8,0,2024
2024-03-01,09002,Azcapotzalco,CHOQUE,83,102,1,2024
2024-03-01,09002,Azcapotzalco,DERRAPADO,15,16,0,2024
2024-03-01,09002,Azcapotzalco,VOLCADURA,1,3,0,2024
2024-03-01,09003,Coyoacán,ATROPELLADO,18,20,0,2024
2024-03-01,09003,Coyoacán,CAIDA DE CICLISTA,5,5,0,2024
2024-03-01,09003,Coyoacán,CAIDA DE PASAJERO,5,5,0,2024
2024-03-01,09003,Coyoacán,CHOQUE,107,125,2,2024
2024-03-01,09003,Coyoacán,DERRAPADO,45,53,1,2024
2024-03-01,09003,Coyoacán,VOLCADURA,2,3,0,2024
2024-03-01,09004,Cuajimalpa de Morelos,ATROPELLADO,4,4,0,2024
2024-03-01,09004,Cuajimalpa de Morelos,CAIDA DE CICLISTA,1,1,0,2024
2024-03-01,09004,Cuajimalpa de Morelos,CAIDA DE PASAJERO,0,0,0,2024
2024-03-01,09004,Cuajimalpa de Morelos,CHOQUE,19,19,0,2024
2024-03-01,09004,Cuajimalpa de Morelos,DERRAPADO,6,7,0,2024
2024-03-01,09004,Cuajimalpa de Morelos,VOLCADURA,1,1,0,2024
2024-03-01,09005,Gustavo A. Madero,ATROPELLADO,41,44,1,2024
2024-03-01,09005,Gustavo A. Madero,CAIDA DE CICLISTA,8,8,0,2024
2024-03-01,09005,Gustavo A. Madero,CAIDA DE PASAJERO,5,5,0,2024
2024-03-01,09005,Gustavo A. Madero,CHOQUE,210,266,0,2024
2024-03-01,09005,Gustavo A. Madero,DERRAPADO,64,71,0,2024
2024-03-01,09005,Gustavo A. Madero,VOLCADURA,5,7,1,2024
2024-03-01,09006,Iztacalco,ATROPELLADO,27,31,1,2024
2024-03-01,09006,Iztacalco,CAIDA DE CICLISTA,2,2,0,2024
2024-03-01,09006,Iztacalco,CAIDA DE PASAJERO,3,3,0,2024
2024-03-01,09006,Iztacalco,CHOQUE,59,76,0,2024
2024-03-01,09006,Iztacalco,DERRAPADO,26,29,0,2024
2024-03-01,09006,Iztacalco,VOLCADURA,2,2,0,2024
2024-03-01,09007,Iztapalapa,ATROPELLADO,60,62,6,2024
2024-03-01,09007,Iztapalapa,CAIDA DE CICLISTA,8,9,0,2024
2024-03-01,09007,Iztapalapa,CAIDA DE PASAJERO,3,3,0,2024
2024-03-01,09007,Iztapalapa,CHOQUE,205,251,8,2024
2024-03-01,09007,Iztapalapa,DERRAPADO,55,56,1,2024
2024-03-01,09007,Iztapalapa,VOLCADURA,6,6,0,2024
2024-03-01,09008,La Magdalena Contreras,ATROPELLADO,7,7,0,2024
2024-03-01,09008,La Magdalena Contreras,CAIDA DE CICLISTA,1,1,0,2024
2024-03-01,09008,La Magdalena Contreras,CAIDA DE PASAJERO,1,1,0,2024
2024-03-01,09008,La Magdalena Contreras,CHOQUE,21,23,0,2024
2024-03-01,09008,La Magdalena Contreras,DERRAPADO,10,12,0,2024
2024-03-01,09008,La Magdalena Contreras,VOLCADURA,0,0,0,2024
2024-03-01,09009,Milpa Alta,ATROPELLADO,3,5,0,2024
2024-03-01,09009,Milpa Alta,CAIDA DE CICLISTA,0,0,0,2024
2024-03-01,09009,Milpa Alta,CAIDA DE PASAJERO,0,0,0,2024
2024-03-01,09009,Milpa Alta,CHOQUE,9,12,0,2024
2024-03-01,09009,Milpa Alta,DERRAPADO,6,8,0,2024
2024-03-01,09009,Milpa Alta,VOLCADURA,1,1,0,2024
2024-03-01,09010,Álvaro Obregón,ATROPELLADO,23,27,0,2024
2024-03-01,09010,Álvaro Obregón,CAIDA DE CICLISTA,6,7,0,2024
2024-03-01,09010,Álvaro Obregón,CAIDA DE PASAJERO,2,2,0,2024
2024-03-01,09010,Álvaro Obregón,CHOQUE,97,111,3,2024
2024-03-01,09010,Álvaro Obregón,DERRAPADO,39,43,0,2024
2024-03-01,09010,Álvaro Obregón,VOLCADURA,3,3,0,2024
2024-03-01,09011,Tláhuac,ATROPELLADO,12,13,0,2024
2024-03-01,09011,Tláhuac,CAIDA DE CICLISTA,1,2,0,2024
2024-03-01,09011,Tláhuac,CAIDA DE PASAJERO,0,0,0,2024
2024-03-01,09011,Tláhuac,CHOQUE,58,71,1,2024
2024-03-01,09011,Tláhuac,DERRAPADO,25,27,0,2024
2024-03-01,09011,Tláhuac,VOLCADURA,0,0,0,2024
2024-03-01,09012,Tlalpan,ATROPELLADO,17,20,0,2024
2024-03-01,09012,Tlalpan,CAIDA DE CICLISTA,6,6,0,2024
2024-03-01,09012,Tlalpan,CAIDA DE PASAJERO,2,2,0,2024
2024-03-01,09012,Tlalpan,CHOQUE,95,110,1,2024
2024-03-01,09012,Tlalpan,DERRAPADO,22,24,0,2024
2024-03-01,09012,Tlalpan,VOLCADURA,3,4,0,2024
2024-03-01,09013,Xochimilco,ATROPELLADO,13,14,0,2024
2024-03-01,09013,Xochimilco,CAIDA DE CICLISTA,1,1,0,2024
2024-03-01,09013,Xochimilco,CAIDA DE PASAJERO,0,0,0,2024
2024-03-01,09013,Xochimilco,CHOQUE,42,52,0,2024
2024-03-01,09013,Xochimilco,DERRAPADO,19,19,0,2024
2024-03-01,09013,Xochimilco,VOLCADURA,3,4,0,2024
2024-03-01,09014,Benito Juárez,ATROPELLADO,26,25,1,2024
2024-03-01,09014,Benito Juárez,CAIDA DE CICLISTA,9,9,0,2024
2024-03-01,09014,Benito Juárez,CAIDA DE PASAJERO,4,4,0,2024
2024-03-01,09014,Benito Juárez,CHOQUE,110,135,0,2024
2024-03-01,09014,Benito Juárez,DERRAPADO,26,25,1,2024
2024-03-01,09014,Benito Juárez,VOLCADURA,4,4,0,2024
2024-03-01,09015,Cuauhtémoc,ATROPELLADO,89,95,3,2024
2024-03-01,09015,Cuauhtémoc,CAIDA DE CICLISTA,14,14,0,2024
2024-03-01,09015,Cuauhtémoc,CAIDA DE PASAJERO,11,11,0,2024
2024-03-01,09015,Cuauhtémoc,CHOQUE,203,245,0,2024
2024-03-01,09015,Cuauhtémoc,DERRAPADO,71,87,0,2024
2024-03-01,09015,Cuauhtémoc,VOLCADURA,2,4,0,2024
2024-03-01,09016,Miguel Hidalgo,ATROPELLADO,17,18,0,2024
2024-03-01,09016,Miguel Hidalgo,CAIDA DE CICLISTA,8,8,0,2024
2024-03-01,09016,Miguel Hidalgo,CAIDA DE PASAJERO,2,2,0,2024
2024-03-01,09016,Miguel Hidalgo,CHOQUE,118,134,0,2024
2024-03-01,09016,Miguel Hidalgo,DERRAPADO,29,30,2,2024
2024-03-01,09016,Miguel Hidalgo,VOLCADURA,5,6,0,2024
2024-03-01,09017,Venustiano Carranza,ATROPELLADO,28,27,1,2024
2024-03-01,09017,Venustiano Carranza,CAIDA DE CICLISTA,7,7,0,2024
2024-03-01,09017,Venustiano Carranza,CAIDA DE PASAJERO,5,5,0,2024
2024-03-01,09017,Venustiano Carranza,CHOQUE,113,161,0,2024
2024-03-01,09017,Venustiano Carranza,DERRAPADO,49,54,1,2024
2024-03-01,09017,Venustiano Carranza,VOLCADURA,5,5,0,2024
2024-04-01,09002,Azcapotzalco,ATROPELLADO,16,17,0,2024
2024-04-01,09002,Azcapotzalco,CAIDA DE CICLISTA,4,4,0,2024
2024-04-01,09002,Azcapotzalco,CAIDA DE PASAJERO,3,7,0,2024
2024-04-01,09002,Azcapotzalco,CHOQUE,84,119,2,2024
2024-04-01,09002,Azcapotzalco,DERRAPADO,21,23,0,2024
2024-04-01,09002,Azcapotzalco,VOLCADURA,1,2,0,2024
2024-04-01,09003,Coyoacán,ATROPELLADO,33,35,0,2024
2024-04-01,09003,Coyoacán,CAIDA DE CICLISTA,1,2,0,2024
2024-04-01,09003,Coyoacán,CAIDA DE PASAJERO,3,5,0,2024
2024-04-01,09003,Coyoacán,CHOQUE,100,133,2,2024
2024-04-01,09003,Coyoacán,DERRAPADO,41,45,0,2024
2024-04-01,09003,Coyoacán,VOLCADURA,3,3,0,2024
2024-04-01,09004,Cuajimalpa de Morelos,ATROPELLADO,7,7,0,2024
2024-04-01,09004,Cuajimalpa de Morelos,CAIDA DE CICLISTA,0,0,0,2024
2024-04-01,09004,Cuajimalpa de Morelos,CAIDA DE PASAJERO,0,0,0,2024
2024-04-01,09004,Cuajimalpa de Morelos,CHOQUE,13,18,1,2024
2024-04-01,09004,Cuajimalpa de Morelos,DERRAPADO,10,12,0,2024
2024-04-01,09004,Cuajimalpa de Morelos,VOLCADURA,2,3,0,2024
2024-04-01,09005,Gustavo A. Madero,ATROPELLADO,46,44,4,2024
2024-04-01,09005,Gustavo A. Madero,CAIDA DE CICLISTA,5,5,0,2024
2024-04-01,09005,Gustavo A. Madero,CAIDA DE PASAJERO,4,21,0,2024
2024-04-01,09005,Gustavo A. Madero,CHOQUE,172,239,0,2024
2024-04-01,09005,Gustavo A. Madero,DERRAPADO,63,70,1,2024
2024-04-01,09005,Gustavo A. Madero,VOLCADURA,6,6,0,2024
2024-04-01,09006,Iztacalco,ATROPELLADO,23,24,0,2024
2024-04-01,09006,Iztacalco,CAIDA DE CICLISTA,0,0,0,2024
2024-04-01,09006,Iztacalco,CAIDA DE PASAJERO,2,2,0,2024
2024-04-01,09006,Iztacalco,CHOQUE,67,96,1,2024
2024-04-01,09006,Iztacalco,DERRAPADO,28,32,1,2024
2024-04-01,09006,Iztacalco,VOLCADURA,1,1,0,2024
2024-04-01,09007,Iztapalapa,ATROPELLADO,62,64,1,2024
2024-04-01,09007,Iztapalapa,CAIDA DE CICLISTA,2,2,0,2024
2024-04-01,09007,Iztapalapa,CAIDA DE PASAJERO,7,8,0,2024
2024-04-01,09007,Iztapalapa,CHOQUE,181,233,6,2024
2024-04-01,09007,Iztapalapa,DERRAPADO,49,52,1,2024
2024-04-01,09007,Iztapalapa,VOLCADURA,9,15,0,2024
2024-04-01,09008,La Magdalena Contreras,ATROPELLADO,3,3,0,2024
2024-04-01,09008,La Magdalena Contreras,CAIDA DE CICLISTA,0,0,0,2024
2024-04-01,09008,La Magdalena Contreras,CAIDA DE PASAJERO,0,0,0,2024
2024-04-01,09008,La Magdalena Contreras,CHOQUE,16,16,0,2024
2024-04-01,09008,La Magdalena Contreras,DERRAPADO,3,3,0,2024
2024-04-01,09008,La Magdalena Contreras,VOLCADURA,2,3,0,2024
2024-04-01,09009,Milpa Alta,ATROPELLADO,2,2,0,2024
2024-04-01,09009,Milpa Alta,CAIDA DE CICLISTA,1,1,0,2024
2024-04-01,09009,Milpa Alta,CAIDA DE PASAJERO,0,0,0,2024
2024-04-01,09009,Milpa Alta,CHOQUE,5,7,0,2024
2024-04-01,09009,Milpa Alta,DERRAPADO,4,6,0,2024
2024-04-01,09009,Milpa Alta,VOLCADURA,1,1,0,2024
2024-04-01,09010,Álvaro Obregón,ATROPELLADO,25,22,3,2024
2024-04-01,09010,Álvaro Obregón,CAIDA DE CICLISTA,2,2,0,2024
2024-04-01,09010,Álvaro Obregón,CAIDA DE PASAJERO,5,5,0,2024
2024-04-01,09010,Álvaro Obregón,CHOQUE,88,111,1,2024
2024-04-01,09010,Álvaro Obregón,DERRAPADO,44,45,4,2024
2024-04-01,09010,Álvaro Obregón,VOLCADURA,1,1,0,2024
2024-04-01,09011,Tláhuac,ATROPELLADO,17,16,1,2024
2024-04-01,09011,Tláhuac,CAIDA DE CICLISTA,0,0,0,2024
2024-04-01,09011,Tláhuac,CAIDA DE PASAJERO,2,2,0,2024
2024-04-01,09011,Tláhuac,CHOQUE,48,64,0,2024
2024-04-01,09011,Tláhuac,DERRAPADO,19,21,0,2024
2024-04-01,09011,Tláhuac,VOLCADURA,1,1,0,2024
2024-04-01,09012,Tlalpan,ATROPELLADO,15,16,0,2024
2024-04-01,09012,Tlalpan,CAIDA DE CICLISTA,1,1,0,2024
2024-04-01,09012,Tlalpan,CAIDA DE PASAJERO,3,4,0,2024
2024-04-01,09012,Tlalpan,CHOQUE,73,91,2,2024
2024-04-01,09012,Tlalpan,DERRAPADO,41,45,0,2024
2024-04-01,09012,Tlalpan,VOLCADURA,5,8,0,2024
2024-04-01,09013,Xochimilco,ATROPELLADO,16,16,1,2024
2024-04-01,09013,Xochimilco,CAIDA DE CICLISTA,2,2,0,2024
2024-04-01,09013,Xochimilco,CAIDA DE PASAJERO,0,0,0,2024
2024-04-01,09013,Xochimilco,CHOQUE,50,60,0,2024
2024-04-01,09013,Xochimilco,DERRAPADO,23,30,0,2024
2024-04-01,09013,Xochimilco,VOLCADURA,2,3,0,2024
2024-04-01,09014,Benito Juárez,ATROPELLADO,31,31,1,2024
2024-04-01,09014,Benito Juárez,CAIDA DE CICLISTA,11,11,0,2024
2024-04-01,09014,Benito Juárez,CAIDA DE PASAJERO,6,6,0,2024
2024-04-01,09014,Benito Juárez,CHOQUE,124,149,1,2024
2024-04-01,09014,Benito Juárez,DERRAPADO,30,33,0,2024
2024-04-01,09014,Benito Juárez,VOLCADURA,4,4,0,2024
2024-04-01,09015,Cuauhtémoc,ATROPELLADO,60,68,1,2024
2024-04-01,09015,Cuauhtémoc,CAIDA DE CICLISTA,23,24,0,2024
2024-04-01,09015,Cuauhtémoc,CAIDA DE PASAJERO,7,7,0,2024
2024-04-01,09015,Cuauhtémoc,CHOQUE,219,279,2,2024
2024-04-01,09015,Cuauhtémoc,DERRAPADO,56,62,0,2024
2024-04-01,09015,Cuauhtémoc,VOLCADURA,2,5,0,2024
2024-04-01,09016,Miguel Hidalgo,ATROPELLADO,14,15,1,2024
2024-04-01,09016,Miguel Hidalgo,CAIDA DE CICLISTA,11,11,0,2024
2024-04-01,09016,Miguel Hidalgo,CAIDA DE PASAJERO,3,3,0,2024
2024-04-01,09016,Miguel Hidalgo,CHOQUE,125,160,2,2024
2024-04-01,09016,Miguel Hidalgo,DERRAPADO,44,46,0,2024
2024-04-01,09016,Miguel Hidalgo,VOLCADURA,4,4,0,2024
2024-04-01,09017,Venustiano Carranza,ATROPELLADO,22,24,1,2024
2024-04-01,09017,Venustiano Carranza,CAIDA DE CICLISTA,5,5,0,2024
2024-04-01,09017,Venustiano Carranza,CAIDA DE PASAJERO,8,8,0,2024
2024-04-01,09017,Venustiano Carranza,CHOQUE,112,157,3,2024
2024-04-01,09017,Venustiano Carranza,DERRAPADO,40,43,2,2024
2024-04-01,09017,Venustiano Carranza,VOLCADURA,4,4,0,2024
2024-05-01,09002,Azcapotzalco,ATROPELLADO,12,14,0,2024
2024-05-01,09002,Azcapotzalco,CAIDA DE CICLISTA,5,5,0,2024
2024-05-01,09002,Azcapotzalco,CAIDA DE PASAJERO,2,2,0,2024
2024-05-01,09002,Azcapotzalco,CHOQUE,87,109,0,2024
2024-05-01,09002,Azcapotzalco,DERRAPADO,30,31,1,2024
2024-05-01,09002,Azcapotzalco,VOLCADURA,3,3,0,2024
2024-05-01,09003,Coyoacán,ATROPELLADO,20,21,0,2024
2024-05-01,09003,Coyoacán,CAIDA DE CICLISTA,5,5,0,2024
2024-05-01,09003,Coyoacán,CAIDA DE PASAJERO,3,3,0,2024
2024-05-01,09003,Coyoacán,CHOQUE,92,113,0,2024
2024-05-01,09003,Coyoacán,DERRAPADO,26,27,1,2024
2024-05-01,09003,Coyoacán,VOLCADURA,5,6,1,2024
2024-05-01,09004,Cuajimalpa de Morelos,ATROPELLADO,2,2,0,2024
2024-05-01,09004,Cuajimalpa de Morelos,CAIDA DE CICLISTA,0,0,0,2024
2024-05-01,09004,Cuajimalpa de Morelos,CAIDA DE PASAJERO,1,1,0,2024
2024-05-01,09004,Cuajimalpa de Morelos,CHOQUE,16,23,0,2024
2024-05-01,09004,Cuajimalpa de Morelos,DERRAPADO,14,15,0,2024
2024-05-01,09004,Cuajimalpa de Morelos,VOLCADURA,1,10,0,2024
2024-05-01,09005,Gustavo A. Madero,ATROPELLADO,50,53,0,2024
2024-05-01,09005,Gustavo A. Madero,CAIDA DE CICLISTA,3,3,0,2024
2024-05-01,09005,Gustavo A. Madero,CAIDA DE PASAJERO,10,20,0,2024
2024-05-01,09005,Gustavo A. Madero,CHOQUE,173,223,2,2024
2024-05-01,09005,Gustavo A. Madero,DERRAPADO,74,83,1,2024
2024-05-01,09005,Gustavo A. Madero,VOLCADURA,0,0,0,2024
2024-05-01,09006,Iztacalco,ATROPELLADO,18,18,0,2024
2024-05-01,09006,Iztacalco,CAIDA DE CICLISTA,4,4,0,2024
2024-05-01,09006,Iztacalco,CAIDA DE PASAJERO,5,6,0,2024
2024-05-01,09006,Iztacalco,CHOQUE,79,95,2,2024
2024-05-01,09006,Iztacalco,DERRAPADO,19,19,4,2024
2024-05-01,09006,Iztacalco,VOLCADURA,1,1,0,2024
2024-05-01,09007,Iztapalapa,ATROPELLADO,67,66,5,2024
2024-05-01,09007,Iztapalapa,CAIDA DE CICLISTA,5,5,0,2024
2024-05-01,09007,Iztapalapa,CAIDA DE PASAJERO,7,7,0,2024
2024-05-01,09007,Iztapalapa,CHOQUE,210,271,2,2024
2024-05-01,09007,Iztapalapa,DERRAPADO,64,73,2,2024
2024-05-01,09007,Iztapalapa,VOLCADURA,3,14,1,2024
2024-05-01,09008,La Magdalena Contreras,ATROPELLADO,6,6,0,2024
2024-05-01,09008,La Magdalena Contreras,CAIDA DE CICLISTA,2,2,0,2024
2024-05-01,09008,La Magdalena Contreras,CAIDA DE PASAJERO,1,1,0,2024
2024-05-01,09008,La Magdalena Contreras,CHOQUE,20,22,1,2024
2024-05-01,09008,La Magdalena Contreras,DERRAPADO,6,7,0,2024
2024-05-01,09008,La Magdalena Contreras,VOLCADURA,0,0,0,2024
2024-05-01,09009,Milpa Alta,ATROPELLADO,1,1,0,2024
2024-05-01,09009,Milpa Alta,CAIDA DE CICLISTA,0,0,0,2024
2024-05-01,09009,Milpa Alta,CAIDA DE PASAJERO,0,0,0,2024
2024-05-01,09009,Milpa Alta,CHOQUE,13,22,2,2024
2024-05-01,09009,Milpa Alta,DERRAPADO,6,7,0,2024
2024-05-01,09009,Milpa Alta,VOLCADURA,0,0,0,2024
2024-05-01,09010,Álvaro Obregón,ATROPELLADO,21,21,0,2024
2024-05-01,09010,Álvaro Obregón,CAIDA DE CICLISTA,5,5,0,2024
2024-05-01,09010,Álvaro Obregón,CAIDA DE PASAJERO,4,4,0,2024
2024-05-01,09010,Álvaro Obregón,CHOQUE,113,180,2,2024
2024-05-01,09010,Álvaro Obregón,DERRAPADO,31,38,0,2024
2024-05-01,09010,Álvaro Obregón,VOLCADURA,4,4,0,2024
2024-05-01,09011,Tláhuac,ATROPELLADO,14,13,1,2024
2024-05-01,09011,Tláhuac,CAIDA DE CICLISTA,1,1,0,2024
2024-05-01,09011,Tláhuac,CAIDA DE PASAJERO,0,0,0,2024
2024-05-01,09011,Tláhuac,CHOQUE,60,77,1,2024
2024-05-01,09011,Tláhuac,DERRAPADO,11,14,0,2024
2024-05-01,09011,Tláhuac,VOLCADURA,1,1,0,2024
2024-05-01,09012,Tlalpan,ATROPELLADO,28,26,2,2024
2024-05-01,09012,Tlalpan,CAIDA DE CICLISTA,1,1,0,2024
2024-05-01,09012,Tlalpan,CAIDA DE PASAJERO,6,6,0,2024
2024-05-01,09012,Tlalpan,CHOQUE,94,118,2,2024
2024-05-01,09012,Tlalpan,DERRAPADO,33,32,2,2024
2024-05-01,09012,Tlalpan,VOLCADURA,4,5,0,2024
2024-05-01,09013,Xochimilco,ATROPELLADO,10,10,1,2024
2024-05-01,09013,Xochimilco,CAIDA DE CICLISTA,4,4,0,2024
2024-05-01,09013,Xochimilco,CAIDA DE PASAJERO,3,4,0,2024
2024-05-01,09013,Xochimilco,CHOQUE,56,69,0,2024
2024-05-01,09013,Xochimilco,DERRAPADO,20,20,1,2024
2024-05-01,09013,Xochimilco,VOLCADURA,1,1,0,2024
2024-05-01,09014,Benito Juárez,ATROPELLADO,30,30,1,2024
2024-05-01,09014,Benito Juárez,CAIDA DE CICLISTA,4,4,0,2024
2024-05-01,09014,Benito Juárez,CAIDA DE PASAJERO,2,4,0,2024
2024-05-01,09014,Benito Juárez,CHOQUE,118,154,2,2024
2024-05-01,09014,Benito Juárez,DERRAPADO,29,31,0,2024
2024-05-01,09014,Benito Juárez,VOLCADURA,2,3,0,2024
2024-05-01,09015,Cuauhtémoc,ATROPELLADO,54,59,0,2024
2024-05-01,09015,Cuauhtémoc,CAIDA DE CICLISTA,24,26,0,2024
2024-05-01,09015,Cuauhtémoc,CAIDA DE PASAJERO,11,11,0,2024
2024-05-01,09015,Cuauhtémoc,CHOQUE,207,271,2,2024
2024-05-01,09015,Cuauhtémoc,DERRAPADO,70,73,0,2024
2024-05-01,09015,Cuauhtémoc,VOLCADURA,1,1,0,2024
2024-05-01,09016,Miguel Hidalgo,ATROPELLADO,30,31,1,2024
2024-05-01,09016,Miguel Hidalgo,CAIDA DE CICLISTA,8,8,0,2024
2024-05-01,09016,Miguel Hidalgo,CAIDA DE PASAJERO,4,4,0,2024
2024-05-01,09016,Miguel Hidalgo,CHOQUE,119,154,1,2024
2024-05-01,09016,Miguel Hidalgo,DERRAPADO,42,43,1,2024
2024-05-01,09016,Miguel Hidalgo,VOLCADURA,3,7,0,2024
2024-05-01,09017,Venustiano Carranza,ATROPELLADO,38,40,1,2024
2024-05-01,09017,Venustiano Carranza,CAIDA DE CICLISTA,3,3,0,2024
2024-05-01,09017,Venustiano Carranza,CAIDA DE PASAJERO,2,2,0,2024
2024-05-01,09017,Venustiano Carranza,CHOQUE,109,138,3,2024
2024-05-01,09017,Venustiano Carranza,DERRAPADO,41,44,0,2024
2024-05-01,09017,Venustiano Carranza,VOLCADURA,1,1,0,2024
2024-06-01,09002,Azcapotzalco,ATROPELLADO,20,25,2,2024
2024-06-01,09002,Azcapotzalco,CAIDA DE CICLISTA,5,5,0,2024
2024-06-01,09002,Azcapotzalco,CAIDA DE PASAJERO,1,1,0,2024
2024-06-01,09002,Azcapotzalco,CHOQUE,60,76,1,2024
2024-06-01,09002,Azcapotzalco,DERRAPADO,25,26,1,2024
2024-06-01,09002,Azcapotzalco,VOLCADURA,1,1,0,2024
2024-06-01,09003,Coyoacán,ATROPELLADO,29,31,0,2024
2024-06-01,09003,Coyoacán,CAIDA DE CICLISTA,7,7,0,2024
2024-06-01,09003,Coyoacán,CAIDA DE PASAJERO,5,8,0,2024
2024-06-01,09003,Coyoacán,CHOQUE,103,129,1,2024
2024-06-01,09003,Coyoacán,DERRAPADO,26,26,0,2024
2024-06-01,09003,Coyoacán,VOLCADURA,2,3,0,2024
2024-06-01,09004,Cuajimalpa de Morelos,ATROPELLADO,6,6,0,2024
2024-06-01,09004,Cuajimalpa de Morelos,CAIDA DE CICLISTA,0,0,0,2024
2024-06-01,09004,Cuajimalpa de Morelos,CAIDA DE PASAJERO,1,1,0,2024
2024-06-01,09004,Cuajimalpa de Morelos,CHOQUE,22,30,0,2024
2024-06-01,09004,Cuajimalpa de Morelos,DERRAPADO,8,7,1,2024
2024-06-01,09004,Cuajimalpa de Morelos,VOLCADURA,4,6,0,2024
2024-06-01,09005,Gustavo A. Madero,ATROPELLADO,45,50,0,2024
2024-06-01,09005,Gustavo A. Madero,CAIDA DE CICLISTA,4,4,0,2024
2024-06-01,09005,Gustavo A. Madero,CAIDA DE PASAJERO,8,11,0,2024
2024-06-01,09005,Gustavo A. Madero,CHOQUE,183,233,1,2024
2024-06-01,09005,Gustavo A. Madero,DERRAPADO,54,59,2,2024
2024-06-01,09005,Gustavo A. Madero,VOLCADURA,3,3,0,2024
2024-06-01,09006,Iztacalco,ATROPELLADO,18,15,3,2024
2024-06-01,09006,Iztacalco,CAIDA DE CICLISTA,1,1,0,2024
2024-06-01,09006,Iztacalco,CAIDA DE PASAJERO,4,6,0,2024
2024-06-01,09006,Iztacalco,CHOQUE,73,85,4,2024
2024-06-01,09006,Iztacalco,DERRAPADO,25,25,1,2024
2024-06-01,09006,Iztacalco,VOLCADURA,1,1,0,2024
2024-06-01,09007,Iztapalapa,ATROPELLADO,63,65,5,2024
2024-06-01,09007,Iztapalapa,CAIDA DE CICLISTA,8,8,0,2024
2024-06-01,09007,Iztapalapa,CAIDA DE PASAJERO,7,7,0,2024
2024-06-01,09007,Iztapalapa,CHOQUE,187,241,3,2024
2024-06-01,09007,Iztapalapa,DERRAPADO,67,73,0,2024
2024-06-01,09007,Iztapalapa,VOLCADURA,5,6,0,2024
2024-06-01,09008,La Magdalena Contreras,ATROPELLADO,4,4,0,2024
2024-06-01,09008,La Magdalena Contreras,CAIDA DE CICLISTA,0,0,0,2024
2024-06-01,09008,La Magdalena Contreras,CAIDA DE PASAJERO,1,1,0,2024
2024-06-01,09008,La Magdalena Contreras,CHOQUE,11,14,0,2024
2024-06-01,09008,La Magdalena Contreras,DERRAPADO,6,8,0,2024
2024-06-01,09008,La Magdalena Contreras,VOLCADURA,2,2,0,2024
2024-06-01,09009,Milpa Alta,ATROPELLADO,2,2,0,2024
2024-06-01,09009,Milpa Alta,CAIDA DE CICLISTA,2,2,0,2024
2024-06-01,09009,Milpa Alta,CAIDA DE PASAJERO,0,0,0,2024
2024-06-01,09009,Milpa Alta,CHOQUE,10,14,0,2024
2024-06-01,09009,Milpa Alta,DERRAPADO,5,6,0,2024
2024-06-01,09009,Milpa Alta,VOLCADURA,0,0,0,2024
2024-06-01,09010,Álvaro Obregón,ATROPELLADO,34,35,1,2024
2024-06-01,09010,Álvaro Obregón,CAIDA DE CICLISTA,1,1,0,2024
2024-06-01,09010,Álvaro Obregón,CAIDA DE PASAJERO,2,2,0,2024
2024-06-01,09010,Álvaro Obregón,CHOQUE,98,129,0,2024
2024-06-01,09010,Álvaro Obregón,DERRAPADO,39,41,2,2024
2024-06-01,09010,Álvaro Obregón,VOLCADURA,4,4,0,2024
2024-06-01,09011,Tláhuac,ATROPELLADO,11,11,0,2024
2024-06-01,09011,Tláhuac,CAIDA DE CICLISTA,0,0,0,2024
2024-06-01,09011,Tláhuac,CAIDA DE PASAJERO,3,2,1,2024
2024-06-01,09011,Tláhuac,CHOQUE,66,82,1,2024
2024-06-01,09011,Tláhuac,DERRAPADO,13,16,0,2024
2024-06-01,09011,Tláhuac,VOLCADURA,0,0,0,2024
2024-06-01,09012,Tlalpan,ATROPELLADO,19,20,0,2024
2024-06-01,09012,Tlalpan,CAIDA DE CICLISTA,3,3,0,2024
2024-06-01,09012,Tlalpan,CAIDA DE PASAJERO,1,1,0,2024
2024-06-01,09012,Tlalpan,CHOQUE,102,124,3,2024
2024-06-01,09012,Tlalpan,DERRAPADO,26,27,1,2024
2024-06-01,09012,Tlalpan,VOLCADURA,8,10,0,2024
2024-06-01,09013,Xochimilco,ATROPELLADO,12,11,2,2024
2024-06-01,09013,Xochimilco,CAIDA DE CICLISTA,3,3,0,2024
2024-06-01,09013,Xochimilco,CAIDA DE PASAJERO,0,0,0,2024
2024-06-01,09013,Xochimilco,CHOQUE,54,65,1,2024
2024-06-01,09013,Xochimilco,DERRAPADO,21,22,0,2024
2024-06-01,09013,Xochimilco,VOLCADURA,4,6,2,2024
2024-06-01,09014,Benito Juárez,ATROPELLADO,39,40,2,2024
2024-06-01,09014,Benito Juárez,CAIDA DE CICLISTA,8,8,0,2024
2024-06-01,09014,Benito Juárez,CAIDA DE PASAJERO,5,6,0,2024
2024-06-01,09014,Benito Juárez,CHOQUE,142,162,1,2024
2024-06-01,09014,Benito Juárez,DERRAPADO,19,20,0,2024
2024-06-01,09014,Benito Juárez,VOLCADURA,2,2,0,2024
2024-06-01,09015,Cuauhtémoc,ATROPELLADO,67,74,1,2024
2024-06-01,09015,Cuauhtémoc,CAIDA DE CICLISTA,24,25,0,2024
2024-06-01,09015,Cuauhtémoc,CAIDA DE PASAJERO,8,9,0,2024
2024-06-01,09015,Cuauhtémoc,CHOQUE,185,212,3,2024
2024-06-01,09015,Cuauhtémoc,DERRAPADO,51,56,2,2024
2024-06-01,09015,Cuauhtémoc,VOLCADURA,4,6,0,2024
2024-06-01,09016,Miguel Hidalgo,ATROPELLADO,23,22,2,2024
2024-06-01,09016,Miguel Hidalgo,CAIDA DE CICLISTA,13,12,1,2024
2024-06-01,09016,Miguel Hidalgo,CAIDA DE PASAJERO,4,4,0,2024
2024-06-01,09016,Miguel Hidalgo,CHOQUE,123,144,0,2024
2024-06-01,09016,Miguel Hidalgo,DERRAPADO,37,42,0,2024
2024-06-01,09016,Miguel Hidalgo,VOLCADURA,4,5,0,2024
2024-06-01,09017,Venustiano Carranza,ATROPELLADO,29,29,1,2024
2024-06-01,09017,Venustiano Carranza,CAIDA DE CICLISTA,5,5,0,2024
2024-06-01,09017,Venustiano Carranza,CAIDA DE PASAJERO,7,10,0,2024
2024-06-01,09017,Venustiano Carranza,CHOQUE,111,147,1,2024
2024-06-01,09017,Venustiano Carranza,DERRAPADO,25,32,0,2024
2024-06-01,09017,Venustiano Carranza,VOLCADURA,4,7,0,2024
2024-07-01,09002,Azcapotzalco,ATROPELLADO,13,12,1,2024
2024-07-01,09002,Azcapotzalco,CAIDA DE CICLISTA,2,2,0,2024
2024-07-01,09002,Azcapotzalco,CAIDA DE PASAJERO,1,1,0,2024
2024-07-01,09002,Azcapotzalco,CHOQUE,85,102,2,2024
2024-07-01,09002,Azcapotzalco,DERRAPADO,10,11,0,2024
2024-07-01,09002,Azcapotzalco,VOLCADURA,0,0,0,2024
2024-07-01,09003,Coyoacán,ATROPELLADO,25,26,0,2024
2024-07-01,09003,Coyoacán,CAIDA DE CICLISTA,3,3,0,2024
2024-07-01,09003,Coyoacán,CAIDA DE PASAJERO,3,3,0,2024
2024-07-01,09003,Coyoacán,CHOQUE,81,102,1,2024
2024-07-01,09003,Coyoacán,DERRAPADO,29,32,0,2024
2024-07-01,09003,Coyoacán,VOLCADURA,2,2,0,2024
2024-07-01,09004,Cuajimalpa de Morelos,ATROPELLADO,5,4,2,2024
2024-07-01,09004,Cuajimalpa de Morelos,CAIDA DE CICLISTA,1,1,0,2024
2024-07-01,09004,Cuajimalpa de Morelos,CAIDA DE PASAJERO,2,2,0,2024
2024-07-01,09004,Cuajimalpa de Morelos,CHOQUE,17,23,0,2024
2024-07-01,09004,Cuajimalpa de Morelos,DERRAPADO,12,13,0,2024
2024-07-01,09004,Cuajimalpa de Morelos,VOLCADURA,7,8,0,2024
2024-07-01,09005,Gustavo A. Madero,ATROPELLADO,41,43,0,2024
2024-07-01,09005,Gustavo A. Madero,CAIDA DE CICLISTA,3,3,0,2024
2024-07-01,09005,Gustavo A. Madero,CAIDA DE PASAJERO,7,7,0,2024
2024-07-01,09005,Gustavo A. Madero,CHOQUE,173,226,3,2024
2024-07-01,09005,Gustavo A. Madero,DERRAPADO,60,68,0,2024
2024-07-01,09005,Gustavo A. Madero,VOLCADURA,6,8,0,2024
2024-07-01,09006,Iztacalco,ATROPELLADO,14,15,0,2024
2024-07-01,09006,Iztacalco,CAIDA DE CICLISTA,2,2,0,2024
2024-07-01,09006,Iztacalco,CAIDA DE PASAJERO,4,4,0,2024
2024-07-01,09006,Iztacalco,CHOQUE,68,80,0,2024
2024-07-01,09006,Iztacalco,DERRAPADO,28,30,1,2024
2024-07-01,09006,Iztacalco,VOLCADURA,2,3,0,2024
2024-07-01,09007,Iztapalapa,ATROPELLADO,45,50,1,2024
2024-07-01,09007,Iztapalapa,CAIDA DE CICLISTA,6,6,0,2024
2024-07-01,09007,Iztapalapa,CAIDA DE PASAJERO,8,8,0,2024
2024-07-01,09007,Iztapalapa,CHOQUE,187,261,2,2024
2024-07-01,09007,Iztapalapa,DERRAPADO,57,61,1,2024
2024-07-01,09007,Iztapalapa,VOLCADURA,5,5,0,2024
2024-07-01,09008,La Magdalena Contreras,ATROPELLADO,6,7,0,2024
2024-07-01,09008,La Magdalena Contreras,CAIDA DE CICLISTA,1,1,0,2024
2024-07-01,09008,La Magdalena Contreras,CAIDA DE PASAJERO,0,0,0,2024
2024-07-01,09008,La Magdalena Contreras,CHOQUE,18,22,0,2024
2024-07-01,09008,La Magdalena Contreras,DERRAPADO,12,14,0,2024
2024-07-01,09008,La Magdalena Contreras,VOLCADURA,0,0,0,2024
2024-07-01,09009,Milpa Alta,ATROPELLADO,4,4,0,2024
2024-07-01,09009,Milpa Alta,CAIDA DE CICLISTA,0,0,0,2024
2024-07-01,09009,Milpa Alta,CAIDA DE PASAJERO,0,0,0,2024
2024-07-01,09009,Milpa Alta,CHOQUE,9,10,0,2024
2024-07-01,09009,Milpa Alta,DERRAPADO,4,4,0,2024
2024-07-01,09009,Milpa Alta,VOLCADURA,1,1,0,2024
2024-07-01,09010,Álvaro Obregón,ATROPELLADO,22,24,0,2024
2024-07-01,09010,Álvaro Obregón,CAIDA DE CICLISTA,2,2,0,2024
2024-07-01,09010,Álvaro Obregón,CAIDA DE PASAJERO,5,5,0,2024
2024-07-01,09010,Álvaro Obregón,CHOQUE,92,112,0,2024
2024-07-01,09010,Álvaro Obregón,DERRAPADO,26,30,2,2024
2024-07-01,09010,Álvaro Obregón,VOLCADURA,2,2,0,2024
2024-07-01,09011,Tláhuac,ATROPELLADO,9,9,0,2024
2024-07-01,09011,Tláhuac,CAIDA DE CICLISTA,0,0,0,2024
2024-07-01,09011,Tláhuac,CAIDA DE PASAJERO,1,1,0,2024
2024-07-01,09011,Tláhuac,CHOQUE,58,70,1,2024
2024-07-01,09011,Tláhuac,DERRAPADO,15,15,0,2024
2024-07-01,09011,Tláhuac,VOLCADURA,0,0,0,2024
2024-07-01,09012,Tlalpan,ATROPELLADO,7,9,0,2024
2024-07-01,09012,Tlalpan,CAIDA DE CICLISTA,2,2,0,2024
2024-07-01,09012,Tlalpan,CAIDA DE PASAJERO,1,1,0,2024
2024-07-01,09012,Tlalpan,CHOQUE,66,82,1,2024
2024-07-01,09012,Tlalpan,DERRAPADO,34,37,1,2024
2024-07-01,09012,Tlalpan,VOLCADURA,1,1,0,2024
2024-07-01,09013,Xochimilco,ATROPELLADO,17,17,0,2024
2024-07-01,09013,Xochimilco,CAIDA DE CICLISTA,2,2,0,2024
2024-07-01,09013,Xochimilco,CAIDA DE PASAJERO,2,2,0,2024
2024-07-01,09013,Xochimilco,CHOQUE,35,40,0,2024
2024-07-01,09013,Xochimilco,DERRAPADO,28,33,1,2024
2024-07-01,09013,Xochimilco,VOLCADURA,1,1,0,2024
2024-07-01,09014,Benito Juárez,ATROPELLADO,26,27,0,2024
2024-07-01,09014,Benito Juárez,CAIDA DE CICLISTA,6,6,0,2024
2024-07-01,09014,Benito Juárez,CAIDA DE PASAJERO,4,4,0,2024
2024-07-01,09014,Benito Juárez,CHOQUE,112,149,0,2024
2024-07-01,09014,Benito Juárez,DERRAPADO,20,20,1,2024
2024-07-01,09014,Benito Juárez,VOLCADURA,3,6,0,2024
2024-07-01,09015,Cuauhtémoc,ATROPELLADO,70,73,2,2024
2024-07-01,09015,Cuauhtémoc,CAIDA DE CICLISTA,15,15,0,2024
2024-07-01,09015,Cuauhtémoc,CAIDA DE PASAJERO,13,23,1,2024
2024-07-01,09015,Cuauhtémoc,CHOQUE,178,217,0,2024
2024-07-01,09015,Cuauhtémoc,DERRAPADO,42,44,1,2024
2024-07-01,09015,Cuauhtémoc,VOLCADURA,1,1,0,2024
2024-07-01,09016,Miguel Hidalgo,ATROPELLADO,19,19,0,2024
2024-07-01,09016,Miguel Hidalgo,CAIDA DE CICLISTA,7,7,0,2024
2024-07-01,09016,Miguel Hidalgo,CAIDA DE PASAJERO,1,1,0,2024
2024-07-01,09016,Miguel Hidalgo,CHOQUE,94,114,0,2024
2024-07-01,09016,Miguel Hidalgo,DERRAPADO,33,34,1,2024
2024-07-01,09016,Miguel Hidalgo,VOLCADURA,3,5,0,2024
2024-07-01,09017,Venustiano Carranza,ATROPELLADO,23,24,0,2024
2024-07-01,09017,Venustiano Carranza,CAIDA DE CICLISTA,1,1,0,2024
2024-07-01,09017,Venustiano Carranza,CAIDA DE PASAJERO,4,6,0,2024
2024-07-01,09017,Venustiano Carranza,CHOQUE,110,153,0,2024
2024-07-01,09017,Venustiano Carranza,DERRAPADO,36,38,2,2024
2024-07-01,09017,Venustiano Carranza,VOLCADURA,0,0,0,2024
2024-08-01,09002,Azcapotzalco,ATROPELLADO,20,20,0,2024
2024-08-01,09002,Azcapotzalco,CAIDA DE CICLISTA,2,2,0,2024
2024-08-01,09002,Azcapotzalco,CAIDA DE PASAJERO,1,1,0,2024
2024-08-01,09002,Azcapotzalco,CHOQUE,73,89,0,2024
2024-08-01,09002,Azcapotzalco,DERRAPADO,21,23,0,2024
2024-08-01,09002,Azcapotzalco,VOLCADURA,1,1,0,2024
2024-08-01,09003,Coyoacán,ATROPELLADO,20,21,1,2024
2024-08-01,09003,Coyoacán,CAIDA DE CICLISTA,2,2,0,2024
2024-08-01,09003,Coyoacán,CAIDA DE PASAJERO,3,3,0,2024
2024-08-01,09003,Coyoacán,CHOQUE,100,118,2,2024
2024-08-01,09003,Coyoacán,DERRAPADO,28,29,0,2024
2024-08-01,09003,Coyoacán,VOLCADURA,3,4,1,2024
2024-08-01,09004,Cuajimalpa de Morelos,ATROPELLADO,5,5,0,2024
2024-08-01,09004,Cuajimalpa de Morelos,CAIDA DE CICLISTA,0,0,0,2024
2024-08-01,09004,Cuajimalpa de Morelos,CAIDA DE PASAJERO,1,1,0,2024
2024-08-01,09004,Cuajimalpa de Morelos,CHOQUE,28,42,2,2024
2024-08-01,09004,Cuajimalpa de Morelos,DERRAPADO,12,14,0,2024
2024-08-01,09004,Cuajimalpa de Morelos,VOLCADURA,3,4,0,2024
2024-08-01,09005,Gustavo A. Madero,ATROPELLADO,38,36,2,2024
2024-08-01,09005,Gustavo A. Madero,CAIDA DE CICLISTA,6,6,0,2024
2024-08-01,09005,Gustavo A. Madero,CAIDA DE PASAJERO,8,13,0,2024
2024-08-01,09005,Gustavo A. Madero,CHOQUE,168,218,2,2024
2024-08-01,09005,Gustavo A. Madero,DERRAPADO,63,68,1,2024
2024-08-01,09005,Gustavo A. Madero,VOLCADURA,7,10,0,2024
2024-08-01,09006,Iztacalco,ATROPELLADO,16,24,1,2024
2024-08-01,09006,Iztacalco,CAIDA DE CICLISTA,1,1,0,2024
2024-08-01,09006,Iztacalco,CAIDA DE PASAJERO,1,1,0,2024
2024-08-01,09006,Iztacalco,CHOQUE,67,82,0,2024
2024-08-01,09006,Iztacalco,DERRAPADO,27,28,1,2024
2024-08-01,09006,Iztacalco,VOLCADURA,0,0,0,2024
2024-08-01,09007,Iztapalapa,ATROPELLADO,57,59,3,2024
2024-08-01,09007,Iztapalapa,CAIDA DE CICLISTA,5,5,0,2024
2024-08-01,09007,Iztapalapa,CAIDA DE PASAJERO,5,7,1,2024
2024-08-01,09007,Iztapalapa,CHOQUE,177,223,2,2024
2024-08-01,09007,Iztapalapa,DERRAPADO,57,58,3,2024
2024-08-01,09007,Iztapalapa,VOLCADURA,4,6,0,2024
2024-08-01,09008,La Magdalena Contreras,ATROPELLADO,6,7,0,2024
2024-08-01,09008,La Magdalena Contreras,CAIDA DE CICLISTA,0,0,0,2024
2024-08-01,09008,La Magdalena Contreras,CAIDA DE PASAJERO,0,0,0,2024
2024-08-01,09008,La Magdalena Contreras,CHOQUE,14,15,0,2024
2024-08-01,09008,La Magdalena Contreras,DERRAPADO,10,10,0,2024
2024-08-01,09008,La Magdalena Contreras,VOLCADURA,0,0,0,2024
2024-08-01,09009,Milpa Alta,ATROPELLADO,3,3,0,2024
2024-08-01,09009,Milpa Alta,CAIDA DE CICLISTA,1,1,0,2024
2024-08-01,09009,Milpa Alta,CAIDA DE PASAJERO,0,0,0,2024
2024-08-01,09009,Milpa Alta,CHOQUE,5,9,0,2024
2024-08-01,09009,Milpa Alta,DERRAPADO,4,5,0,2024
2024-08-01,09009,Milpa Alta,VOLCADURA,0,0,0,2024
2024-08-01,09010,Álvaro Obregón,ATROPELLADO,32,33,1,2024
2024-08-01,09010,Álvaro Obregón,CAIDA DE CICLISTA,6,6,0,2024
2024-08-01,09010,Álvaro Obregón,CAIDA DE PASAJERO,4,4,0,2024
2024-08-01,09010,Álvaro Obregón,CHOQUE,79,105,0,2024
2024-08-01,09010,Álvaro Obregón,DERRAPADO,36,40,3,2024
2024-08-01,09010,Álvaro Obregón,VOLCADURA,7,14,0,2024
2024-08-01,09011,Tláhuac,ATROPELLADO,12,12,1,2024
2024-08-01,09011,Tláhuac,CAIDA DE CICLISTA,3,3,0,2024
2024-08-01,09011,Tláhuac,CAIDA DE PASAJERO,1,1,0,2024
2024-08-01,09011,Tláhuac,CHOQUE,47,56,1,2024
2024-08-01,09011,Tláhuac,DERRAPADO,12,12,0,2024
2024-08-01,09011,Tláhuac,VOLCADURA,3,5,0,2024
2024-08-01,09012,Tlalpan,ATROPELLADO,14,15,0,2024
2024-08-01,09012,Tlalpan,CAIDA DE CICLISTA,1,1,0,2024
2024-08-01,09012,Tlalpan,CAIDA DE PASAJERO,4,17,0,2024
2024-08-01,09012,Tlalpan,CHOQUE,92,136,1,2024
2024-08-01,09012,Tlalpan,DERRAPADO,27,31,0,2024
2024-08-01,09012,Tlalpan,VOLCADURA,6,7,0,2024
2024-08-01,09013,Xochimilco,ATROPELLADO,14,15,0,2024
2024-08-01,09013,Xochimilco,CAIDA DE CICLISTA,2,1,1,2024
2024-08-01,09013,Xochimilco,CAIDA DE PASAJERO,1,0,1,2024
2024-08-01,09013,Xochimilco,CHOQUE,35,40,0,2024
2024-08-01,09013,Xochimilco,DERRAPADO,15,16,0,2024
2024-08-01,09013,Xochimilco,VOLCADURA,1,1,0,2024
2024-08-01,09014,Benito Juárez,ATROPELLADO,22,21,1,2024
2024-08-01,09014,Benito Juárez,CAIDA DE CICLISTA,7,7,0,2024
2024-08-01,09014,Benito Juárez,CAIDA DE PASAJERO,0,0,0,2024
2024-08-01,09014,Benito Juárez,CHOQUE,143,169,0,2024
2024-08-01,09014,Benito Juárez,DERRAPADO,22,23,0,2024
2024-08-01,09014,Benito Juárez,VOLCADURA,1,1,0,2024
2024-08-01,09015,Cuauhtémoc,ATROPELLADO,76,82,0,2024
2024-08-01,09015,Cuauhtémoc,CAIDA DE CICLISTA,15,15,0,2024
2024-08-01,09015,Cuauhtémoc,CAIDA DE PASAJERO,7,8,0,2024
2024-08-01,09015,Cuauhtémoc,CHOQUE,170,222,1,2024
2024-08-01,09015,Cuauhtémoc,DERRAPADO,62,72,1,2024
2024-08-01,09015,Cuauhtémoc,VOLCADURA,3,3,0,2024
2024-08-01,09016,Miguel Hidalgo,ATROPELLADO,22,22,1,2024
2024-08-01,09016,Miguel Hidalgo,CAIDA DE CICLISTA,7,7,0,2024
2024-08-01,09016,Miguel Hidalgo,CAIDA DE PASAJERO,1,1,0,2024
2024-08-01,09016,Miguel Hidalgo,CHOQUE,126,145,2,2024
2024-08-01,09016,Miguel Hidalgo,DERRAPADO,36,35,1,2024
2024-08-01,09016,Miguel Hidalgo,VOLCADURA,2,3,0,2024
2024-08-01,09017,Venustiano Carranza,ATROPELLADO,34,31,3,2024
2024-08-01,09017,Venustiano Carranza,CAIDA DE CICLISTA,2,2,0,2024
2024-08-01,09017,Venustiano Carranza,CAIDA DE PASAJERO,1,3,0,2024
2024-08-01,09017,Venustiano Carranza,CHOQUE,108,135,0,2024
2024-08-01,09017,Venustiano Carranza,DERRAPADO,22,23,0,2024
2024-08-01,09017,Venustiano Carranza,VOLCADURA,1,1,0,2024
2024-09-01,09002,Azcapotzalco,ATROPELLADO,12,15,0,2024
2024-09-01,09002,Azcapotzalco,CAIDA DE CICLISTA,3,3,0,2024
2024-09-01,09002,Azcapotzalco,CAIDA DE PASAJERO,0,0,0,2024
2024-09-01,09002,Azcapotzalco,CHOQUE,61,69,1,2024
2024-09-01,09002,Azcapotzalco,DERRAPADO,20,23,0,2024
2024-09-01,09002,Azcapotzalco,VOLCADURA,2,2,0,2024
2024-09-01,09003,Coyoacán,ATROPELLADO,25,27,0,2024
2024-09-01,09003,Coyoacán,CAIDA DE CICLISTA,3,3,0,2024
2024-09-01,09003,Coyoacán,CAIDA DE PASAJERO,2,4,0,2024
2024-09-01,09003,Coyoacán,CHOQUE,91,116,1,2024
2024-09-01,09003,Coyoacán,DERRAPADO,28,28,1,2024
2024-09-01,09003,Coyoacán,VOLCADURA,2,3,0,2024
2024-09-01,09004,Cuajimalpa de Morelos,ATROPELLADO,7,7,0,2024
2024-09-01,09004,Cuajimalpa de Morelos,CAIDA DE CICLISTA,0,0,0,2024
2024-09-01,09004,Cuajimalpa de Morelos,CAIDA DE PASAJERO,1,1,0,2024
2024-09-01,09004,Cuajimalpa de Morelos,CHOQUE,16,17,1,2024
2024-09-01,09004,Cuajimalpa de Morelos,DERRAPADO,11,11,0,2024
2024-09-01,09004,Cuajimalpa de Morelos,VOLCADURA,2,3,0,2024
2024-09-01,09005,Gustavo A. Madero,ATROPELLADO,45,49,1,2024
2024-09-01,09005,Gustavo A. Madero,CAIDA DE CICLISTA,8,8,0,2024
2024-09-01,09005,Gustavo A. Madero,CAIDA DE PASAJERO,9,9,0,2024
2024-09-01,09005,Gustavo A. Madero,CHOQUE,156,174,5,2024
2024-09-01,09005,Gustavo A. Madero,DERRAPADO,57,64,0,2024
2024-09-01,09005,Gustavo A. Madero,VOLCADURA,1,1,0,2024
2024-09-01,09006,Iztacalco,ATROPELLADO,19,20,0,2024
2024-09-01,09006,Iztacalco,CAIDA DE CICLISTA,5,5,0,2024
2024-09-01,09006,Iztacalco,CAIDA DE PASAJERO,2,2,0,2024
2024-09-01,09006,Iztacalco,CHOQUE,68,90,0,2024
2024-09-01,09006,Iztacalco,DERRAPADO,28,30,0,2024
2024-09-01,09006,Iztacalco,VOLCADURA,2,3,0,2024
2024-09-01,09007,Iztapalapa,ATROPELLADO,49,55,2,2024
2024-09-01,09007,Iztapalapa,CAIDA DE CICLISTA,4,4,0,2024
2024-09-01,09007,Iztapalapa,CAIDA DE PASAJERO,3,3,0,2024
2024-09-01,09007,Iztapalapa,CHOQUE,181,214,6,2024
2024-09-01,09007,Iztapalapa,DERRAPADO,57,64,0,2024
2024-09-01,09007,Iztapalapa,VOLCADURA,6,6,0,2024
2024-09-01,09008,La Magdalena Contreras,ATROPELLADO,8,8,0,2024
2024-09-01,09008,La Magdalena Contreras,CAIDA DE CICLISTA,0,0,0,2024
2024-09-01,09008,La Magdalena Contreras,CAIDA DE PASAJERO,1,1,0,2024
2024-09-01,09008,La Magdalena Contreras,CHOQUE,15,17,0,2024
2024-09-01,09008,La Magdalena Contreras,DERRAPADO,14,18,0,2024
2024-09-01,09008,La Magdalena Contreras,VOLCADURA,0,0,0,2024
2024-09-01,09009,Milpa Alta,ATROPELLADO,1,1,0,2024
2024-09-01,09009,Milpa Alta,CAIDA DE CICLISTA,1,1,0,2024
2024-09-01,09009,Milpa Alta,CAIDA DE PASAJERO,0,0,0,2024
2024-09-01,09009,Milpa Alta,CHOQUE,13,22,0,2024
2024-09-01,09009,Milpa Alta,DERRAPADO,5,5,1,2024
2024-09-01,09009,Milpa Alta,VOLCADURA,0,0,0,2024
2024-09-01,09010,Álvaro Obregón,ATROPELLADO,21,23,0,2024
2024-09-01,09010,Álvaro Obregón,CAIDA DE CICLISTA,3,3,0,2024
2024-09-01,09010,Álvaro Obregón,CAIDA DE PASAJERO,3,3,0,2024
2024-09-01,09010,Álvaro Obregón,CHOQUE,95,112,1,2024
2024-09-01,09010,Álvaro Obregón,DERRAPADO,35,40,1,2024
2024-09-01,09010,Álvaro Obregón,VOLCADURA,4,9,0,2024
2024-09-01,09011,Tláhuac,ATROPELLADO,9,10,0,2024
2024-09-01,09011,Tláhuac,CAIDA DE CICLISTA,2,2,0,2024
2024-09-01,09011,Tláhuac,CAIDA DE PASAJERO,0,0,0,2024
2024-09-01,09011,Tláhuac,CHOQUE,55,80,0,2024
2024-09-01,09011,Tláhuac,DERRAPADO,16,17,0,2024
2024-09-01,09011,Tláhuac,VOLCADURA,1,1,0,2024
2024-09-01,09012,Tlalpan,ATROPELLADO,19,17,3,2024
2024-09-01,09012,Tlalpan,CAIDA DE CICLISTA,1,1,0,2024
2024-09-01,09012,Tlalpan,CAIDA DE PASAJERO,0,0,0,2024
2024-09-01,09012,Tlalpan,CHOQUE,72,89,1,2024
2024-09-01,09012,Tlalpan,DERRAPADO,26,29,1,2024
2024-09-01,09012,Tlalpan,VOLCADURA,2,2,0,2024
2024-09-01,09013,Xochimilco,ATROPELLADO,14,14,0,2024
2024-09-01,09013,Xochimilco,CAIDA DE CICLISTA,0,0,0,2024
2024-09-01,09013,Xochimilco,CAIDA DE PASAJERO,0,0,0,2024
2024-09-01,09013,Xochimilco,CHOQUE,41,53,0,2024
2024-09-01,09013,Xochimilco,DERRAPADO,18,18,0,2024
2024-09-01,09013,Xochimilco,VOLCADURA,0,0,0,2024
2024-09-01,09014,Benito Juárez,ATROPELLADO,24,26,0,2024
2024-09-01,09014,Benito Juárez,CAIDA DE CICLISTA,1,1,0,2024
2024-09-01,09014,Benito Juárez,CAIDA DE PASAJERO,4,6,0,2024
2024-09-01,09014,Benito Juárez,CHOQUE,109,123,1,2024
2024-09-01,09014,Benito Juárez,DERRAPADO,30,29,2,2024
2024-09-01,09014,Benito Juárez,VOLCADURA,2,3,0,2024
2024-09-01,09015,Cuauhtémoc,ATROPELLADO,61,63,1,2024
2024-09-01,09015,Cuauhtémoc,CAIDA DE CICLISTA,4,4,0,2024
2024-09-01,09015,Cuauhtémoc,CAIDA DE PASAJERO,12,20,1,2024
2024-09-01,09015,Cuauhtémoc,CHOQUE,163,187,2,2024
2024-09-01,09015,Cuauhtémoc,DERRAPADO,55,59,0,2024
2024-09-01,09015,Cuauhtémoc,VOLCADURA,1,1,0,2024
2024-09-01,09016,Miguel Hidalgo,ATROPELLADO,35,36,0,2024
2024-09-01,09016,Miguel Hidalgo,CAIDA DE CICLISTA,11,11,0,2024
2024-09-01,09016,Miguel Hidalgo,CAIDA DE PASAJERO,2,2,0,2024
2024-09-01,09016,Miguel Hidalgo,CHOQUE,137,172,1,2024
2024-09-01,09016,Miguel Hidalgo,DERRAPADO,35,39,0,2024
2024-09-01,09016,Miguel Hidalgo,VOLCADURA,2,2,0,2024
2024-09-01,09017,Venustiano Carranza,ATROPELLADO,36,39,2,2024
2024-09-01,09017,Venustiano Carranza,CAIDA DE CICLISTA,2,2,0,2024
2024-09-01,09017,Venustiano Carranza,CAIDA DE PASAJERO,4,4,0,2024
2024-09-01,09017,Venustiano Carranza,CHOQUE,111,147,1,2024
2024-09-01,09017,Venustiano Carranza,DERRAPADO,41,45,0,2024
2024-09-01,09017,Venustiano Carranza,VOLCADURA,1,1,0,2024
2024-10-01,09002,Azcapotzalco,ATROPELLADO,19,21,0,2024
2024-10-01,09002,Azcapotzalco,CAIDA DE CICLISTA,2,2,0,2024
2024-10-01,09002,Azcapotzalco,CAIDA DE PASAJERO,1,1,1,2024
2024-10-01,09002,Azcapotzalco,CHOQUE,85,107,2,2024
2024-10-01,09002,Azcapotzalco,DERRAPADO,20,25,0,2024
2024-10-01,09002,Azcapotzalco,VOLCADURA,0,0,0,2024
2024-10-01,09003,Coyoacán,ATROPELLADO,27,27,2,2024
2024-10-01,09003,Coyoacán,CAIDA DE CICLISTA,3,3,0,2024
2024-10-01,09003,Coyoacán,CAIDA DE PASAJERO,4,6,0,2024
2024-10-01,09003,Coyoacán,CHOQUE,109,128,2,2024
2024-10-01,09003,Coyoacán,DERRAPADO,31,35,0,2024
2024-10-01,09003,Coyoacán,VOLCADURA,4,4,0,2024
2024-10-01,09004,Cuajimalpa de Morelos,ATROPELLADO,8,8,0,2024
2024-10-01,09004,Cuajimalpa de Morelos,CAIDA DE CICLISTA,3,3,0,2024
2024-10-01,09004,Cuajimalpa de Morelos,CAIDA DE PASAJERO,0,0,0,2024
2024-10-01,09004,Cuajimalpa de Morelos,CHOQUE,21,22,0,2024
2024-10-01,09004,Cuajimalpa de Morelos,DERRAPADO,17,17,0,2024
2024-10-01,09004,Cuajimalpa de Morelos,VOLCADURA,2,10,0,2024
2024-10-01,09005,Gustavo A. Madero,ATROPELLADO,42,43,1,2024
2024-10-01,09005,Gustavo A. Madero,CAIDA DE CICLISTA,4,5,0,2024
2024-10-01,09005,Gustavo A. Madero,CAIDA DE PASAJERO,2,2,0,2024
2024-10-01,09005,Gustavo A. Madero,CHOQUE,187,232,2,2024
2024-10-01,09005,Gustavo A. Madero,DERRAPADO,69,72,1,2024
2024-10-01,09005,Gustavo A. Madero,VOLCADURA,3,4,0,2024
2024-10-01,09006,Iztacalco,ATROPELLADO,19,19,1,2024
2024-10-01,09006,Iztacalco,CAIDA DE CICLISTA,3,3,0,2024
2024-10-01,09006,Iztacalco,CAIDA DE PASAJERO,2,2,0,2024
2024-10-01,09006,Iztacalco,CHOQUE,79,94,1,2024
2024-10-01,09006,Iztacalco,DERRAPADO,20,22,0,2024
2024-10-01,09006,Iztacalco,VOLCADURA,2,2,0,2024
2024-10-01,09007,Iztapalapa,ATROPELLADO,76,79,3,2024
2024-10-01,09007,Iztapalapa,CAIDA DE CICLISTA,6,7,0,2024
2024-10-01,09007,Iztapalapa,CAIDA DE PASAJERO,12,13,0,2024
2024-10-01,09007,Iztapalapa,CHOQUE,209,267,5,2024
2024-10-01,09007,Iztapalapa,DERRAPADO,72,82,2,2024
2024-10-01,09007,Iztapalapa,VOLCADURA,4,6,0,2024
2024-10-01,09008,La Magdalena Contreras,ATROPELLADO,8,8,1,2024
2024-10-01,09008,La Magdalena Contreras,CAIDA DE CICLISTA,2,2,0,2024
2024-10-01,09008,La Magdalena Contreras,CAIDA DE PASAJERO,0,0,0,2024
2024-10-01,09008,La Magdalena Contreras,CHOQUE,10,16,0,2024
2024-10-01,09008,La Magdalena Contreras,DERRAPADO,11,12,0,2024
2024-10-01,09008,La Magdalena Contreras,VOLCADURA,0,0,0,2024
2024-10-01,09009,Milpa Alta,ATROPELLADO,3,3,0,2024
2024-10-01,09009,Milpa Alta,CAIDA DE CICLISTA,1,1,0,2024
2024-10-01,09009,Milpa Alta,CAIDA DE PASAJERO,1,0,1,2024
2024-10-01,09009,Milpa Alta,CHOQUE,13,14,0,2024
2024-10-01,09009,Milpa Alta,DERRAPADO,4,3,1,2024
2024-10-01,09009,Milpa Alta,VOLCADURA,0,0,0,2024
2024-10-01,09010,Álvaro Obregón,ATROPELLADO,29,31,0,2024
2024-10-01,09010,Álvaro Obregón,CAIDA DE CICLISTA,1,1,0,2024
2024-10-01,09010,Álvaro Obregón,CAIDA DE PASAJERO,4,4,0,2024
2024-10-01,09010,Álvaro Obregón,CHOQUE,84,95,1,2024
2024-10-01,09010,Álvaro Obregón,DERRAPADO,29,29,0,2024
2024-10-01,09010,Álvaro Obregón,VOLCADURA,4,6,0,2024
2024-10-01,09011,Tláhuac,ATROPELLADO,7,7,0,2024
2024-10-01,09011,Tláhuac,CAIDA DE CICLISTA,1,1,0,2024
2024-10-01,09011,Tláhuac,CAIDA DE PASAJERO,1,1,0,2024
2024-10-01,09011,Tláhuac,CHOQUE,59,85,0,2024
2024-10-01,09011,Tláhuac,DERRAPADO,19,20,1,2024
2024-10-01,09011,Tláhuac,VOLCADURA,1,1,0,2024
2024-10-01,09012,Tlalpan,ATROPELLADO,21,20,1,2024
2024-10-01,09012,Tlalpan,CAIDA DE CICLISTA,1,1,0,2024
2024-10-01,09012,Tlalpan,CAIDA DE PASAJERO,4,10,0,2024
2024-10-01,09012,Tlalpan,CHOQUE,82,104,0,2024
2024-10-01,09012,Tlalpan,DERRAPADO,21,21,1,2024
2024-10-01,09012,Tlalpan,VOLCADURA,3,3,0,2024
2024-10-01,09013,Xochimilco,ATROPELLADO,19,19,0,2024
2024-10-01,09013,Xochimilco,CAIDA DE CICLISTA,3,3,0,2024
2024-10-01,09013,Xochimilco,CAIDA DE PASAJERO,2,2,0,2024
2024-10-01,09013,Xochimilco,CHOQUE,39,48,2,2024
2024-10-01,09013,Xochimilco,DERRAPADO,13,13,0,2024
2024-10-01,09013,Xochimilco,VOLCADURA,1,1,0,2024
2024-10-01,09014,Benito Juárez,ATROPELLADO,37,38,0,2024
2024-10-01,09014,Benito Juárez,CAIDA DE CICLISTA,3,3,0,2024
2024-10-01,09014,Benito Juárez,CAIDA DE PASAJERO,3,3,1,2024
2024-10-01,09014,Benito Juárez,CHOQUE,131,167,1,2024
2024-10-01,09014,Benito Juárez,DERRAPADO,23,23,0,2024
2024-10-01,09014,Benito Juárez,VOLCADURA,4,5,0,2024
2024-10-01,09015,Cuauhtémoc,ATROPELLADO,65,69,1,2024
2024-10-01,09015,Cuauhtémoc,CAIDA DE CICLISTA,17,18,0,2024
2024-10-01,09015,Cuauhtémoc,CAIDA DE PASAJERO,10,18,0,2024
2024-10-01,09015,Cuauhtémoc,CHOQUE,236,297,1,2024
2024-10-01,09015,Cuauhtémoc,DERRAPADO,59,64,0,2024
2024-10-01,09015,Cuauhtémoc,VOLCADURA,3,3,0,2024
2024-10-01,09016,Miguel Hidalgo,ATROPELLADO,27,27,1,2024
2024-10-01,09016,Miguel Hidalgo,CAIDA DE CICLISTA,11,11,0,2024
2024-10-01,09016,Miguel Hidalgo,CAIDA DE PASAJERO,3,3,0,2024
2024-10-01,09016,Miguel Hidalgo,CHOQUE,127,148,3,2024
2024-10-01,09016,Miguel Hidalgo,DERRAPADO,37,42,0,2024
2024-10-01,09016,Miguel Hidalgo,VOLCADURA,3,6,0,2024
2024-10-01,09017,Venustiano Carranza,ATROPELLADO,20,21,2,2024
2024-10-01,09017,Venustiano Carranza,CAIDA DE CICLISTA,3,3,0,2024
2024-10-01,09017,Venustiano Carranza,CAIDA DE PASAJERO,7,10,0,2024
2024-10-01,09017,Venustiano Carranza,CHOQUE,124,156,1,2024
2024-10-01,09017,Venustiano Carranza,DERRAPADO,27,30,0,2024
2024-10-01,09017,Venustiano Carranza,VOLCADURA,4,5,0,2024
2024-11-01,09002,Azcapotzalco,ATROPELLADO,19,22,0,2024
2024-11-01,09002,Azcapotzalco,CAIDA DE CICLISTA,7,7,0,2024
2024-11-01,09002,Azcapotzalco,CAIDA DE PASAJERO,2,2,0,2024
2024-11-01,09002,Azcapotzalco,CHOQUE,88,107,0,2024
2024-11-01,09002,Azcapotzalco,DERRAPADO,19,25,0,2024
2024-11-01,09002,Azcapotzalco,VOLCADURA,2,2,0,2024
2024-11-01,09003,Coyoacán,ATROPELLADO,18,18,0,2024
2024-11-01,09003,Coyoacán,CAIDA DE CICLISTA,3,3,0,2024
2024-11-01,09003,Coyoacán,CAIDA DE PASAJERO,1,1,0,2024
2024-11-01,09003,Coyoacán,CHOQUE,101,132,1,2024
2024-11-01,09003,Coyoacán,DERRAPADO,18,22,0,2024
2024-11-01,09003,Coyoacán,VOLCADURA,3,3,0,2024
2024-11-01,09004,Cuajimalpa de Morelos,ATROPELLADO,7,7,0,2024
2024-11-01,09004,Cuajimalpa de Morelos,CAIDA DE CICLISTA,1,1,0,2024
2024-11-01,09004,Cuajimalpa de Morelos,CAIDA DE PASAJERO,0,0,0,2024
2024-11-01,09004,Cuajimalpa de Morelos,CHOQUE,18,23,0,2024
2024-11-01,09004,Cuajimalpa de Morelos,DERRAPADO,6,5,1,2024
2024-11-01,09004,Cuajimalpa de Morelos,VOLCADURA,2,3,0,2024
2024-11-01,09005,Gustavo A. Madero,ATROPELLADO,50,52,1,2024
2024-11-01,09005,Gustavo A. Madero,CAIDA DE CICLISTA,6,6,0,2024
2024-11-01,09005,Gustavo A. Madero,CAIDA DE PASAJERO,13,18,0,2024
2024-11-01,09005,Gustavo A. Madero,CHOQUE,194,242,2,2024
2024-11-01,09005,Gustavo A. Madero,DERRAPADO,66,74,1,2024
2024-11-01,09005,Gustavo A. Madero,VOLCADURA,3,3,0,2024
2024-11-01,09006,Iztacalco,ATROPELLADO,15,16,1,2024
2024-11-01,09006,Iztacalco,CAIDA DE CICLISTA,1,1,0,2024
2024-11-01,09006,Iztacalco,CAIDA DE PASAJERO,3,3,0,2024
2024-11-01,09006,Iztacalco,CHOQUE,76,103,2,2024
2024-11-01,09006,Iztacalco,DERRAPADO,23,26,0,2024
2024-11-01,09006,Iztacalco,VOLCADURA,2,3,0,2024
2024-11-01,09007,Iztapalapa,ATROPELLADO,68,73,8,2024
2024-11-01,09007,Iztapalapa,CAIDA DE CICLISTA,2,2,0,2024
2024-11-01,09007,Iztapalapa,CAIDA DE PASAJERO,4,4,0,2024
2024-11-01,09007,Iztapalapa,CHOQUE,197,240,4,2024
2024-11-01,09007,Iztapalapa,DERRAPADO,79,90,2,2024
2024-11-01,09007,Iztapalapa,VOLCADURA,6,5,1,2024
2024-11-01,09008,La Magdalena Contreras,ATROPELLADO,4,5,0,2024
2024-11-01,09008,La Magdalena Contreras,CAIDA DE CICLISTA,1,1,0,2024
2024-11-01,09008,La Magdalena Contreras,CAIDA DE PASAJERO,0,0,0,2024
2024-11-01,09008,La Magdalena Contreras,CHOQUE,22,30,0,2024
2024-11-01,09008,La Magdalena Contreras,DERRAPADO,6,6,0,2024
2024-11-01,09008,La Magdalena Contreras,VOLCADURA,2,2,0,2024
2024-11-01,09009,Milpa Alta,ATROPELLADO,4,4,0,2024
2024-11-01,09009,Milpa Alta,CAIDA DE CICLISTA,1,1,0,2024
2024-11-01,09009,Milpa Alta,CAIDA DE PASAJERO,0,0,0,2024
2024-11-01,09009,Milpa Alta,CHOQUE,14,16,1,2024
2024-11-01,09009,Milpa Alta,DERRAPADO,6,6,0,2024
2024-11-01,09009,Milpa Alta,VOLCADURA,3,6,0,2024
2024-11-01,09010,Álvaro Obregón,ATROPELLADO,30,33,0,2024
2024-11-01,09010,Álvaro Obregón,CAIDA DE CICLISTA,5,6,0,2024
2024-11-01,09010,Álvaro Obregón,CAIDA DE PASAJERO,3,4,0,2024
2024-11-01,09010,Álvaro Obregón,CHOQUE,101,113,1,2024
2024-11-01,09010,Álvaro Obregón,DERRAPADO,42,46,1,2024
2024-11-01,09010,Álvaro Obregón,VOLCADURA,4,4,0,2024
2024-11-01,09011,Tláhuac,ATROPELLADO,14,15,0,2024
2024-11-01,09011,Tláhuac,CAIDA DE CICLISTA,3,3,0,2024
2024-11-01,09011,Tláhuac,CAIDA DE PASAJERO,3,4,0,2024
2024-11-01,09011,Tláhuac,CHOQUE,50,72,0,2024
2024-11-01,09011,Tláhuac,DERRAPADO,14,15,0,2024
2024-11-01,09011,Tláhuac,VOLCADURA,0,0,0,2024
2024-11-01,09012,Tlalpan,ATROPELLADO,11,10,1,2024
2024-11-01,09012,Tlalpan,CAIDA DE CICLISTA,3,3,0,2024
2024-11-01,09012,Tlalpan,CAIDA DE PASAJERO,4,3,1,2024
2024-11-01,09012,Tlalpan,CHOQUE,91,103,3,2024
2024-11-01,09012,Tlalpan,DERRAPADO,44,51,1,2024
2024-11-01,09012,Tlalpan,VOLCADURA,7,17,0,2024
2024-11-01,09013,Xochimilco,ATROPELLADO,16,16,0,2024
2024-11-01,09013,Xochimilco,CAIDA DE CICLISTA,1,1,0,2024
2024-11-01,09013,Xochimilco,CAIDA DE PASAJERO,5,7,0,2024
2024-11-01,09013,Xochimilco,CHOQUE,47,57,0,2024
2024-11-01,09013,Xochimilco,DERRAPADO,18,18,1,2024
2024-11-01,09013,Xochimilco,VOLCADURA,3,4,0,2024
2024-11-01,09014,Benito Juárez,ATROPELLADO,25,24,2,2024
2024-11-01,09014,Benito Juárez,CAIDA DE CICLISTA,4,4,0,2024
2024-11-01,09014,Benito Juárez,CAIDA DE PASAJERO,7,9,0,2024
2024-11-01,09014,Benito Juárez,CHOQUE,133,159,2,2024
2024-11-01,09014,Benito Juárez,DERRAPADO,18,20,0,2024
2024-11-01,09014,Benito Juárez,VOLCADURA,2,2,0,2024
2024-11-01,09015,Cuauhtémoc,ATROPELLADO,88,93,3,2024
2024-11-01,09015,Cuauhtémoc,CAIDA DE CICLISTA,15,15,0,2024
2024-11-01,09015,Cuauhtémoc,CAIDA DE PASAJERO,14,18,0,2024
2024-11-01,09015,Cuauhtémoc,CHOQUE,226,276,3,2024
2024-11-01,09015,Cuauhtémoc,DERRAPADO,65,79,0,2024
2024-11-01,09015,Cuauhtémoc,VOLCADURA,2,3,0,2024
2024-11-01,09016,Miguel Hidalgo,ATROPELLADO,27,28,1,2024
2024-11-01,09016,Miguel Hidalgo,CAIDA DE CICLISTA,9,9,0,2024
2024-11-01,09016,Miguel Hidalgo,CAIDA DE PASAJERO,1,1,0,2024
2024-11-01,09016,Miguel Hidalgo,CHOQUE,109,127,1,2024
2024-11-01,09016,Miguel Hidalgo,DERRAPADO,32,35,0,2024
2024-11-01,09016,Miguel Hidalgo,VOLCADURA,4,4,0,2024
2024-11-01,09017,Venustiano Carranza,ATROPELLADO,32,35,1,2024
2024-11-01,09017,Venustiano Carranza,CAIDA DE CICLISTA,1,1,0,2024
2024-11-01,09017,Venustiano Carranza,CAIDA DE PASAJERO,2,2,0,2024
2024-11-01,09017,Venustiano Carranza,CHOQUE,133,161,0,2024
2024-11-01,09017,Venustiano Carranza,DERRAPADO,42,46,1,2024
2024-11-01,09017,Venustiano Carranza,VOLCADURA,7,9,0,2024
2024-12-01,09002,Azcapotzalco,ATROPELLADO,26,27,1,2024
2024-12-01,09002,Azcapotzalco,CAIDA DE CICLISTA,3,4,0,2024
2024-12-01,09002,Azcapotzalco,CAIDA DE PASAJERO,1,1,0,2024
2024-12-01,09002,Azcapotzalco,CHOQUE,81,95,0,2024
2024-12-01,09002,Azcapotzalco,DERRAPADO,13,15,0,2024
2024-12-01,09002,Azcapotzalco,VOLCADURA,0,0,0,2024
2024-12-01,09003,Coyoacán,ATROPELLADO,16,17,1,2024
2024-12-01,09003,Coyoacán,CAIDA DE CICLISTA,1,1,0,2024
2024-12-01,09003,Coyoacán,CAIDA DE PASAJERO,6,6,0,2024
2024-12-01,09003,Coyoacán,CHOQUE,85,100,0,2024
2024-12-01,09003,Coyoacán,DERRAPADO,34,40,2,2024
2024-12-01,09003,Coyoacán,VOLCADURA,3,4,0,2024
2024-12-01,09004,Cuajimalpa de Morelos,ATROPELLADO,2,2,0,2024
2024-12-01,09004,Cuajimalpa de Morelos,CAIDA DE CICLISTA,0,0,0,2024
2024-12-01,09004,Cuajimalpa de Morelos,CAIDA DE PASAJERO,2,2,0,2024
2024-12-01,09004,Cuajimalpa de Morelos,CHOQUE,19,18,2,2024
2024-12-01,09004,Cuajimalpa de Morelos,DERRAPADO,6,6,0,2024
2024-12-01,09004,Cuajimalpa de Morelos,VOLCADURA,3,5,0,2024
2024-12-01,09005,Gustavo A. Madero,ATROPELLADO,38,43,0,2024
2024-12-01,09005,Gustavo A. Madero,CAIDA DE CICLISTA,5,5,0,2024
2024-12-01,09005,Gustavo A. Madero,CAIDA DE PASAJERO,4,7,0,2024
2024-12-01,09005,Gustavo A. Madero,CHOQUE,182,236,4,2024
2024-12-01,09005,Gustavo A. Madero,DERRAPADO,60,66,0,2024
2024-12-01,09005,Gustavo A. Madero,VOLCADURA,4,6,0,2024
2024-12-01,09006,Iztacalco,ATROPELLADO,15,15,2,2024
2024-12-01,09006,Iztacalco,CAIDA DE CICLISTA,1,1,0,2024
2024-12-01,09006,Iztacalco,CAIDA DE PASAJERO,0,0,0,2024
2024-12-01,09006,Iztacalco,CHOQUE,58,72,1,2024
2024-12-01,09006,Iztacalco,DERRAPADO,26,28,1,2024
2024-12-01,09006,Iztacalco,VOLCADURA,0,0,0,2024
2024-12-01,09007,Iztapalapa,ATROPELLADO,66,65,7,2024
2024-12-01,09007,Iztapalapa,CAIDA DE CICLISTA,5,5,0,2024
2024-12-01,09007,Iztapalapa,CAIDA DE PASAJERO,3,9,0,2024
2024-12-01,09007,Iztapalapa,CHOQUE,210,256,9,2024
2024-12-01,09007,Iztapalapa,DERRAPADO,86,94,4,2024
2024-12-01,09007,Iztapalapa,VOLCADURA,4,4,0,2024
2024-12-01,09008,La Magdalena Contreras,ATROPELLADO,5,5,0,2024
2024-12-01,09008,La Magdalena Contreras,CAIDA DE CICLISTA,2,2,0,2024
2024-12-01,09008,La Magdalena Contreras,CAIDA DE PASAJERO,0,0,0,2024
2024-12-01,09008,La Magdalena Contreras,CHOQUE,12,14,1,2024
2024-12-01,09008,La Magdalena Contreras,DERRAPADO,12,14,0,2024
2024-12-01,09008,La Magdalena Contreras,VOLCADURA,0,0,0,2024
2024-12-01,09009,Milpa Alta,ATROPELLADO,3,3,0,2024
2024-12-01,09009,Milpa Alta,CAIDA DE CICLISTA,0,0,0,2024
2024-12-01,09009,Milpa Alta,CAIDA DE PASAJERO,0,0,0,2024
2024-12-01,09009,Milpa Alta,CHOQUE,11,13,0,2024
2024-12-01,09009,Milpa Alta,DERRAPADO,1,1,0,2024
2024-12-01,09009,Milpa Alta,VOLCADURA,0,0,0,2024
2024-12-01,09010,Álvaro Obregón,ATROPELLADO,24,27,0,2024
2024-12-01,09010,Álvaro Obregón,CAIDA DE CICLISTA,2,3,0,2024
2024-12-01,09010,Álvaro Obregón,CAIDA DE PASAJERO,4,4,0,2024
2024-12-01,09010,Álvaro Obregón,CHOQUE,96,116,3,2024
2024-12-01,09010,Álvaro Obregón,DERRAPADO,40,39,1,2024
2024-12-01,09010,Álvaro Obregón,VOLCADURA,6,6,0,2024
2024-12-01,09011,Tláhuac,ATROPELLADO,12,12,1,2024
2024-12-01,09011,Tláhuac,CAIDA DE CICLISTA,0,0,0,2024
2024-12-01,09011,Tláhuac,CAIDA DE PASAJERO,2,2,0,2024
2024-12-01,09011,Tláhuac,CHOQUE,45,55,0,2024
2024-12-01,09011,Tláhuac,DERRAPADO,11,10,1,2024
2024-12-01,09011,Tláhuac,VOLCADURA,3,4,0,2024
2024-12-01,09012,Tlalpan,ATROPELLADO,21,19,2,2024
2024-12-01,09012,Tlalpan,CAIDA DE CICLISTA,0,0,0,2024
2024-12-01,09012,Tlalpan,CAIDA DE PASAJERO,2,2,0,2024
2024-12-01,09012,Tlalpan,CHOQUE,79,90,0,2024
2024-12-01,09012,Tlalpan,DERRAPADO,29,32,0,2024
2024-12-01,09012,Tlalpan,VOLCADURA,3,3,0,2024
2024-12-01,09013,Xochimilco,ATROPELLADO,18,19,1,2024
2024-12-01,09013,Xochimilco,CAIDA DE CICLISTA,3,3,0,2024
2024-12-01,09013,Xochimilco,CAIDA DE PASAJERO,2,2,0,2024
2024-12-01,09013,Xochimilco,CHOQUE,47,48,0,2024
2024-12-01,09013,Xochimilco,DERRAPADO,25,26,1,2024
2024-12-01,09013,Xochimilco,VOLCADURA,2,3,0,2024
2024-12-01,09014,Benito Juárez,ATROPELLADO,34,38,0,2024
2024-12-01,09014,Benito Juárez,CAIDA DE CICLISTA,4,4,0,2024
2024-12-01,09014,Benito Juárez,CAIDA DE PASAJERO,6,12,0,2024
2024-12-01,09014,Benito Juárez,CHOQUE,113,136,0,2024
2024-12-01,09014,Benito Juárez,DERRAPADO,29,31,0,2024
2024-12-01,09014,Benito Juárez,VOLCADURA,3,3,0,2024
2024-12-01,09015,Cuauhtémoc,ATROPELLADO,67,70,3,2024
2024-12-01,09015,Cuauhtémoc,CAIDA DE CICLISTA,17,17,0,2024
2024-12-01,09015,Cuauhtémoc,CAIDA DE PASAJERO,8,19,0,2024
2024-12-01,09015,Cuauhtémoc,CHOQUE,202,246,1,2024
2024-12-01,09015,Cuauhtémoc,DERRAPADO,70,78,0,2024
2024-12-01,09015,Cuauhtémoc,VOLCADURA,6,6,0,2024
2024-12-01,09016,Miguel Hidalgo,ATROPELLADO,25,27,0,2024
2024-12-01,09016,Miguel Hidalgo,CAIDA DE CICLISTA,8,8,0,2024
2024-12-01,09016,Miguel Hidalgo,CAIDA DE PASAJERO,4,4,0,2024
2024-12-01,09016,Miguel Hidalgo,CHOQUE,147,178,2,2024
2024-12-01,09016,Miguel Hidalgo,DERRAPADO,49,52,2,2024
2024-12-01,09016,Miguel Hidalgo,VOLCADURA,6,7,0,2024
2024-12-01,09017,Venustiano Carranza,ATROPELLADO,26,26,8,2024
2024-12-01,09017,Venustiano Carranza,CAIDA DE CICLISTA,3,3,0,2024
2024-12-01,09017,Venustiano Carranza,CAIDA DE PASAJERO,1,2,0,2024
2024-12-01,09017,Venustiano Carranza,CHOQUE,89,110,2,2024
2024-12-01,09017,Venustiano Carranza,DERRAPADO,55,59,0,2024
2024-12-01,09017,Venustiano Carranza,VOLCADURA,2,3,0,2024
